age,gender,blood_pressure,cholesterol,bmi,diabetes,hypertension,medication_count,length_of_stay,discharge_destination,actual_readmission,predicted_readmission,readmission_probability
89,Male,130/96,233,35.1,Yes,Yes,10,7,Home,0,0,0.4829341714580142
48,Male,128/92,271,19.7,No,No,1,2,Nursing_Facility,0,1,0.5652880322367273
27,Other,136/82,196,29.8,No,Yes,7,4,Home,0,0,0.43489557424772485
62,Male,136/84,166,32.4,No,Yes,2,6,Nursing_Facility,0,1,0.5657776390275753
38,Male,126/84,273,19.1,Yes,Yes,4,9,Home,0,1,0.5013813296529795
41,Male,158/88,240,37.3,No,Yes,4,9,Nursing_Facility,0,1,0.5589685635114773
77,Other,126/70,197,28.9,No,Yes,8,10,Home,0,0,0.44808181751469106
78,Other,110/94,187,37.6,Yes,No,9,4,Nursing_Facility,0,1,0.5881376569466178
22,Male,150/80,173,34.5,No,No,1,5,Home,0,0,0.4050791267478349
20,Male,133/71,219,34.9,Yes,Yes,0,6,Home,0,0,0.4516241612245992
18,Male,157/89,220,26.8,Yes,Yes,4,5,Home,0,0,0.4708127714223607
58,Female,153/74,253,38.5,No,No,5,10,Rehab,0,1,0.5541936332949494
48,Male,156/97,287,24.1,Yes,No,10,5,Home,0,0,0.4599288566307641
54,Other,153/75,197,19.2,No,No,2,2,Home,0,0,0.43377876988527864
63,Other,150/89,160,19.5,No,No,7,8,Home,0,0,0.4086789731699289
55,Other,119/86,210,35.0,No,No,3,9,Home,0,0,0.40012533741857703
77,Male,116/70,234,27.7,Yes,Yes,4,9,Home,1,0,0.4760721585877799
29,Other,120/98,172,32.8,Yes,No,7,7,Home,0,0,0.4353912142391749
88,Other,139/75,300,31.1,Yes,No,8,6,Home,0,0,0.457161028002756
36,Male,147/93,255,39.4,No,No,3,2,Nursing_Facility,0,1,0.529295670573355
26,Other,111/77,238,19.6,Yes,Yes,5,8,Home,0,0,0.4961128866142059
56,Other,124/73,255,21.7,Yes,No,8,2,Home,0,0,0.45374873223938395
28,Female,160/100,268,22.7,No,No,8,4,Home,0,0,0.4091792461534567
60,Female,116/72,288,25.3,Yes,No,9,1,Home,0,0,0.4672909567250255
80,Other,146/80,252,25.0,Yes,No,2,1,Rehab,1,1,0.6095036662183944
51,Other,160/88,174,27.0,Yes,No,1,2,Home,0,0,0.44018637984694065
31,Other,114/86,187,25.7,No,No,3,4,Home,0,0,0.4125902973547345
23,Other,118/84,177,31.8,No,No,1,7,Rehab,0,1,0.5534310334446174
67,Other,148/72,216,20.0,No,Yes,6,4,Home,0,0,0.46276525715247474
35,Female,117/80,228,21.5,Yes,No,4,2,Rehab,0,1,0.6085881963575174
78,Male,151/71,290,28.8,Yes,Yes,0,8,Home,0,0,0.48816623414586324
22,Female,126/80,199,39.4,Yes,No,8,1,Home,1,0,0.4190719561938879
72,Other,134/81,227,39.9,Yes,Yes,6,3,Home,0,0,0.46615352047750513
41,Other,122/79,279,24.2,No,Yes,8,6,Home,0,0,0.4584840324411295
66,Other,121/78,233,32.0,Yes,No,3,6,Rehab,0,1,0.597685342179672
88,Female,144/85,277,38.5,No,Yes,1,4,Home,0,0,0.4274971221360885
32,Male,145/93,231,35.4,Yes,No,5,1,Rehab,0,1,0.5876208822737
53,Male,113/94,298,37.4,No,No,3,3,Nursing_Facility,0,1,0.5411751180704821
23,Male,120/89,276,32.6,No,No,4,5,Home,0,0,0.3978588571941306
20,Other,117/77,269,28.6,Yes,Yes,8,3,Home,0,1,0.5014685718116995
44,Male,125/95,273,36.4,No,Yes,9,1,Home,0,0,0.4474034508387005
55,Male,136/72,189,21.7,Yes,No,6,4,Home,0,0,0.4429218677728917
38,Other,142/75,257,38.2,No,No,8,8,Rehab,0,1,0.5528426055574286
61,Other,153/100,195,39.3,No,Yes,1,8,Home,0,0,0.42632317715971907
85,Female,142/72,226,35.3,Yes,Yes,8,9,Home,1,0,0.4588970620525864
71,Female,151/81,225,25.5,No,Yes,9,5,Nursing_Facility,0,1,0.579651553403944
37,Male,135/72,272,33.3,No,No,8,2,Home,0,0,0.39748855843803277
61,Female,128/99,241,35.5,Yes,No,7,6,Rehab,0,1,0.5946283691699985
69,Male,117/85,250,29.6,Yes,Yes,2,2,Rehab,0,1,0.6297373632851594
25,Male,112/92,169,21.8,Yes,No,8,1,Rehab,0,1,0.5975469932369118
47,Male,122/74,211,33.8,Yes,No,0,4,Rehab,0,1,0.5940765341845963
66,Female,115/84,205,21.6,Yes,No,3,8,Home,0,0,0.4450193837181292
37,Other,138/83,177,35.0,Yes,Yes,8,4,Home,0,0,0.47421820287469946
31,Female,120/77,263,31.8,No,Yes,4,4,Home,0,0,0.43832878099127714
18,Other,134/92,232,22.9,No,Yes,3,9,Home,0,0,0.4492441804383884
33,Other,144/71,169,36.2,No,Yes,8,2,Home,0,0,0.44518066306083853
47,Female,156/75,209,25.2,Yes,No,5,6,Rehab,1,1,0.5907924355605595
86,Other,150/82,278,34.3,No,Yes,0,8,Home,0,0,0.44031724759167196
20,Other,124/81,219,38.6,No,No,2,1,Nursing_Facility,1,1,0.5462487078895959
59,Male,111/72,240,32.0,No,Yes,1,10,Home,1,0,0.42986533988916564
38,Other,149/91,299,30.8,Yes,No,2,1,Home,0,0,0.44790609012854427
34,Other,113/90,162,22.4,No,No,4,6,Home,0,0,0.4077086179207566
88,Other,156/79,299,23.4,Yes,No,8,4,Home,0,0,0.46705541114777505
33,Other,141/84,300,32.7,No,Yes,5,2,Home,0,0,0.44805965651430535
34,Female,116/84,297,39.8,No,No,4,5,Home,0,0,0.39723957677013305
84,Female,152/96,242,20.3,No,No,0,10,Home,0,0,0.4083789666912404
59,Other,158/78,190,38.7,No,Yes,7,9,Home,1,0,0.4214994341205679
65,Male,143/85,291,21.9,Yes,No,4,3,Home,0,0,0.4544547612365892
47,Male,111/89,158,36.7,Yes,No,10,10,Home,0,0,0.41927115992295555
56,Other,120/100,289,39.5,No,Yes,4,1,Nursing_Facility,0,1,0.5823992149500283
49,Female,134/89,196,34.7,Yes,Yes,2,4,Home,0,0,0.4688226622742557
52,Female,132/91,159,33.5,No,Yes,6,4,Home,1,0,0.4287658641257472
34,Male,137/96,289,18.9,No,No,0,10,Rehab,0,1,0.5898510614947906
74,Female,151/94,189,34.4,No,Yes,1,3,Home,0,0,0.4279804118936591
29,Other,120/92,192,23.0,No,No,1,3,Home,0,0,0.41555740074612707
86,Other,146/94,203,38.6,No,Yes,3,5,Home,0,0,0.42491139214820917
79,Male,160/82,196,32.4,No,Yes,1,10,Home,0,0,0.4222183277874462
56,Other,117/99,233,25.7,No,No,2,4,Rehab,0,1,0.571757619598078
79,Other,140/79,213,28.7,No,No,1,2,Home,0,0,0.4109446164457832
66,Male,145/76,299,18.9,Yes,Yes,10,9,Rehab,0,1,0.6538146473625819
72,Male,126/74,242,22.3,Yes,No,1,8,Home,0,0,0.44762176315343827
38,Male,114/97,154,31.0,Yes,No,1,3,Rehab,1,1,0.5830747209431355
30,Female,153/100,211,24.7,No,Yes,4,7,Home,0,0,0.44572052335131096
64,Male,136/95,206,34.5,No,Yes,5,3,Rehab,0,1,0.5856306392605657
48,Other,144/94,195,25.1,No,Yes,7,3,Home,0,0,0.46059032070055256
47,Female,124/78,249,38.1,Yes,No,8,5,Home,0,0,0.41938675674155423
53,Other,120/97,258,26.5,Yes,No,8,9,Home,0,0,0.4626829622499373
41,Female,160/83,232,31.5,Yes,Yes,8,10,Home,0,0,0.46216572679895734
45,Female,113/87,167,22.7,Yes,Yes,1,1,Home,1,0,0.4715485710673509
32,Female,147/91,150,26.9,No,Yes,0,3,Home,0,0,0.4366767552586602
57,Female,126/90,155,20.9,Yes,No,2,1,Home,0,0,0.44625313631217056
37,Male,112/84,191,33.5,No,No,6,3,Home,0,0,0.4025657654297771
76,Male,134/84,159,30.6,No,No,3,6,Home,0,0,0.4009440005023739
61,Other,127/89,300,21.2,Yes,Yes,8,6,Rehab,0,1,0.6619859710955223
33,Male,159/82,271,26.3,Yes,Yes,0,2,Home,0,0,0.47909914843720797
48,Male,139/94,217,32.6,No,Yes,3,4,Rehab,0,1,0.5926749381012214
71,Other,135/90,208,24.6,No,Yes,0,8,Home,0,0,0.4480861454586614
41,Other,110/94,273,28.4,No,No,8,9,Home,0,0,0.4330489225333756
20,Male,150/85,214,32.2,No,No,1,9,Nursing_Facility,0,1,0.5253291145460328
48,Male,129/95,156,19.0,No,Yes,2,9,Rehab,0,1,0.5918580276220251
24,Other,148/78,207,19.1,Yes,Yes,8,8,Home,0,0,0.4915819640992621
27,Female,130/80,150,32.7,No,Yes,6,10,Nursing_Facility,0,1,0.5571516391286313
21,Other,114/71,269,21.5,No,No,2,3,Rehab,0,1,0.5832962047134372
57,Female,159/84,159,24.5,Yes,Yes,2,2,Home,0,0,0.47621141270639805
85,Male,149/100,253,30.6,Yes,No,0,7,Home,0,0,0.4408849405131504
20,Female,136/99,205,35.9,No,No,7,9,Home,0,0,0.37836727077637367
81,Male,147/79,246,27.2,Yes,Yes,1,10,Home,0,0,0.47782548906985206
77,Female,113/83,197,30.3,Yes,Yes,1,3,Home,0,0,0.47639957203421796
60,Other,146/88,199,26.0,No,No,6,9,Home,0,0,0.4082818011429017
24,Male,149/85,212,25.8,Yes,Yes,0,6,Home,0,0,0.4848761101029271
87,Male,112/97,186,31.7,No,Yes,10,3,Rehab,0,1,0.5926574037908608
78,Other,145/100,236,24.8,No,Yes,4,3,Home,0,0,0.4574589266435829
63,Female,140/87,272,35.5,No,Yes,0,1,Rehab,0,1,0.5940075387613817
84,Male,150/76,226,25.0,No,Yes,2,10,Rehab,0,1,0.6071520389747491
74,Male,155/76,166,32.9,No,No,6,9,Home,1,0,0.3863531612351205
56,Female,120/84,213,21.4,No,Yes,7,6,Rehab,0,1,0.6042902993447002
60,Other,143/70,217,22.6,Yes,Yes,0,5,Home,0,0,0.4752916104011177
73,Female,134/93,173,32.6,No,No,3,9,Home,0,0,0.386368746574988
75,Other,144/82,233,19.6,No,Yes,0,2,Home,0,0,0.45495935974794444
32,Male,123/81,160,22.9,Yes,Yes,9,4,Home,0,0,0.4890930441670098
23,Female,112/93,249,25.3,Yes,No,8,3,Rehab,0,1,0.6122487893808498
34,Male,127/77,263,20.2,Yes,Yes,0,9,Rehab,1,1,0.6527723343478238
73,Other,146/80,269,34.8,Yes,No,6,6,Rehab,0,1,0.5962626552244242
28,Female,118/100,269,29.4,No,No,3,2,Rehab,0,1,0.5759602809842925
50,Female,129/76,239,38.7,Yes,Yes,2,5,Home,1,0,0.4550245092483246
62,Male,150/76,181,27.8,Yes,No,0,4,Rehab,1,1,0.5989363382318953
74,Other,139/85,196,20.9,Yes,Yes,6,9,Nursing_Facility,0,1,0.6248251154793065
21,Female,132/85,300,26.6,No,No,10,2,Rehab,0,1,0.5738311473882584
34,Other,125/72,232,22.8,No,No,0,10,Home,0,0,0.4163465251298265
46,Male,142/89,289,22.2,Yes,No,3,7,Home,0,0,0.44318109981148707
61,Female,127/93,158,32.0,Yes,Yes,4,9,Home,0,0,0.46428671880727845
73,Other,133/94,162,21.9,Yes,Yes,0,6,Home,0,0,0.4773722523995171
72,Female,110/85,267,18.0,Yes,Yes,6,3,Rehab,0,1,0.6579511195316037
37,Female,148/85,277,25.1,Yes,No,8,8,Home,0,0,0.4540301044451321
36,Female,149/75,223,23.4,No,No,4,1,Home,1,0,0.404585159606293
24,Male,137/81,186,32.8,Yes,No,6,3,Home,0,0,0.42729482375328814
36,Other,129/77,288,20.1,Yes,No,3,4,Nursing_Facility,0,1,0.6079824038253636
26,Female,150/84,150,34.4,Yes,No,6,9,Home,0,0,0.4093933031098049
66,Male,128/87,221,30.2,No,No,1,3,Home,0,0,0.3997425001719845
40,Female,128/83,221,28.1,No,No,1,10,Home,0,0,0.40844190046092044
77,Male,112/97,242,39.0,Yes,Yes,6,9,Home,0,0,0.4584646991729525
89,Other,130/95,208,39.8,No,Yes,8,10,Home,0,0,0.42996878136507743
23,Male,115/71,230,29.1,No,No,5,6,Rehab,0,1,0.5536614653237065
85,Other,149/79,184,25.3,No,Yes,4,4,Home,0,0,0.4393026161291779
24,Other,155/95,203,24.2,No,No,0,3,Nursing_Facility,0,1,0.5493412809028765
31,Female,123/73,233,19.1,No,No,0,7,Home,0,0,0.4080519789069398
53,Female,136/96,193,39.2,Yes,No,10,7,Home,0,0,0.423493164163126
70,Male,115/100,299,36.0,No,Yes,3,7,Home,0,0,0.43544739757615253
54,Female,143/83,164,18.9,Yes,Yes,1,3,Home,0,0,0.4838399672368043
78,Other,155/91,205,35.6,Yes,No,6,7,Home,0,0,0.42883667273826154
48,Female,128/94,278,32.5,No,Yes,1,10,Home,0,0,0.42837334212786954
73,Male,155/79,163,20.7,Yes,Yes,9,5,Nursing_Facility,0,1,0.6140072813327021
30,Female,124/97,232,37.8,Yes,No,4,5,Home,0,0,0.43585017820464916
39,Other,116/96,249,23.7,Yes,No,9,3,Home,1,0,0.45488361746570943
22,Female,158/88,164,35.1,No,No,2,8,Home,0,0,0.3792790436123916
60,Female,121/98,259,28.8,Yes,No,8,5,Rehab,0,1,0.6062545932523603
42,Other,136/81,284,33.4,No,Yes,6,6,Home,0,0,0.4507122073303628
19,Female,110/95,192,24.6,No,No,9,8,Home,0,0,0.41972204071584845
52,Female,134/74,253,23.8,No,No,0,8,Nursing_Facility,0,1,0.552490879140833
70,Female,150/72,175,34.0,Yes,Yes,3,1,Home,0,0,0.4800996990758733
35,Female,122/74,215,31.6,Yes,Yes,10,7,Home,0,0,0.47762930561110634
69,Female,123/91,280,35.9,Yes,No,7,9,Home,0,0,0.426475054262392
87,Female,131/95,203,23.8,Yes,Yes,3,3,Home,0,0,0.4811352010552536
62,Other,146/97,166,26.7,Yes,No,6,4,Rehab,0,1,0.5945604550506357
60,Male,122/92,162,31.2,Yes,No,8,6,Rehab,0,1,0.5824793528783965
61,Female,115/79,283,18.7,Yes,No,5,4,Home,0,0,0.4555574060349173
88,Other,138/98,160,33.4,Yes,No,3,4,Home,1,0,0.4375035008927811
69,Female,130/83,194,28.7,Yes,Yes,6,1,Home,0,0,0.46412944298738823
55,Female,139/97,279,34.9,No,Yes,4,1,Nursing_Facility,0,1,0.5852719271115014
36,Female,138/86,165,19.2,Yes,No,3,8,Home,0,0,0.4424521270529437
42,Female,159/96,252,34.1,No,Yes,9,4,Home,0,0,0.43812765144527627
72,Female,121/97,247,29.5,Yes,Yes,8,4,Home,0,0,0.4870645916156652
51,Male,129/78,252,25.1,Yes,No,7,3,Home,0,0,0.4527416989005202
77,Male,129/95,184,26.8,No,No,6,7,Rehab,0,1,0.5541355301646215
68,Other,155/88,178,21.7,Yes,Yes,3,1,Rehab,0,1,0.6496213824896352
55,Other,145/77,239,18.5,Yes,No,10,4,Rehab,0,1,0.6324670979334556
61,Other,119/82,297,21.1,No,No,3,9,Home,0,0,0.42933991362738927
47,Other,136/94,172,21.2,No,No,9,4,Home,0,0,0.4186709945252072
32,Other,158/90,290,33.3,No,Yes,2,6,Home,0,0,0.4464810503812408
90,Male,111/77,210,37.1,Yes,No,0,4,Home,1,0,0.42642587998058784
84,Male,151/89,156,39.0,Yes,No,6,1,Home,0,0,0.4255729088113701
26,Female,151/83,164,22.3,Yes,Yes,6,9,Home,0,0,0.48472258951563924
71,Other,137/99,244,24.5,No,Yes,10,3,Home,0,0,0.46798754030334105
60,Male,141/86,289,38.6,No,Yes,6,4,Home,0,0,0.4427868865464126
35,Male,143/95,183,28.8,No,No,6,3,Home,0,0,0.3941943917054394
65,Other,127/99,243,23.5,Yes,Yes,10,9,Home,0,1,0.51755210343995
34,Male,139/77,184,36.8,No,No,4,7,Home,0,0,0.374992151523973
79,Male,116/93,181,19.2,No,Yes,2,6,Home,0,0,0.4392419172288956
62,Female,148/85,218,26.9,Yes,Yes,6,2,Home,0,0,0.48108884145699965
56,Female,130/70,260,27.0,No,Yes,10,9,Home,0,0,0.44755539389498994
87,Male,126/75,230,25.5,Yes,Yes,3,10,Home,0,0,0.4654634045152019
68,Other,129/90,232,38.9,Yes,No,1,10,Home,0,0,0.4276832952937681
62,Male,146/87,209,37.4,Yes,Yes,10,4,Nursing_Facility,0,1,0.5954956759569917
27,Other,121/99,278,32.5,Yes,Yes,7,2,Rehab,0,1,0.6376244232577528
43,Male,118/93,197,24.0,Yes,Yes,7,7,Home,0,0,0.4683700157046315
84,Female,129/77,229,30.3,Yes,No,9,9,Home,0,0,0.44161606335863823
35,Other,138/97,164,26.3,No,Yes,10,6,Home,0,0,0.44067452474550695
40,Male,110/86,151,18.0,No,No,5,8,Rehab,0,1,0.57690050314174
68,Female,156/83,162,23.0,Yes,No,4,8,Home,0,0,0.4448373603633218
51,Male,115/82,278,23.2,No,Yes,1,3,Home,0,0,0.4446015205473413
74,Other,113/86,245,20.8,Yes,No,9,1,Home,0,0,0.45924812279978966
21,Male,145/72,198,36.3,Yes,Yes,5,8,Home,0,0,0.45295560699429915
51,Other,139/98,269,20.3,Yes,No,7,5,Home,0,0,0.45667546384959906
84,Female,128/86,221,27.5,No,Yes,10,3,Home,1,0,0.455459550400853
22,Other,112/75,193,25.8,Yes,No,10,2,Home,0,0,0.44709575963848264
24,Other,140/87,160,21.7,Yes,Yes,4,7,Home,0,0,0.4790551140239323
61,Male,153/79,291,20.5,Yes,No,6,6,Home,0,0,0.47333128391507684
67,Female,126/80,258,31.3,No,No,10,7,Rehab,1,1,0.5640647361857536
85,Female,149/91,197,39.4,Yes,No,8,7,Rehab,0,1,0.5779801764687387
21,Female,123/72,288,32.9,Yes,No,3,2,Nursing_Facility,0,1,0.5944899586147555
86,Male,143/76,169,22.7,Yes,Yes,6,7,Home,1,0,0.4733514365963611
63,Female,114/96,286,34.9,Yes,Yes,7,1,Home,0,0,0.47064676078717305
66,Male,153/76,199,34.1,Yes,No,6,6,Nursing_Facility,0,1,0.5751366914602762
24,Male,123/91,293,20.4,Yes,No,1,3,Nursing_Facility,0,1,0.5887956842451147
31,Male,112/72,209,18.9,Yes,Yes,7,7,Nursing_Facility,1,1,0.6283201064659056
36,Other,116/81,165,39.1,Yes,Yes,1,3,Home,0,0,0.45746191861490876
47,Female,140/70,177,36.9,No,Yes,7,3,Home,0,0,0.4303093162055445
55,Other,126/80,299,38.1,No,No,10,4,Rehab,0,1,0.5653187846589898
41,Female,135/71,195,26.9,No,Yes,10,4,Home,0,0,0.4450536060319763
67,Male,126/77,228,24.8,No,No,9,10,Home,0,0,0.4197896726095896
34,Other,127/72,249,18.8,No,Yes,4,3,Home,0,0,0.4662095498153294
48,Male,132/95,250,32.2,No,No,5,3,Home,0,0,0.39887815530707954
56,Female,142/73,197,35.3,No,Yes,6,6,Rehab,1,1,0.5894791097802154
39,Other,116/73,180,28.8,No,Yes,1,2,Rehab,1,1,0.5996523224616284
60,Female,138/90,225,39.8,Yes,No,6,4,Home,0,0,0.41993908000947694
71,Male,129/74,208,25.4,No,Yes,10,7,Home,0,0,0.4494004096209249
60,Other,117/83,218,30.9,Yes,No,8,1,Home,0,0,0.44197025912614707
72,Female,157/82,157,34.8,Yes,Yes,8,3,Home,0,0,0.4582848970779989
23,Female,140/93,219,26.2,No,No,7,6,Rehab,0,1,0.5743348456578198
60,Male,137/86,230,21.0,No,Yes,1,10,Home,0,0,0.45687530329631704
49,Male,157/97,285,30.6,Yes,No,10,5,Home,1,0,0.4441644594578135
27,Female,160/91,159,29.5,Yes,Yes,8,6,Home,0,0,0.4663262285139495
70,Female,155/95,214,34.1,No,No,2,9,Rehab,0,1,0.5487218924326988
45,Female,132/84,283,29.2,Yes,No,3,8,Home,0,0,0.43969272657333713
28,Female,148/89,263,39.3,No,Yes,5,2,Home,0,0,0.42326470966903457
60,Female,154/78,270,24.9,Yes,No,10,9,Home,0,0,0.4585091645137016
46,Male,119/75,276,38.0,Yes,No,6,8,Home,0,0,0.4333852184369295
20,Male,120/91,254,34.1,No,No,1,10,Home,1,0,0.39271706822420743
62,Other,146/78,186,32.3,Yes,Yes,3,8,Home,1,0,0.46608848327205754
26,Male,148/80,190,28.1,No,Yes,0,6,Home,0,0,0.4356824113276447
23,Female,127/80,287,19.1,Yes,No,4,1,Home,0,0,0.4702429779384014
21,Female,151/71,269,28.9,No,Yes,4,8,Nursing_Facility,0,1,0.5925247960830896
65,Male,133/79,227,33.4,Yes,No,6,1,Home,0,0,0.4311093927264071
34,Other,126/89,233,24.6,No,No,5,7,Home,0,0,0.42888909230828237
52,Female,126/72,152,30.1,Yes,No,8,8,Rehab,0,1,0.6048588455442938
61,Female,133/70,221,23.2,No,No,5,2,Rehab,0,1,0.5695327568944345
25,Male,116/89,256,37.4,Yes,Yes,1,6,Home,0,0,0.4550000763809323
26,Other,144/98,204,23.6,No,Yes,7,6,Home,0,0,0.4458241442509447
64,Other,131/96,257,28.9,No,Yes,8,4,Home,0,0,0.44883136955287384
74,Female,116/95,210,26.9,Yes,No,7,5,Home,0,0,0.4476664145107659
56,Other,135/96,177,23.5,Yes,No,8,4,Home,0,0,0.4537543871004019
80,Male,144/93,162,37.7,No,No,7,6,Home,0,0,0.40514503530937096
80,Female,117/95,160,24.4,No,Yes,10,9,Nursing_Facility,0,1,0.5800802919738228
68,Female,156/93,235,29.7,Yes,No,7,7,Rehab,0,1,0.6098816938934941
34,Female,151/86,187,29.5,Yes,Yes,3,6,Rehab,0,1,0.6202826094220701
27,Female,154/86,219,18.1,Yes,No,6,7,Home,0,0,0.45732032392517014
22,Other,143/77,252,21.3,No,Yes,1,4,Rehab,0,1,0.6187168338071667
61,Male,131/94,288,21.9,No,Yes,0,1,Rehab,0,1,0.6066190427860196
32,Male,136/100,237,38.3,No,No,4,6,Home,0,0,0.3823003968040615
19,Other,141/96,281,25.5,Yes,No,7,4,Home,0,0,0.4537814439975996
22,Other,141/86,225,26.2,Yes,Yes,8,6,Nursing_Facility,0,1,0.6330264110516328
79,Female,116/76,168,18.5,No,Yes,8,4,Home,0,0,0.44536078338175006
70,Other,135/74,207,38.5,Yes,No,2,7,Home,1,0,0.41444310293308884
75,Male,141/89,151,31.6,Yes,Yes,6,4,Home,0,0,0.4674999016784067
42,Other,156/100,152,26.6,Yes,No,4,6,Home,1,0,0.4287950107015915
18,Male,134/80,153,27.5,No,No,7,6,Rehab,0,1,0.5567990082016483
55,Other,138/72,220,24.9,No,Yes,0,8,Home,0,0,0.44047581051828216
81,Female,128/85,170,27.3,No,Yes,10,3,Home,0,0,0.4406313506524877
90,Female,115/79,256,38.6,Yes,No,6,5,Rehab,1,1,0.5824860245514318
67,Female,110/83,162,30.6,No,Yes,8,3,Home,0,0,0.4316022352472572
60,Male,131/86,174,24.5,Yes,No,9,5,Home,0,0,0.4422319328106836
41,Male,112/80,263,20.9,No,Yes,7,6,Rehab,0,1,0.6162772311487345
41,Female,148/72,217,32.0,No,Yes,2,4,Rehab,0,1,0.5950801906972802
20,Female,127/91,243,38.3,No,No,8,9,Nursing_Facility,0,1,0.533665745600026
66,Other,122/73,215,33.8,Yes,Yes,5,9,Home,1,0,0.47415931478951984
38,Female,128/81,273,39.6,Yes,No,6,4,Home,0,0,0.4303841065847739
64,Female,152/70,279,18.5,Yes,No,7,9,Rehab,0,1,0.6243062179095836
55,Male,112/77,203,18.4,Yes,No,7,3,Home,1,0,0.45510141203726173
48,Female,136/99,284,34.8,No,Yes,0,5,Rehab,0,1,0.582093961612938
82,Male,113/99,204,25.7,No,No,10,5,Home,0,0,0.4181812509418781
77,Male,121/77,164,18.2,No,Yes,10,4,Home,0,0,0.43988743450389756
34,Female,144/73,195,39.5,No,No,8,9,Home,0,0,0.37463713901079976
24,Female,116/92,253,19.1,No,Yes,10,7,Home,1,0,0.4593680544814852
37,Male,121/85,162,22.2,No,Yes,3,8,Nursing_Facility,0,1,0.588653293118148
22,Other,112/86,219,35.6,Yes,Yes,0,6,Home,0,0,0.46365601453222133
71,Male,129/71,251,38.8,No,No,9,7,Nursing_Facility,0,1,0.5271523035924655
90,Female,151/72,218,24.6,No,No,0,3,Nursing_Facility,0,1,0.5543836388401127
86,Female,140/81,207,22.5,Yes,Yes,8,4,Home,0,0,0.48338657535092205
53,Male,133/77,236,24.8,Yes,Yes,6,9,Home,0,0,0.48838462113322195
20,Male,120/82,151,25.0,No,No,0,6,Rehab,0,1,0.5667859168296127
89,Male,153/87,255,24.6,Yes,No,5,10,Nursing_Facility,0,1,0.5855516082810277
62,Female,113/96,189,28.1,Yes,Yes,0,10,Home,0,0,0.4729941233481631
42,Female,122/79,166,36.5,No,Yes,6,7,Home,0,0,0.41840198727255357
39,Female,159/81,185,32.2,No,No,4,4,Home,0,0,0.4033250766642964
89,Female,142/76,167,25.7,No,No,0,10,Home,0,0,0.4000909587471741
89,Other,112/98,282,22.5,Yes,No,6,6,Home,0,0,0.4667277753509821
31,Other,146/87,227,23.3,Yes,Yes,7,1,Home,0,0,0.48486006342455773
26,Male,120/97,234,25.3,No,Yes,5,2,Home,0,0,0.4542004058047621
61,Male,157/77,220,37.9,No,No,5,7,Home,0,0,0.3842805647830249
61,Female,153/89,190,20.1,No,No,1,7,Home,0,0,0.40964410901611714
19,Female,121/71,271,37.1,No,No,5,2,Rehab,1,1,0.5653668831417866
73,Female,159/92,178,29.7,Yes,Yes,6,1,Home,0,0,0.4742353943804368
66,Female,141/86,191,20.4,Yes,Yes,10,2,Home,1,0,0.49831847685521613
70,Male,130/96,163,19.3,Yes,No,3,4,Home,0,0,0.4611398248495911
60,Male,157/76,268,26.3,No,Yes,7,7,Home,0,0,0.4537667509118684
33,Other,127/92,258,19.4,Yes,No,3,4,Home,0,0,0.46964235016096983
18,Female,157/70,153,25.8,Yes,No,7,5,Home,1,0,0.43410214594544444
69,Female,157/92,178,34.2,Yes,Yes,4,8,Rehab,0,1,0.6229575190108287
84,Other,160/84,217,36.1,Yes,Yes,1,2,Home,0,0,0.46747317936415017
59,Female,110/82,228,18.3,Yes,Yes,5,7,Home,0,0,0.47677944784490517
38,Female,131/74,184,23.1,Yes,No,2,8,Home,0,0,0.4403130125503264
73,Other,114/78,225,34.7,No,No,8,9,Rehab,0,1,0.5494994985919497
87,Female,148/81,205,38.6,Yes,Yes,8,1,Home,0,0,0.4580049621990395
77,Other,157/86,257,21.0,No,Yes,5,7,Rehab,0,1,0.6199553817158053
65,Male,115/95,263,39.1,Yes,No,0,10,Rehab,0,1,0.5894641355780533
66,Other,127/88,238,19.3,No,Yes,0,3,Home,0,0,0.46004791607680745
30,Female,135/71,280,31.6,Yes,No,2,2,Home,0,0,0.44580314710420627
25,Male,125/75,158,35.3,No,Yes,10,5,Home,0,0,0.4181659051704404
71,Female,159/80,293,29.8,Yes,Yes,4,6,Home,0,0,0.47182230031414374
57,Other,118/90,201,18.6,Yes,Yes,2,6,Home,0,0,0.4869418903599945
44,Female,137/72,222,20.5,No,Yes,8,9,Home,0,0,0.44365320364849764
19,Female,158/97,225,30.2,No,Yes,7,10,Home,0,0,0.4460098384056197
26,Other,113/78,252,25.4,No,No,5,1,Home,0,0,0.4223428059105005
83,Other,138/71,153,30.6,Yes,No,0,3,Home,0,0,0.42618319470677707
82,Other,115/96,155,33.1,No,No,4,10,Rehab,0,1,0.5542781563267333
26,Other,136/72,258,35.0,No,Yes,9,6,Home,0,0,0.4373330625792662
75,Other,116/97,285,32.5,No,Yes,3,5,Home,0,0,0.44604850672371743
64,Female,138/88,172,36.8,Yes,Yes,3,8,Home,0,0,0.4469643008944129
70,Other,144/91,233,18.9,Yes,Yes,3,6,Rehab,1,1,0.6556723932860994
52,Male,146/90,173,22.5,No,No,10,4,Nursing_Facility,0,1,0.5495101955040946
43,Male,152/92,276,22.6,Yes,Yes,6,9,Nursing_Facility,0,1,0.6247822519941579
84,Male,120/76,152,26.8,No,Yes,9,6,Home,0,0,0.4351441119138584
59,Male,135/82,219,22.8,No,No,8,3,Home,0,0,0.42286815301575037
42,Male,119/95,172,20.8,No,Yes,4,10,Home,0,0,0.44556135219515397
77,Male,129/82,194,26.2,Yes,No,9,2,Home,0,0,0.4497420191379463
24,Male,157/79,282,23.4,Yes,Yes,10,1,Home,0,0,0.4983441501792941
23,Other,140/97,259,18.0,No,Yes,1,5,Rehab,0,1,0.6184703651503968
40,Other,144/88,253,37.6,No,Yes,8,6,Home,0,0,0.43428830138266133
47,Other,111/73,288,19.9,No,No,0,4,Home,0,0,0.43707716296634014
71,Other,153/82,263,33.4,Yes,No,6,4,Rehab,0,1,0.6085117033660012
26,Female,138/100,253,32.1,Yes,No,7,6,Home,0,0,0.43846880449217596
80,Other,131/79,256,22.8,No,No,6,8,Home,0,0,0.43031606978311543
57,Other,117/73,254,26.4,Yes,No,7,5,Rehab,0,1,0.6034478185205235
31,Male,154/80,274,21.5,No,Yes,10,2,Home,0,0,0.4427793004053732
73,Female,135/83,250,39.8,No,No,0,8,Home,0,0,0.4135140189386454
37,Female,133/92,247,29.7,Yes,No,3,3,Home,0,0,0.45049037703358275
46,Male,120/96,254,18.3,Yes,Yes,9,8,Home,0,0,0.492489890510586
42,Female,147/89,206,27.4,Yes,No,4,7,Rehab,0,1,0.594747644350909
36,Other,160/80,242,34.4,Yes,Yes,1,9,Rehab,0,1,0.6289563642524988
87,Male,149/96,172,38.7,Yes,No,2,1,Home,0,0,0.41185218004906615
69,Male,118/94,271,24.3,Yes,No,4,7,Home,0,0,0.4397970338216676
48,Male,115/85,213,20.4,No,Yes,4,4,Home,0,0,0.45922541140122586
35,Male,132/80,193,28.2,Yes,Yes,9,9,Home,0,0,0.4780174756150714
82,Other,113/89,260,19.1,Yes,Yes,2,8,Home,0,1,0.5088364702843486
24,Male,147/81,218,33.3,No,No,4,7,Home,0,0,0.39582615486686207
59,Other,116/77,291,23.7,No,Yes,3,4,Home,0,0,0.4571318918721679
30,Other,128/95,294,30.9,No,No,4,5,Home,0,0,0.42081455384123495
65,Male,136/80,180,33.9,Yes,No,3,5,Home,0,0,0.4336329751093941
27,Other,149/92,240,23.9,Yes,Yes,6,4,Rehab,0,1,0.6452404613749186
83,Other,151/89,234,25.5,No,No,9,10,Home,0,0,0.42597493463401453
29,Other,137/84,249,39.2,Yes,No,1,4,Home,0,0,0.4404053810654158
42,Female,113/92,213,31.8,No,No,1,2,Home,0,0,0.3904731181146329
90,Male,158/71,243,38.2,No,Yes,9,9,Nursing_Facility,0,1,0.5665048562262929
88,Other,151/71,153,21.7,No,Yes,7,8,Rehab,1,1,0.6165396909823415
30,Female,122/82,294,26.7,Yes,Yes,2,8,Nursing_Facility,0,1,0.6190330759860172
43,Female,121/77,267,21.3,Yes,Yes,3,2,Home,0,0,0.4809456629001775
47,Female,146/99,168,24.5,Yes,Yes,1,4,Rehab,0,1,0.6287423118299843
21,Male,155/97,214,29.4,Yes,Yes,10,9,Home,0,0,0.4645327279933002
56,Other,122/96,213,29.7,Yes,Yes,10,6,Rehab,1,1,0.6350591066330246
73,Male,120/96,294,37.5,Yes,No,9,1,Nursing_Facility,0,1,0.5795767627993766
41,Male,117/94,249,36.2,No,No,6,1,Home,0,0,0.39928731029543746
85,Other,127/76,188,19.5,Yes,No,7,8,Home,0,0,0.45126022365497453
90,Female,125/73,196,22.1,No,No,7,9,Home,0,0,0.4014970674137689
41,Female,156/70,272,29.1,No,Yes,0,5,Home,1,0,0.459482679029791
73,Male,136/86,268,28.9,Yes,Yes,1,3,Home,0,0,0.4798454121365896
66,Female,116/87,252,35.3,No,No,7,4,Home,1,0,0.4106382917727481
87,Female,149/87,199,19.2,No,No,10,3,Home,0,0,0.4192403754130823
37,Male,138/100,237,29.6,Yes,Yes,1,7,Nursing_Facility,1,1,0.6097442847445425
19,Male,154/81,229,37.3,Yes,No,6,8,Rehab,0,1,0.5884046330747718
61,Male,119/76,169,28.4,No,No,3,3,Home,1,0,0.3911977031116142
79,Male,126/98,190,39.5,Yes,Yes,5,10,Home,0,0,0.4494511153184263
42,Male,146/73,216,27.0,Yes,No,10,8,Home,0,0,0.45588354956066657
72,Other,129/89,221,34.6,No,No,8,4,Home,0,0,0.41153427437145124
43,Female,111/93,263,18.1,Yes,No,4,6,Home,0,0,0.46224504547214246
85,Male,118/98,182,21.3,No,Yes,8,1,Home,0,0,0.44396984054874605
37,Male,122/90,290,19.0,No,Yes,5,3,Home,0,0,0.4612410732761156
56,Male,128/89,184,39.6,Yes,Yes,1,4,Rehab,0,1,0.6133403883391394
48,Other,114/78,271,33.5,No,No,10,2,Home,1,0,0.4013179587125546
48,Other,113/92,204,36.4,Yes,Yes,9,9,Rehab,0,1,0.6149325214185841
47,Female,146/71,180,22.9,Yes,No,2,3,Home,0,0,0.44962938368936456
69,Male,123/73,179,25.4,No,No,4,3,Home,0,0,0.3956742482110898
68,Female,113/81,232,33.3,Yes,Yes,1,6,Home,0,0,0.4697879210566135
71,Male,118/99,206,35.8,Yes,Yes,10,2,Home,0,0,0.45432278115268104
75,Other,125/100,182,26.4,Yes,Yes,4,5,Rehab,0,1,0.6261809633000619
20,Other,137/90,177,30.6,Yes,Yes,6,5,Rehab,0,1,0.6283823225110678
39,Female,146/97,227,33.6,No,Yes,8,6,Nursing_Facility,0,1,0.5665065750952016
76,Female,154/75,220,18.5,No,Yes,8,6,Home,0,0,0.4635600579108144
62,Other,136/98,273,23.2,Yes,Yes,6,5,Home,0,0,0.4931588896260238
57,Other,115/88,275,36.7,Yes,No,4,6,Home,1,0,0.42907035408627653
32,Other,147/80,288,29.0,Yes,No,2,5,Rehab,0,1,0.6041716216705133
40,Female,147/71,285,27.5,No,No,3,4,Rehab,1,1,0.5743393942709885
18,Female,136/81,196,35.6,Yes,Yes,3,7,Home,0,0,0.4621719994493107
86,Other,110/96,179,33.2,Yes,No,7,10,Home,0,0,0.42959880263198696
35,Other,148/88,152,34.3,No,No,7,2,Home,0,0,0.38764750419400884
37,Female,148/73,204,22.5,Yes,Yes,5,3,Home,1,0,0.4831795720542885
53,Other,159/94,233,22.3,No,No,5,7,Home,0,0,0.4314793361123758
63,Male,147/88,300,29.1,Yes,Yes,4,2,Nursing_Facility,0,1,0.640087344056998
27,Male,122/91,190,27.2,Yes,Yes,2,6,Home,0,0,0.46349762753535984
41,Male,136/99,178,31.2,Yes,No,7,6,Home,0,0,0.4160899499054876
29,Other,137/96,246,18.5,Yes,Yes,5,10,Rehab,0,1,0.659366451117392
46,Male,116/73,262,20.6,Yes,No,9,9,Home,0,0,0.4575521214313847
64,Other,132/95,171,38.8,Yes,No,1,10,Home,0,0,0.4155427440496326
23,Male,122/78,287,26.6,No,Yes,8,3,Home,1,0,0.4493915488285541
52,Female,155/84,267,38.6,No,No,9,3,Nursing_Facility,0,1,0.541442143799231
82,Other,118/94,201,27.4,Yes,Yes,10,5,Home,0,0,0.4722033815336768
55,Other,119/79,203,28.5,Yes,No,10,5,Home,0,0,0.4377616247935375
20,Male,112/84,240,38.1,Yes,Yes,3,8,Home,0,0,0.4652195103371494
51,Female,135/85,219,18.8,No,Yes,0,3,Rehab,0,1,0.6174956852952379
43,Other,150/96,276,19.8,No,No,4,9,Home,0,0,0.42566834826698646
65,Female,111/88,196,26.2,Yes,No,3,5,Home,0,0,0.43667921512343916
74,Female,113/86,213,18.3,No,No,4,10,Home,0,0,0.41218646044740254
25,Male,147/84,249,36.2,No,No,8,6,Home,0,0,0.3907213105654737
26,Male,143/70,178,31.9,Yes,No,3,1,Home,0,0,0.41662792378027685
25,Other,134/72,161,28.1,Yes,Yes,3,5,Home,0,0,0.47069962289072126
87,Other,130/73,178,18.3,Yes,Yes,3,9,Rehab,1,1,0.6423710836599709
34,Female,146/73,247,38.5,No,No,0,10,Home,0,0,0.40362157494850276
82,Female,143/88,186,29.3,No,Yes,3,4,Home,1,0,0.42951696870148504
48,Female,110/79,199,29.9,Yes,No,2,6,Home,0,0,0.44232258695880533
64,Male,126/79,196,22.2,Yes,No,2,8,Home,1,0,0.449306909597491
53,Male,153/88,158,30.8,Yes,No,9,10,Rehab,0,1,0.5773877150090696
53,Male,158/93,233,29.9,Yes,No,1,3,Home,1,0,0.4357337539637947
75,Other,110/89,220,24.1,Yes,No,7,5,Rehab,0,1,0.6225709136229715
44,Other,116/95,253,20.2,Yes,No,10,10,Home,0,0,0.46666231313421996
47,Other,133/78,238,28.8,No,Yes,9,8,Rehab,1,1,0.6186644538748537
49,Male,143/79,180,33.6,No,Yes,3,5,Home,0,0,0.43245577670426927
36,Male,132/94,210,23.3,Yes,Yes,1,9,Home,0,0,0.4736584632139602
58,Other,147/77,239,28.5,Yes,No,4,7,Nursing_Facility,0,1,0.6060051045685693
86,Female,149/85,228,30.4,Yes,Yes,1,8,Home,0,0,0.4840669634903587
78,Other,148/70,288,24.0,No,No,5,2,Home,0,0,0.4320605291417057
28,Male,157/97,219,31.2,Yes,Yes,6,3,Home,1,0,0.4669773366743421
55,Male,120/71,294,25.5,Yes,Yes,5,3,Home,1,0,0.47510179112308926
60,Female,140/77,231,34.6,No,Yes,4,3,Home,0,0,0.447922240371973
80,Male,112/94,225,18.2,Yes,Yes,3,3,Home,0,0,0.4803767480404245
90,Other,138/95,245,21.0,Yes,No,5,2,Home,0,0,0.4728247757256216
52,Female,141/70,236,36.8,Yes,Yes,8,7,Home,0,0,0.4685127918869351
28,Male,114/77,161,31.2,No,No,5,2,Rehab,0,1,0.560564113258048
55,Male,155/93,205,20.0,No,Yes,1,9,Rehab,0,1,0.6091504909615033
81,Female,147/71,244,29.6,Yes,Yes,6,4,Home,1,0,0.4783904773729422
26,Other,154/90,246,34.5,No,No,9,9,Home,0,0,0.4021584949317887
51,Male,111/90,181,18.3,Yes,No,3,9,Home,0,0,0.4439431334628619
41,Male,153/95,229,39.1,No,Yes,9,9,Rehab,1,1,0.5904480925300631
71,Male,130/76,276,27.4,Yes,Yes,1,7,Home,0,0,0.48160870938119943
61,Male,157/78,285,31.2,Yes,Yes,0,2,Nursing_Facility,0,1,0.6388867470943266
76,Male,148/91,208,28.7,Yes,Yes,0,5,Rehab,0,1,0.6177844396002499
47,Female,135/88,160,20.6,No,Yes,4,10,Home,0,0,0.45047243408557514
60,Male,134/95,166,23.2,No,No,1,6,Home,0,0,0.4119975708803507
66,Other,138/91,176,21.8,No,No,9,4,Home,0,0,0.4141279628804434
22,Female,121/75,230,18.7,Yes,No,9,6,Home,0,0,0.46115653413120267
41,Female,130/85,278,39.1,No,Yes,10,5,Home,0,0,0.4218363346722034
60,Other,141/76,224,39.3,No,No,10,10,Rehab,0,1,0.5635664501994156
19,Other,133/85,200,29.2,No,Yes,2,4,Nursing_Facility,0,1,0.5857583302256184
90,Female,117/86,284,31.8,Yes,No,2,2,Home,0,0,0.447806443824675
40,Male,138/95,178,18.6,Yes,Yes,6,8,Home,0,0,0.4900129883132113
51,Male,160/99,155,23.1,Yes,Yes,2,2,Home,0,0,0.4801062686013853
46,Male,148/100,199,34.3,No,No,0,6,Home,0,0,0.3907506203810236
56,Other,143/76,269,38.7,No,No,5,2,Home,0,0,0.4013648551779617
21,Male,160/85,161,28.0,No,Yes,2,2,Rehab,0,1,0.5862399564794236
52,Other,120/76,241,33.9,Yes,Yes,8,4,Home,0,0,0.4768025181589842
55,Male,148/77,278,20.9,No,Yes,9,7,Rehab,0,1,0.6222619978515131
46,Male,152/90,200,31.1,Yes,No,6,6,Home,0,0,0.4212212931233954
25,Female,132/96,226,35.3,No,No,1,8,Home,1,0,0.38703191687990207
30,Male,134/80,298,32.0,No,Yes,0,2,Home,0,0,0.4417239309187973
62,Male,146/94,238,29.6,No,No,4,7,Home,0,0,0.4006483147933785
28,Female,133/86,285,23.3,No,No,10,4,Rehab,0,1,0.5739766193890695
63,Female,112/94,251,29.9,Yes,No,3,6,Home,0,0,0.4311828047558009
59,Other,113/97,213,25.9,No,Yes,6,1,Home,0,0,0.4465670696587456
79,Other,120/83,169,34.2,Yes,No,0,1,Rehab,0,1,0.593907082689215
29,Female,138/72,260,24.7,Yes,Yes,5,8,Home,1,0,0.47645798646794263
27,Female,124/93,275,36.2,No,Yes,0,5,Home,1,0,0.43221505304773783
87,Other,135/94,281,25.4,Yes,Yes,6,10,Home,0,0,0.48958058824649225
23,Other,159/99,264,33.5,No,Yes,3,5,Rehab,0,1,0.5981615993663463
45,Male,141/83,182,31.4,Yes,No,7,8,Home,0,0,0.42261804033644595
63,Female,138/79,278,36.2,No,No,5,6,Nursing_Facility,0,1,0.5400552814395151
73,Female,149/85,288,22.0,Yes,Yes,3,3,Nursing_Facility,0,1,0.6454967231170258
82,Male,133/85,159,23.9,No,No,0,5,Rehab,0,1,0.5673858406218972
68,Female,151/71,150,18.5,Yes,Yes,3,10,Home,1,0,0.4879876248100234
42,Female,130/91,156,37.2,No,Yes,6,2,Home,0,0,0.41750857638976774
84,Male,136/90,287,33.6,Yes,Yes,2,10,Home,0,0,0.4671186721325694
46,Other,126/91,228,19.6,Yes,Yes,5,6,Home,0,1,0.50606774667211
71,Other,116/71,222,39.6,Yes,Yes,3,9,Home,0,0,0.4669659492896036
72,Male,138/81,274,29.3,No,No,0,10,Home,0,0,0.41291429877175073
24,Male,150/85,298,21.2,No,Yes,3,7,Rehab,0,1,0.6069917051005909
50,Other,130/83,294,30.2,No,Yes,1,5,Home,0,0,0.440101256088285
48,Female,159/97,235,28.2,Yes,Yes,1,7,Home,1,0,0.4800414519503176
77,Female,121/73,281,26.3,Yes,No,2,3,Home,0,0,0.47000668958944863
65,Other,160/74,237,33.9,Yes,Yes,2,8,Home,0,0,0.47515216125038495
43,Female,133/75,250,31.3,Yes,No,5,7,Home,0,0,0.43632827221838477
25,Female,132/76,179,39.8,Yes,No,4,9,Home,0,0,0.4197389939097022
51,Female,157/76,188,34.5,Yes,No,5,6,Home,0,0,0.43255260485486413
57,Female,160/98,198,37.2,Yes,Yes,2,9,Home,0,0,0.46222207088123474
57,Other,126/80,196,25.7,No,No,2,2,Nursing_Facility,0,1,0.5497598281794069
20,Male,115/75,236,30.6,No,No,7,4,Home,0,0,0.40677379077876435
74,Other,140/99,197,19.8,No,Yes,8,2,Rehab,0,1,0.6139420763209462
62,Other,117/79,211,19.3,No,No,1,2,Home,0,0,0.42194275855893343
56,Male,160/74,226,35.6,No,Yes,5,7,Home,0,0,0.4306209100606008
71,Other,136/73,204,28.9,No,No,7,10,Home,0,0,0.4062148361869198
89,Male,148/97,292,20.9,Yes,Yes,3,10,Nursing_Facility,0,1,0.6208604353665901
43,Male,122/75,196,36.1,Yes,Yes,1,6,Home,0,0,0.4447477400545904
43,Female,128/75,167,28.1,No,Yes,4,1,Home,0,0,0.43232125314200054
81,Male,139/97,242,27.9,No,No,6,1,Home,0,0,0.41678259479368684
44,Other,135/95,153,37.8,Yes,No,7,5,Home,0,0,0.4489553494240131
29,Male,147/75,277,33.5,Yes,Yes,10,9,Home,1,0,0.4624324174445918
61,Male,133/85,296,22.0,Yes,No,9,4,Rehab,0,1,0.6248436367461488
90,Other,124/81,231,34.3,No,Yes,6,5,Home,0,0,0.4503792354487499
51,Female,148/82,172,33.8,No,No,7,1,Home,0,0,0.3907987269769386
48,Male,126/75,208,19.6,No,Yes,10,4,Home,1,0,0.4416864817695808
74,Male,159/100,286,34.4,Yes,No,2,2,Nursing_Facility,1,1,0.5877280478242654
26,Female,154/71,251,22.0,No,Yes,5,1,Home,0,0,0.4580935156687876
38,Female,113/77,225,28.5,No,No,6,6,Home,0,0,0.4171961116991455
78,Other,154/72,154,35.7,No,Yes,8,3,Home,0,0,0.4257734739926724
66,Other,140/94,293,19.2,No,Yes,4,8,Home,0,0,0.4729415219994474
39,Other,144/94,293,20.3,No,Yes,4,9,Nursing_Facility,0,1,0.6156190201141111
74,Other,134/100,163,28.9,Yes,No,3,1,Home,0,0,0.4440639078490387
26,Male,134/74,297,21.1,No,No,10,6,Home,0,0,0.4240273927036328
27,Other,153/82,219,31.2,No,No,10,2,Home,0,0,0.41398158351004827
62,Other,125/71,294,22.9,No,Yes,7,7,Rehab,0,1,0.6208117004436936
65,Female,126/83,273,27.5,No,No,3,2,Nursing_Facility,0,1,0.555547024289494
19,Other,122/95,294,31.6,Yes,No,5,4,Home,0,0,0.4489464267989927
90,Male,155/90,179,19.6,No,No,8,2,Nursing_Facility,0,1,0.5648509460820472
77,Female,148/91,218,25.0,Yes,Yes,9,10,Nursing_Facility,0,1,0.6104139224385027
71,Male,128/70,263,20.7,Yes,No,3,4,Home,0,0,0.4477460261810752
65,Male,112/89,243,32.3,No,No,1,8,Home,0,0,0.3965099384505857
55,Female,157/80,298,22.0,No,No,0,6,Home,0,0,0.4297570990168575
82,Female,120/80,178,19.4,Yes,Yes,2,2,Home,0,0,0.4880463657682688
87,Female,120/97,229,31.1,No,No,4,6,Home,0,0,0.413083854189676
64,Female,152/83,193,24.7,No,No,4,2,Rehab,0,1,0.5657136838051833
90,Female,137/99,169,31.0,No,No,10,9,Home,0,0,0.4071117009710019
61,Other,139/79,271,28.5,No,Yes,0,7,Home,1,0,0.44639966882363
86,Male,146/94,183,34.0,No,No,3,7,Rehab,1,1,0.5466715511613996
36,Male,130/98,262,32.7,No,No,1,8,Rehab,1,1,0.5487946219736978
67,Other,152/88,296,22.1,No,Yes,5,7,Rehab,0,1,0.6204785292765972
32,Female,144/74,225,28.9,Yes,Yes,9,4,Home,0,0,0.4892887989501785
64,Other,133/78,188,33.2,No,Yes,4,10,Rehab,1,1,0.6034345921941175
22,Other,146/83,241,23.7,No,No,1,2,Home,1,0,0.42405993079438353
47,Other,116/99,253,30.6,No,Yes,3,6,Home,0,0,0.4474057962177387
83,Female,120/77,195,22.0,Yes,Yes,7,4,Nursing_Facility,0,1,0.6228612987310044
19,Female,141/74,252,29.3,Yes,No,9,10,Home,0,0,0.4447516654151157
32,Male,132/70,204,35.1,No,Yes,0,8,Nursing_Facility,1,1,0.5668756638359357
22,Female,117/98,212,19.4,Yes,No,2,7,Home,0,0,0.4518352723282434
25,Other,111/88,257,36.7,No,Yes,1,1,Home,0,0,0.432485605599814
39,Female,130/87,274,38.0,Yes,Yes,3,5,Nursing_Facility,0,1,0.6117591341485171
19,Other,116/94,278,22.8,No,No,4,10,Home,1,0,0.4324675951340792
75,Other,152/77,286,20.9,Yes,No,7,3,Rehab,0,1,0.6244795925858608
87,Other,129/95,191,31.4,Yes,Yes,10,7,Home,0,0,0.4667461219517
61,Other,123/76,187,37.5,Yes,Yes,1,1,Home,0,0,0.45289205318012865
19,Other,114/82,165,30.1,Yes,Yes,0,8,Home,0,0,0.4708369028252443
68,Other,131/72,290,38.5,No,No,5,10,Home,0,0,0.4060614081121229
78,Other,110/94,188,32.5,Yes,No,10,6,Home,0,0,0.4546704121176717
29,Other,131/94,204,25.1,No,Yes,8,2,Rehab,0,1,0.6005800665965462
81,Other,118/78,235,36.2,Yes,Yes,7,1,Home,0,0,0.47632797049405845
67,Male,132/74,206,38.0,No,Yes,2,1,Rehab,0,1,0.5746780345180104
77,Other,112/97,171,39.5,No,No,2,7,Home,0,0,0.38737643007491146
46,Other,144/75,253,30.9,No,No,5,6,Home,0,0,0.4029166112183231
65,Male,122/72,227,22.8,No,No,9,9,Rehab,0,1,0.5772966614988165
74,Female,112/75,289,20.5,Yes,Yes,1,10,Home,0,0,0.490253861552526
20,Female,149/93,288,36.1,No,Yes,8,7,Home,1,0,0.43983180699066066
55,Male,156/86,191,22.3,No,No,4,1,Home,0,0,0.41360347556443416
85,Other,154/82,236,29.1,No,No,9,2,Home,0,0,0.40800952561612636
54,Male,110/94,179,26.1,Yes,No,2,10,Home,1,0,0.4488820284588109
31,Male,116/84,185,23.8,No,No,2,1,Home,0,0,0.4061922601503129
25,Female,154/89,194,39.0,No,Yes,8,5,Home,0,0,0.41460242395364444
49,Other,116/94,227,34.0,No,Yes,4,7,Home,0,0,0.4456303605312965
66,Female,126/92,187,28.9,Yes,No,5,7,Rehab,0,1,0.5971365963629666
34,Female,111/100,215,18.7,No,Yes,10,2,Home,0,0,0.4565304892688121
83,Female,124/77,257,33.1,No,No,9,2,Rehab,0,1,0.5791345149966811
26,Female,158/84,254,34.2,No,Yes,1,3,Home,0,0,0.4299195837842354
74,Female,134/86,279,36.5,No,No,2,7,Nursing_Facility,0,1,0.5569141600160863
35,Other,144/96,262,25.0,No,No,8,3,Home,0,0,0.41708044103238506
55,Female,148/72,156,32.4,Yes,Yes,5,1,Home,0,0,0.46566146732030966
27,Male,133/100,197,29.6,No,No,9,2,Rehab,0,1,0.5511191438547285
64,Other,144/100,153,39.2,No,No,2,1,Nursing_Facility,0,1,0.5273261806177321
45,Other,149/92,215,23.5,Yes,No,2,7,Home,0,0,0.4491592286762375
63,Female,148/79,199,32.7,No,Yes,4,7,Home,0,0,0.41924373855517744
72,Female,140/87,290,20.8,Yes,No,8,1,Home,0,0,0.4645308396396708
40,Female,155/83,265,39.1,Yes,Yes,5,3,Home,0,0,0.46417976527121846
89,Female,140/71,161,37.1,No,No,4,6,Home,0,0,0.386462310645757
30,Female,135/80,277,36.5,No,Yes,10,8,Home,0,0,0.44242365424075153
85,Other,146/78,248,37.6,Yes,Yes,7,6,Rehab,1,1,0.6278340553457964
79,Other,151/76,237,19.1,Yes,Yes,2,5,Home,0,1,0.5023243176667059
65,Female,147/86,193,32.6,Yes,No,8,5,Home,0,0,0.43582244822336974
83,Female,148/77,260,36.6,Yes,Yes,7,2,Home,0,0,0.47701601908840596
36,Female,125/85,249,25.5,No,Yes,7,2,Rehab,1,1,0.611714352420804
20,Male,116/79,208,20.4,No,Yes,10,4,Home,0,0,0.44619912593831507
27,Male,134/82,157,30.9,No,No,6,9,Home,0,0,0.3764822958005766
73,Female,160/100,278,22.6,Yes,Yes,4,8,Rehab,0,1,0.6345635148385924
37,Male,140/100,170,25.3,Yes,No,8,2,Rehab,0,1,0.6022648083886404
24,Female,110/87,274,28.3,No,No,4,2,Home,0,0,0.4096758169202042
35,Other,127/99,183,34.8,No,Yes,2,10,Rehab,0,1,0.6103192799372447
80,Female,145/77,271,36.9,No,No,10,6,Home,0,0,0.41097542796483133
88,Male,144/70,247,28.8,No,Yes,4,5,Home,0,0,0.4345231318730673
87,Male,140/83,222,22.8,Yes,No,2,2,Home,0,0,0.44140629583156205
33,Male,115/99,163,25.1,No,No,2,2,Home,1,0,0.3953314424469764
47,Male,126/88,297,33.2,No,Yes,2,6,Home,0,0,0.43546052400058377
49,Other,128/94,273,35.4,Yes,Yes,7,4,Home,0,0,0.4694466031559042
31,Female,150/97,239,32.4,No,No,7,3,Home,0,0,0.40843901895355117
57,Other,143/76,248,24.6,No,Yes,2,2,Home,1,0,0.4523348375506526
59,Female,131/73,264,36.8,No,Yes,8,1,Home,0,0,0.435535672964293
70,Female,132/88,248,24.1,No,No,4,7,Home,0,0,0.4136640108757379
48,Other,157/79,215,26.2,Yes,Yes,0,8,Nursing_Facility,0,1,0.6247483873199071
72,Other,134/78,197,29.9,No,Yes,5,8,Home,0,0,0.43138449041170795
37,Male,155/87,195,22.8,Yes,Yes,9,3,Rehab,0,1,0.6362081227233203
38,Male,123/91,230,21.1,Yes,Yes,2,8,Home,0,0,0.47156405325360834
59,Other,111/95,218,34.3,No,Yes,8,8,Nursing_Facility,0,1,0.5736215251465752
27,Other,133/86,172,24.8,No,No,10,10,Home,0,0,0.40061870200891775
23,Male,135/79,267,35.7,Yes,Yes,4,9,Nursing_Facility,0,1,0.6027071045533609
61,Male,121/91,221,31.3,Yes,Yes,9,9,Home,0,0,0.4699511224832406
58,Male,127/77,226,20.4,Yes,No,3,8,Home,0,0,0.46065365605744246
51,Female,114/88,206,29.1,No,No,7,3,Home,0,0,0.4194240515204924
31,Other,128/81,161,28.9,Yes,No,8,2,Home,0,0,0.43960769733131355
77,Female,150/82,168,22.8,No,No,10,1,Home,0,0,0.41267330676356456
82,Male,112/89,283,29.4,Yes,Yes,0,8,Home,0,0,0.47443247649665526
46,Other,131/83,190,19.4,Yes,No,6,6,Home,0,0,0.450241970940146
58,Female,141/100,209,22.0,No,Yes,0,5,Home,0,0,0.4568235611963648
79,Female,113/82,189,35.7,No,No,7,8,Home,0,0,0.39406989657819985
18,Other,113/72,167,30.6,No,No,4,2,Home,0,0,0.401748673514055
55,Other,111/97,260,34.1,Yes,No,5,7,Nursing_Facility,0,1,0.578497998041269
64,Female,111/78,176,28.4,Yes,No,0,2,Home,0,0,0.44317918392443956
33,Other,126/94,166,29.7,No,Yes,0,5,Rehab,0,1,0.5867038891816766
85,Male,126/88,171,19.7,Yes,Yes,6,4,Home,0,0,0.47956516168802604
58,Other,113/87,291,30.2,Yes,Yes,7,2,Home,0,0,0.48460448564930547
79,Other,138/74,283,26.6,No,Yes,6,4,Home,0,0,0.44870106789282094
80,Male,157/86,280,18.5,No,No,0,9,Home,0,0,0.42367751853275665
67,Female,114/74,215,31.4,Yes,Yes,7,9,Home,0,0,0.4629923966880054
72,Male,112/93,159,34.0,No,Yes,2,7,Rehab,0,1,0.5830402525069304
44,Other,134/85,171,30.0,Yes,Yes,5,8,Home,0,0,0.4779282193353077
74,Female,147/71,298,29.3,Yes,No,8,8,Home,0,0,0.4502244954028757
59,Male,133/94,292,35.1,No,Yes,2,1,Home,0,0,0.4344338820510262
50,Female,153/71,231,32.8,Yes,No,9,8,Nursing_Facility,0,1,0.5775228924668488
24,Male,147/92,270,24.2,Yes,Yes,1,8,Home,1,0,0.4776257672314406
44,Female,140/79,189,39.7,No,No,9,10,Home,0,0,0.384743941805612
73,Female,138/93,294,39.2,Yes,No,2,7,Home,0,0,0.41737512458069415
46,Male,123/98,197,26.1,No,Yes,4,7,Home,0,0,0.4336694555255577
79,Female,122/98,163,34.7,No,Yes,10,9,Home,0,0,0.42026538648309997
65,Female,118/82,192,31.6,No,Yes,1,2,Rehab,0,1,0.5858161875834594
22,Female,127/94,293,26.7,Yes,Yes,1,5,Home,0,0,0.4871185898521202
18,Female,134/85,234,38.3,Yes,No,5,8,Home,0,0,0.4323853813150251
73,Other,155/95,155,37.6,Yes,No,4,6,Home,1,0,0.41896533176573686
41,Male,158/85,259,34.1,No,No,10,10,Home,1,0,0.40326430284766634
19,Male,143/71,204,18.0,Yes,Yes,1,2,Home,0,0,0.48570979366196526
23,Other,143/93,166,29.8,Yes,Yes,6,4,Rehab,0,1,0.6405962855681951
67,Other,153/90,159,23.8,Yes,No,1,5,Home,0,0,0.445040032062825
58,Female,131/80,277,24.7,Yes,Yes,0,7,Home,0,0,0.4875267271021454
21,Other,110/83,233,36.4,No,No,7,2,Home,0,0,0.40165857681981026
52,Other,117/97,231,36.2,Yes,No,4,9,Nursing_Facility,0,1,0.5756798819432069
35,Other,127/71,273,32.3,Yes,No,7,6,Home,0,0,0.44070187024036617
69,Other,148/90,162,34.2,Yes,No,10,7,Home,0,0,0.41917885642359076
35,Other,149/80,267,19.8,No,Yes,6,4,Home,0,0,0.46817439246223175
26,Female,113/74,289,18.1,Yes,No,7,9,Home,0,0,0.4787168571234674
30,Male,132/93,201,32.1,Yes,No,2,3,Rehab,0,1,0.5881596311240457
49,Female,158/90,280,21.7,No,No,9,9,Home,1,0,0.4263070321988547
69,Male,142/86,199,20.2,No,Yes,5,6,Nursing_Facility,0,1,0.5816237220371898
51,Other,116/79,167,23.0,Yes,No,6,6,Rehab,0,1,0.6024883415652551
77,Female,124/100,186,32.3,Yes,No,5,10,Rehab,0,1,0.5855348323736179
81,Male,128/74,206,35.6,No,No,8,1,Home,0,0,0.4117814494036802
54,Other,126/98,205,19.7,No,Yes,10,1,Home,0,0,0.46033484747829484
25,Female,116/80,234,21.9,Yes,No,1,5,Rehab,0,1,0.6058367990241401
35,Female,139/87,176,29.8,No,No,9,6,Home,0,0,0.40429142280544544
58,Other,115/98,252,38.6,Yes,Yes,4,9,Home,0,0,0.4611438763755216
49,Female,139/88,253,27.4,Yes,No,7,2,Home,0,0,0.46011102233522994
55,Other,118/73,299,18.6,Yes,Yes,4,1,Rehab,0,1,0.6673335249245658
42,Male,153/71,227,19.9,No,No,9,1,Home,0,0,0.4224379461854021
34,Female,157/72,230,20.2,No,Yes,5,3,Rehab,0,1,0.6035762758509794
57,Other,155/94,197,34.9,Yes,Yes,4,1,Rehab,0,1,0.6247899252292992
20,Other,125/81,254,33.2,No,No,10,5,Home,0,0,0.41017236920563654
33,Male,134/81,300,22.1,Yes,No,10,9,Home,0,0,0.45853840064451407
28,Other,110/93,151,37.4,Yes,Yes,3,3,Home,1,0,0.47228144432665975
59,Other,122/72,175,27.1,Yes,Yes,6,8,Rehab,0,1,0.6366194109390523
51,Female,152/70,212,23.2,No,Yes,6,10,Home,0,0,0.4481782290641369
27,Female,139/90,218,18.6,Yes,No,10,10,Home,0,0,0.44676849297416865
23,Female,159/92,226,18.2,Yes,No,10,2,Home,0,0,0.46308685337733635
49,Other,134/71,204,26.0,No,Yes,2,4,Home,0,0,0.44539884833122445
85,Female,123/78,184,18.2,No,No,5,6,Rehab,1,1,0.5775769169279303
77,Male,147/79,224,32.9,No,No,5,3,Home,0,0,0.40323505631651674
58,Male,160/91,257,30.0,No,No,3,5,Home,0,0,0.40730910661489944
38,Female,119/95,200,34.0,No,No,2,1,Home,0,0,0.4006117321188218
88,Female,141/98,295,31.3,No,No,0,9,Rehab,0,1,0.5761715972523399
87,Other,121/76,266,34.8,Yes,Yes,8,1,Rehab,0,1,0.6422956419625706
20,Female,134/92,267,21.4,Yes,No,8,1,Home,0,0,0.45766021086383724
30,Female,113/94,151,40.0,Yes,Yes,0,2,Home,0,0,0.44567951613215406
60,Female,121/91,208,25.8,Yes,No,3,3,Home,0,0,0.4444037683059244
84,Male,118/86,293,34.0,Yes,Yes,9,1,Rehab,0,1,0.6328296561450286
46,Male,157/91,165,25.6,No,No,3,8,Home,0,0,0.4005039290319316
61,Other,124/75,232,34.3,No,No,5,3,Home,0,0,0.4012484659406645
24,Male,132/89,275,20.9,Yes,Yes,0,8,Rehab,0,1,0.6425191262862648
69,Other,159/75,242,24.1,Yes,Yes,10,4,Home,0,0,0.4892223271321243
53,Other,126/92,279,26.3,Yes,Yes,8,7,Home,0,0,0.49440351147334205
37,Female,124/99,162,20.2,Yes,No,6,2,Home,1,0,0.44841363428796793
76,Male,110/91,177,32.3,No,No,3,2,Rehab,1,1,0.544844826376642
63,Male,142/75,207,25.3,No,No,3,2,Home,1,0,0.40125949455718485
50,Female,138/83,295,37.0,No,Yes,10,4,Home,0,0,0.44754329368785434
84,Female,124/77,182,35.0,Yes,No,4,8,Home,0,0,0.4362327230081507
70,Female,144/89,192,18.0,No,Yes,2,7,Home,0,0,0.454459624581233
83,Other,153/91,173,24.9,No,No,3,9,Home,0,0,0.4154058770035144
72,Other,117/73,227,21.3,Yes,Yes,10,3,Home,1,0,0.48620322270636157
58,Other,114/90,211,28.6,No,Yes,8,6,Rehab,0,1,0.6025404987686132
44,Female,150/81,299,29.9,Yes,No,9,2,Rehab,0,1,0.6091984527814437
42,Other,124/70,178,28.1,No,Yes,7,10,Home,0,0,0.43227337263313403
37,Other,120/96,237,37.6,No,No,4,3,Rehab,0,1,0.5584931620290395
72,Other,118/91,225,28.1,No,Yes,3,8,Home,0,0,0.45008449741362816
20,Female,153/71,160,30.3,Yes,No,10,2,Home,0,0,0.4333203206580422
22,Female,120/90,242,28.1,No,Yes,7,6,Rehab,0,1,0.5963210347309111
20,Other,145/75,189,22.9,Yes,No,8,9,Home,0,0,0.4333818730183065
61,Female,127/84,174,24.8,Yes,No,2,9,Home,1,0,0.4339223436088915
18,Other,144/87,202,20.9,No,Yes,3,8,Home,0,0,0.45390898053697926
72,Male,125/73,275,30.3,Yes,Yes,7,9,Home,0,0,0.4644812295311063
21,Female,114/88,204,30.6,Yes,Yes,10,8,Rehab,0,1,0.6401807760067729
56,Male,138/92,183,39.5,Yes,No,10,7,Home,0,0,0.41985406786060864
50,Other,117/92,216,36.3,Yes,Yes,6,1,Home,0,0,0.4759879610114096
32,Female,143/89,266,31.4,Yes,Yes,8,10,Home,0,0,0.48073479624728904
71,Male,147/85,255,29.3,No,Yes,9,10,Rehab,0,1,0.6016995444560771
28,Male,119/94,170,30.7,Yes,Yes,9,5,Home,0,0,0.46013416926761513
43,Other,160/71,247,23.6,Yes,Yes,0,10,Home,0,0,0.47566887123914126
67,Other,160/92,256,33.0,No,No,10,6,Rehab,0,1,0.5682978466328846
56,Male,123/70,166,39.4,Yes,Yes,3,8,Rehab,0,1,0.6044121908092842
47,Female,143/90,290,24.6,Yes,Yes,6,2,Home,0,0,0.48127547665413467
86,Other,146/89,165,23.6,No,Yes,0,2,Rehab,1,1,0.6174274936760984
58,Male,136/100,279,36.4,Yes,Yes,4,3,Home,0,0,0.46068126017988575
83,Other,134/76,186,24.1,Yes,Yes,1,1,Home,0,0,0.47920251589675
78,Other,138/85,201,18.6,Yes,Yes,2,8,Home,0,0,0.4870742278940275
82,Other,154/78,238,22.4,Yes,Yes,9,8,Home,0,0,0.4991822254839815
27,Male,135/93,182,21.5,Yes,No,0,10,Home,0,0,0.4437769254791638
20,Other,138/87,200,39.8,No,Yes,9,7,Home,0,0,0.43075542611914774
60,Female,132/93,156,32.1,Yes,Yes,10,2,Home,1,0,0.4647481540890417
25,Male,146/86,169,21.6,No,Yes,8,9,Home,0,0,0.42661079300438776
72,Other,112/87,227,21.0,Yes,No,5,5,Home,0,0,0.4746685124137276
44,Other,153/88,278,26.8,No,No,7,8,Home,0,0,0.4118565137985912
90,Female,124/73,166,33.8,No,Yes,6,3,Home,0,0,0.41798775355212864
49,Female,131/70,261,27.3,No,No,9,8,Home,0,0,0.4033505369616931
69,Male,118/99,219,36.5,No,No,6,1,Home,0,0,0.38577364938937087
34,Other,118/96,163,29.7,No,Yes,5,10,Home,0,0,0.4445175278233778
35,Male,112/86,283,20.9,No,No,8,7,Nursing_Facility,0,1,0.5635720923050754
71,Male,148/74,275,26.2,No,No,8,5,Nursing_Facility,0,1,0.5561245594429439
59,Male,152/74,208,38.3,Yes,Yes,1,5,Home,0,0,0.45879691759138347
32,Female,133/80,256,35.7,No,No,9,10,Rehab,0,1,0.5687860139789045
77,Other,138/93,298,29.3,No,Yes,1,5,Home,0,0,0.4384683770109777
29,Female,133/73,224,38.1,Yes,Yes,2,8,Home,0,0,0.4502370600929781
58,Male,130/88,169,30.2,No,No,3,3,Nursing_Facility,0,1,0.5242835413218032
54,Male,144/93,246,30.1,Yes,Yes,0,10,Home,0,0,0.489368351669466
79,Other,141/90,175,33.6,Yes,No,7,4,Home,0,0,0.43846626554882995
36,Other,148/70,155,25.1,No,Yes,7,3,Nursing_Facility,0,1,0.586912692458286
26,Other,115/89,298,36.6,No,No,9,8,Home,0,0,0.4015690759340301
49,Female,156/87,270,38.2,No,No,5,2,Home,0,0,0.39539451194232383
46,Female,131/83,294,35.8,Yes,Yes,3,2,Rehab,1,1,0.6255273717322797
24,Male,134/92,261,31.1,Yes,Yes,4,1,Home,0,0,0.4724784785676345
87,Female,131/89,198,39.5,No,No,3,9,Home,1,0,0.3797182935126171
80,Male,136/82,179,25.0,Yes,No,8,9,Home,0,0,0.43372753107683537
45,Female,122/98,151,24.2,No,Yes,3,8,Home,0,0,0.43018762159885887
42,Female,123/72,291,35.3,Yes,Yes,0,2,Home,0,0,0.4841461488518661
19,Other,130/73,264,35.9,Yes,No,6,1,Home,0,0,0.4376729547420677
62,Male,151/83,163,35.5,Yes,No,4,1,Home,0,0,0.43285809741412135
59,Female,114/80,262,28.4,Yes,Yes,1,2,Rehab,0,1,0.6407674102089777
86,Other,122/78,248,23.6,No,Yes,9,6,Home,0,0,0.45830366122093097
84,Male,144/92,205,18.4,Yes,No,2,2,Rehab,0,1,0.6117058324169202
36,Female,131/83,261,34.6,No,Yes,8,3,Rehab,0,1,0.5913504674233967
63,Female,156/100,163,26.9,No,Yes,5,5,Nursing_Facility,0,1,0.5667370618076788
84,Male,110/96,204,25.2,Yes,No,9,3,Home,0,0,0.4419904261295738
78,Female,156/82,191,26.5,No,Yes,9,2,Home,0,0,0.44276870562478693
86,Female,131/76,268,26.2,Yes,Yes,4,7,Home,0,0,0.48394954333265344
81,Other,118/82,178,27.7,Yes,No,2,6,Home,0,0,0.43583988181364264
50,Female,158/85,291,19.5,Yes,Yes,1,2,Home,0,1,0.5000820743012769
22,Other,141/81,232,19.1,Yes,Yes,6,7,Home,0,0,0.4982658230081374
64,Female,121/81,222,39.0,No,No,9,1,Home,0,0,0.39219463798260057
22,Other,144/75,248,39.2,Yes,Yes,2,10,Home,0,0,0.45312476147791847
21,Other,140/76,167,37.0,No,Yes,0,6,Home,0,0,0.4207919168667745
57,Other,137/71,243,22.3,Yes,No,3,3,Rehab,1,1,0.6067858958892468
70,Male,110/97,260,19.7,Yes,No,7,9,Home,1,0,0.4595669592334498
55,Male,136/76,182,34.9,No,Yes,4,7,Rehab,0,1,0.5881468846137184
24,Male,155/97,183,22.6,No,No,6,2,Home,0,0,0.4043820787898663
66,Female,142/93,214,30.6,Yes,No,7,6,Nursing_Facility,1,1,0.5725392325203714
54,Male,114/99,209,29.2,Yes,Yes,8,10,Home,0,0,0.46723937703156565
24,Other,138/73,205,23.1,No,Yes,6,4,Home,0,0,0.4431588043453099
39,Other,133/90,150,34.8,No,Yes,3,10,Home,0,0,0.42188596220470714
53,Other,110/71,201,25.4,No,Yes,2,8,Rehab,0,1,0.6273667403255031
45,Other,110/72,253,21.3,Yes,Yes,2,7,Home,0,0,0.49888520734069075
60,Other,112/85,232,20.3,No,Yes,0,1,Home,0,0,0.4555873453979786
81,Other,135/71,283,38.8,Yes,No,2,7,Home,0,0,0.4405100090195618
27,Female,159/74,214,33.0,No,No,4,7,Home,0,0,0.39252610369400487
72,Male,143/93,224,27.9,Yes,No,10,8,Rehab,1,1,0.6132919936692826
37,Female,111/93,299,39.7,No,No,6,9,Home,0,0,0.3989236387878974
83,Male,153/77,161,25.7,Yes,No,5,8,Home,0,0,0.4299111933400659
61,Other,141/82,279,26.8,Yes,No,7,5,Home,0,0,0.448840769109589
33,Male,120/89,181,25.1,Yes,Yes,3,7,Rehab,0,1,0.622465276375221
55,Female,151/79,182,26.2,No,No,6,4,Home,0,0,0.4031874310326549
58,Male,122/95,279,29.8,Yes,No,6,5,Home,0,0,0.4441882958455205
46,Male,154/97,295,27.5,No,No,9,1,Home,0,0,0.41599019894926104
32,Male,127/70,251,20.4,Yes,No,1,7,Home,1,0,0.4421973735626735
24,Other,138/70,273,19.3,No,Yes,2,1,Rehab,0,1,0.628977440950895
28,Female,131/78,229,24.8,No,Yes,8,1,Home,0,0,0.4481221251910562
67,Male,146/84,204,23.1,Yes,Yes,0,5,Home,0,0,0.47652023448175074
86,Male,132/95,269,21.5,No,No,0,9,Home,0,0,0.41362406805584623
38,Male,159/84,244,24.3,No,Yes,4,3,Home,0,0,0.4503572986352528
27,Male,123/91,220,22.4,No,No,9,8,Home,0,0,0.40301472560981233
59,Other,137/92,224,35.4,Yes,No,9,9,Rehab,0,1,0.5996000525716956
37,Other,154/73,254,24.5,No,No,5,3,Rehab,1,1,0.5870328422347585
34,Other,117/79,160,21.1,No,No,1,7,Home,0,0,0.409132424304719
74,Female,132/89,263,19.4,Yes,Yes,3,2,Rehab,0,1,0.6512001868117249
37,Female,128/87,287,18.2,No,Yes,1,5,Home,0,0,0.4595907918081669
31,Female,153/82,174,35.5,Yes,Yes,1,3,Nursing_Facility,0,1,0.6003607482097516
41,Female,128/86,206,21.9,Yes,Yes,4,3,Home,1,0,0.4921152470138366
90,Male,137/90,194,36.1,Yes,Yes,8,8,Nursing_Facility,0,1,0.6001130441784996
33,Other,160/96,154,33.0,Yes,Yes,7,5,Home,1,0,0.45710204471849464
42,Other,150/93,268,20.7,No,No,1,4,Home,0,0,0.420637578491872
47,Other,143/95,293,32.0,No,No,10,10,Home,0,0,0.4093591900973962
55,Male,110/83,294,25.1,Yes,Yes,5,7,Home,0,0,0.48583064184930175
74,Female,139/86,161,33.9,No,Yes,6,7,Home,0,0,0.41715980882037074
28,Male,130/72,277,39.7,Yes,No,2,5,Nursing_Facility,0,1,0.569325009284432
49,Male,143/71,164,19.5,No,No,4,4,Home,0,0,0.41157282863606026
66,Other,135/83,260,25.5,Yes,No,10,3,Rehab,1,1,0.6408438360117431
73,Female,119/95,176,34.9,No,Yes,2,2,Home,0,0,0.43077240782818615
74,Other,120/90,202,23.4,No,No,5,10,Home,0,0,0.4103367424809549
64,Female,130/97,150,34.6,Yes,Yes,3,5,Home,0,0,0.456149828387944
19,Female,140/72,285,37.6,No,Yes,5,8,Home,0,0,0.4471206810496742
54,Other,124/86,256,18.3,Yes,Yes,2,3,Nursing_Facility,0,1,0.638954740521413
36,Other,147/75,179,31.1,Yes,No,4,9,Home,0,0,0.4243405074269456
46,Male,153/97,192,20.1,No,No,2,8,Home,0,0,0.4180064729858296
26,Male,118/95,226,21.9,Yes,No,4,2,Rehab,1,1,0.606366898312206
49,Female,143/93,227,37.1,No,No,1,2,Home,0,0,0.40600248736508815
51,Other,145/75,187,33.0,No,Yes,7,7,Home,0,0,0.41911586232704745
81,Other,129/81,284,18.5,No,No,6,9,Rehab,0,1,0.5983247274518424
36,Other,132/97,231,34.6,Yes,Yes,5,6,Nursing_Facility,1,1,0.6166233400440114
65,Other,117/83,173,24.0,Yes,No,4,8,Home,0,0,0.44156947764685867
68,Other,147/82,191,36.5,Yes,No,9,4,Nursing_Facility,0,1,0.5704654518459156
47,Other,144/77,266,21.6,Yes,No,9,6,Home,1,0,0.4650368135054418
54,Other,133/86,155,36.8,Yes,No,9,8,Home,0,0,0.416043301044943
64,Female,115/92,289,39.5,Yes,Yes,7,3,Home,0,0,0.4650279113161957
63,Male,116/70,280,35.5,No,Yes,2,1,Rehab,0,1,0.5968243407802192
54,Male,130/76,176,18.8,Yes,No,5,7,Home,0,0,0.44898293115125854
68,Male,153/81,172,29.4,No,Yes,2,1,Home,0,0,0.423826659246302
61,Female,137/72,184,37.8,No,Yes,7,3,Rehab,0,1,0.5752100282740533
43,Other,158/71,213,26.5,Yes,Yes,1,6,Home,0,0,0.47693730507920756
64,Male,116/82,164,38.2,No,No,0,9,Nursing_Facility,0,1,0.5126004091065559
22,Male,121/74,290,25.2,Yes,Yes,9,7,Rehab,0,1,0.6413672712343316
90,Male,124/79,154,37.2,Yes,Yes,1,5,Rehab,0,1,0.6157212354991949
47,Other,126/84,266,24.1,No,Yes,1,8,Nursing_Facility,0,1,0.605044613967222
36,Other,147/100,219,33.2,Yes,No,1,6,Nursing_Facility,0,1,0.5667313754311365
66,Other,136/97,255,37.8,No,Yes,8,8,Home,0,0,0.4438539765300737
69,Male,130/70,182,29.5,Yes,No,8,2,Home,0,0,0.43556472567783566
56,Other,157/81,236,36.5,Yes,No,7,8,Home,0,0,0.43688316236117986
73,Female,130/96,280,32.7,No,No,1,6,Home,0,0,0.42105865390504804
33,Other,114/73,184,23.3,Yes,No,2,4,Home,0,0,0.4414047806267382
51,Male,141/90,248,24.0,Yes,Yes,9,2,Home,1,0,0.49016776499882336
25,Male,139/71,160,28.9,Yes,Yes,7,1,Home,1,0,0.4552314376581068
38,Male,131/95,183,21.9,No,Yes,9,5,Home,1,0,0.44454431580190207
40,Male,126/88,293,30.6,No,No,2,1,Home,0,0,0.4074430016191605
80,Male,119/94,256,34.1,No,No,10,6,Home,0,0,0.40018629692262025
75,Female,119/97,189,33.7,No,No,8,6,Home,0,0,0.39861765042839514
50,Male,158/74,283,25.5,Yes,Yes,8,8,Rehab,0,1,0.6432120535418685
26,Female,133/84,159,32.7,No,No,4,2,Home,0,0,0.39307131793935285
87,Other,124/88,206,23.6,Yes,Yes,8,6,Rehab,0,1,0.6392115118169488
20,Female,142/91,189,27.2,Yes,Yes,1,6,Rehab,0,1,0.6393689133244698
43,Male,115/99,242,19.8,No,No,0,2,Rehab,0,1,0.5719754017659148
63,Male,149/82,210,39.2,No,No,3,9,Nursing_Facility,0,1,0.5271091187449627
28,Female,143/89,292,32.2,Yes,No,8,9,Home,0,0,0.4489032168572967
42,Other,113/83,191,29.1,No,Yes,9,6,Rehab,1,1,0.608013415293389
35,Other,132/75,230,18.4,Yes,No,6,2,Home,1,0,0.4723725706266019
41,Male,155/83,276,37.7,No,Yes,0,7,Home,0,0,0.4268415734700743
52,Female,133/76,250,19.8,No,Yes,7,7,Rehab,0,1,0.6167711754283804
45,Other,127/82,278,33.3,No,Yes,6,3,Home,0,0,0.43987418277882767
89,Female,110/100,199,36.8,Yes,No,0,8,Home,0,0,0.4158469501474028
68,Female,156/94,285,28.7,Yes,Yes,3,6,Rehab,0,1,0.6463851417020419
34,Other,144/88,224,30.0,No,No,4,5,Home,0,0,0.40682496519012407
45,Female,153/90,176,36.1,No,No,8,7,Home,0,0,0.3906276990881303
82,Other,160/70,214,30.6,Yes,No,0,3,Home,0,0,0.435886602327785
30,Male,127/91,285,24.5,Yes,No,4,4,Home,0,0,0.45272588434375516
23,Other,121/82,256,23.8,No,Yes,7,1,Nursing_Facility,0,1,0.6020234095607164
60,Male,133/73,299,21.5,Yes,No,3,8,Rehab,0,1,0.6101141243812513
52,Female,127/73,295,29.0,Yes,Yes,7,5,Home,0,0,0.49033076177298285
25,Female,154/99,227,31.5,Yes,No,8,9,Rehab,1,1,0.5892923668872249
44,Male,157/96,299,22.6,Yes,Yes,5,8,Rehab,0,1,0.6421652810769564
22,Other,132/79,274,33.9,Yes,Yes,7,5,Home,0,0,0.4699393714875519
57,Male,120/77,294,34.2,No,Yes,4,10,Rehab,0,1,0.5942772017158651
25,Other,140/81,151,21.0,No,No,2,4,Home,0,0,0.4097422124263881
39,Female,145/86,182,37.2,Yes,Yes,8,5,Home,0,0,0.4481673635004111
22,Female,122/92,229,22.5,No,No,2,5,Home,0,0,0.4082179253973262
74,Female,157/89,181,31.6,No,No,6,5,Home,0,0,0.39586040556545626
21,Male,124/81,258,27.1,Yes,No,7,4,Home,0,0,0.45592860070651603
62,Female,135/73,174,26.0,No,No,10,4,Home,0,0,0.4371433958245192
59,Other,132/83,229,39.0,No,No,9,5,Home,0,0,0.3971610606051133
71,Female,151/97,192,36.3,No,Yes,0,5,Rehab,0,1,0.5728644144875302
85,Other,122/98,289,38.3,Yes,No,2,3,Home,0,0,0.43606196423800375
87,Other,148/81,289,33.4,No,Yes,3,1,Home,0,0,0.44508397509763564
51,Male,117/79,219,26.3,Yes,No,2,3,Home,0,0,0.438833554206207
90,Male,122/87,191,30.2,No,Yes,4,4,Home,0,0,0.4227783951981251
22,Female,126/77,290,28.3,Yes,Yes,6,6,Home,0,0,0.4914577623973551
66,Other,122/79,174,38.5,No,No,10,3,Home,0,0,0.3935157003153643
47,Male,154/72,235,28.2,Yes,No,2,10,Rehab,0,1,0.5922441867032758
38,Male,121/79,252,18.7,Yes,Yes,3,1,Home,0,0,0.49418712335368686
69,Female,133/99,213,35.3,Yes,Yes,10,5,Rehab,0,1,0.6270072310095833
19,Other,115/70,292,18.4,No,No,0,2,Rehab,0,1,0.593536534480513
87,Female,153/74,252,18.1,No,No,4,2,Rehab,0,1,0.5897932173035663
86,Other,111/100,245,27.2,Yes,Yes,8,8,Home,0,0,0.4861012322389829
56,Female,110/86,287,28.2,No,Yes,3,7,Home,1,0,0.455132008852015
67,Female,159/86,199,29.4,Yes,No,3,10,Home,0,0,0.43274606072114835
22,Other,141/94,250,18.9,Yes,Yes,10,2,Home,0,0,0.4957395540648702
85,Other,156/71,274,24.4,Yes,Yes,2,3,Home,0,0,0.49778311763575256
73,Male,139/75,299,18.3,Yes,Yes,1,3,Home,0,1,0.5010455163400261
38,Female,144/94,189,23.9,No,No,1,3,Home,0,0,0.4188287514332552
28,Female,138/75,180,24.7,Yes,Yes,10,3,Home,0,0,0.46381004962776223
42,Male,131/95,277,32.5,No,Yes,10,9,Nursing_Facility,0,1,0.5800682213654238
37,Male,157/91,245,33.6,Yes,No,1,3,Rehab,0,1,0.5929396659822723
19,Female,136/84,299,28.8,Yes,No,10,9,Home,0,0,0.4500582265036658
53,Male,115/79,165,37.2,Yes,No,0,5,Home,0,0,0.40729137862142634
85,Other,150/77,206,19.0,Yes,No,2,3,Home,0,0,0.45368924493074386
47,Other,160/72,262,37.2,Yes,No,0,5,Home,0,0,0.4307697009853861
83,Female,126/81,199,19.1,No,Yes,4,4,Home,0,0,0.45205018648525275
43,Female,146/78,296,31.9,No,Yes,8,2,Home,0,0,0.4451436208448689
52,Male,138/96,273,39.6,Yes,No,2,3,Home,0,0,0.4292722616156061
26,Other,151/91,191,37.4,Yes,Yes,4,4,Home,1,0,0.4551159509322782
39,Other,122/94,157,35.8,Yes,Yes,1,9,Home,0,0,0.46066930108700593
41,Male,132/85,250,24.4,Yes,Yes,10,4,Rehab,0,1,0.6353552895586978
22,Female,156/82,242,31.4,Yes,Yes,2,7,Home,0,0,0.4679629434878224
82,Male,152/73,282,34.1,No,Yes,2,3,Rehab,0,1,0.5931756789498096
71,Other,133/75,256,27.9,Yes,No,4,7,Home,0,0,0.4485771954586127
25,Male,135/93,191,23.8,No,Yes,7,2,Home,1,0,0.4481731234411799
62,Female,112/93,224,32.0,Yes,Yes,4,4,Rehab,0,1,0.6311553139277833
57,Other,114/89,239,35.6,Yes,Yes,4,2,Home,0,0,0.4669264539941473
25,Other,137/79,278,20.7,Yes,No,7,8,Home,0,0,0.4670931511750507
37,Female,123/73,158,38.9,Yes,No,3,5,Rehab,0,1,0.5648613741256981
38,Female,150/98,291,26.1,Yes,Yes,5,10,Rehab,1,1,0.6366273031386397
67,Other,127/93,262,25.9,Yes,Yes,0,10,Home,0,0,0.4904700591839282
59,Female,148/77,299,23.5,Yes,No,10,5,Home,1,0,0.4668684616884851
24,Male,159/99,223,37.3,Yes,Yes,7,2,Home,0,0,0.45864692923525
63,Male,111/73,189,18.4,Yes,Yes,10,3,Home,0,0,0.49453897660916935
65,Other,129/82,266,34.5,No,No,7,7,Home,0,0,0.41520072779204675
56,Male,118/74,170,24.0,Yes,Yes,4,4,Home,0,0,0.47547705418160696
65,Female,143/100,271,18.0,Yes,No,8,4,Rehab,0,1,0.6178616039116649
37,Female,157/71,270,27.4,Yes,Yes,9,2,Home,0,0,0.47407358224044227
44,Female,156/78,194,23.0,No,Yes,9,4,Home,0,0,0.4482841384111593
35,Female,130/81,294,20.3,No,No,0,8,Home,1,0,0.43314644427591587
77,Other,119/85,283,31.6,No,Yes,2,8,Home,0,0,0.43704848245762196
47,Other,112/71,195,32.5,Yes,Yes,0,3,Nursing_Facility,0,1,0.6013393989427533
27,Other,135/70,162,39.9,No,Yes,10,9,Rehab,0,1,0.5866936167190636
75,Female,129/76,244,18.7,Yes,Yes,7,9,Home,0,0,0.48823920305108953
33,Male,125/97,264,20.1,Yes,No,8,5,Home,0,0,0.4567172255150969
23,Female,147/78,284,20.2,No,Yes,2,1,Home,0,0,0.4552531859221009
85,Male,110/83,252,30.1,No,No,8,9,Home,0,0,0.40619050673079155
74,Male,145/93,155,24.5,Yes,No,0,6,Nursing_Facility,0,1,0.5732403501014328
44,Male,149/70,183,29.4,Yes,Yes,10,8,Home,0,0,0.470806418311601
39,Male,144/80,202,21.8,No,No,7,2,Home,0,0,0.42640802196241523
56,Female,153/86,154,37.3,No,Yes,3,4,Home,0,0,0.42756776816115494
56,Other,115/92,251,23.5,No,Yes,2,1,Home,0,0,0.45367930664854644
86,Male,117/81,293,26.6,No,No,5,2,Home,1,0,0.4141702998024334
35,Other,126/84,238,20.7,Yes,Yes,9,1,Home,0,1,0.5082346698538586
53,Male,151/75,199,36.9,Yes,Yes,1,7,Home,1,0,0.45501132376545406
23,Female,115/88,244,21.7,Yes,Yes,0,8,Rehab,0,1,0.6299110874573504
57,Other,119/76,240,18.8,Yes,No,2,2,Home,0,0,0.45592594318013097
51,Other,158/94,247,24.6,No,No,7,7,Rehab,0,1,0.5876999112355148
83,Other,155/92,248,20.7,No,No,0,8,Rehab,1,1,0.5830805384280111
50,Female,122/89,175,28.1,Yes,Yes,7,7,Rehab,0,1,0.6241741020860033
24,Other,153/78,290,30.4,No,No,9,10,Rehab,0,1,0.5714226205695299
72,Other,153/73,201,31.3,No,No,5,6,Home,0,0,0.41231659001657944
48,Male,117/70,219,20.4,No,Yes,3,8,Home,0,0,0.44198393673300546
52,Other,136/83,157,39.7,Yes,No,0,6,Home,0,0,0.42326919862880047
20,Male,118/74,212,27.8,Yes,Yes,0,3,Rehab,0,1,0.6296202635059363
57,Female,137/76,300,19.0,Yes,Yes,9,7,Home,1,0,0.49724230778324624
45,Female,154/78,240,36.5,Yes,Yes,4,6,Rehab,0,1,0.6267756042277681
47,Female,140/70,288,24.2,No,No,5,4,Home,0,0,0.42845119976495644
41,Male,110/70,267,27.7,Yes,No,1,10,Home,1,0,0.43708245389979894
30,Female,155/97,297,19.9,Yes,No,1,6,Home,0,0,0.45491538227176226
83,Male,157/82,251,34.9,No,Yes,6,3,Home,0,0,0.43316394846287815
46,Male,128/100,208,34.6,No,Yes,5,8,Rehab,0,1,0.5749174763883437
67,Female,128/77,201,35.4,No,Yes,3,3,Home,0,0,0.4160901192790352
37,Other,112/96,174,21.5,No,Yes,9,3,Home,0,0,0.4519235563889217
33,Female,148/94,299,34.6,No,No,3,4,Nursing_Facility,0,1,0.5467843946103849
52,Other,113/76,297,25.4,No,No,0,3,Home,1,0,0.4273276225003496
20,Other,121/91,153,33.2,No,No,7,10,Home,0,0,0.3943935429772292
21,Male,139/78,218,18.8,Yes,Yes,10,9,Home,0,0,0.48601055732615317
33,Male,128/83,167,23.7,Yes,No,6,2,Rehab,0,1,0.6057884183643262
72,Other,141/87,181,27.8,Yes,Yes,4,2,Home,0,0,0.4746393716406193
87,Male,117/83,204,39.9,No,No,2,2,Home,0,0,0.38335496675458386
27,Other,120/81,153,26.4,Yes,Yes,6,10,Home,0,0,0.4706536126235415
18,Male,110/85,165,39.8,No,Yes,8,5,Home,0,0,0.41706996933541246
31,Male,123/93,160,19.6,Yes,Yes,5,6,Home,0,0,0.49485405833866253
86,Other,137/80,190,20.0,No,No,3,1,Rehab,1,1,0.5838649406217148
23,Male,121/72,205,26.1,No,No,0,8,Home,0,0,0.4086631322239981
43,Female,116/95,174,19.2,Yes,Yes,1,2,Home,0,0,0.486264272188418
75,Male,119/76,167,28.3,No,Yes,2,1,Home,0,0,0.42547139528847583
47,Female,156/74,205,31.6,Yes,Yes,4,2,Home,0,0,0.4650721738680087
57,Female,111/74,211,34.2,Yes,No,3,9,Home,0,0,0.42367929971360957
88,Female,110/76,251,24.3,Yes,No,4,1,Home,0,0,0.46404551270584055
70,Other,117/93,289,37.9,No,Yes,3,7,Home,0,0,0.43435037331722653
87,Male,122/76,171,38.2,Yes,No,3,9,Home,0,0,0.40864016566725714
61,Female,115/73,270,27.1,No,Yes,9,7,Rehab,0,1,0.6087840272681532
69,Female,111/89,203,38.4,No,No,3,4,Nursing_Facility,0,1,0.531135144967875
28,Female,134/71,197,30.0,Yes,No,9,9,Rehab,0,1,0.5928648980659145
59,Male,113/83,229,35.9,No,Yes,3,6,Nursing_Facility,1,1,0.5750664305342564
21,Female,148/73,277,31.5,No,No,3,1,Rehab,0,1,0.5688287016402733
39,Other,156/83,213,21.5,No,No,5,3,Home,0,0,0.4262906126562298
63,Female,158/83,277,28.5,No,Yes,5,9,Nursing_Facility,1,1,0.5878592177720678
86,Female,140/77,287,26.6,No,Yes,7,7,Home,0,0,0.46812678504926325
80,Other,119/85,282,19.3,No,No,9,7,Home,0,0,0.42593656358370774
31,Other,131/87,188,35.0,Yes,Yes,3,9,Home,0,0,0.46459552662948866
52,Male,124/75,258,35.5,No,Yes,10,9,Nursing_Facility,0,1,0.5691056689533804
53,Male,139/97,152,24.5,Yes,No,10,7,Home,0,0,0.442630943603901
31,Female,128/85,251,33.1,Yes,Yes,1,2,Nursing_Facility,0,1,0.6107145044368092
29,Female,132/95,257,39.7,Yes,Yes,6,6,Rehab,0,1,0.6149512916336823
69,Male,122/87,159,21.0,Yes,Yes,1,9,Nursing_Facility,0,1,0.6029029293576936
21,Female,155/88,217,28.2,Yes,Yes,6,8,Home,0,0,0.47873629359491726
80,Female,123/71,249,26.3,No,Yes,0,10,Home,0,0,0.4325537257675757
67,Other,125/90,173,31.6,No,Yes,8,3,Home,0,0,0.45005222199675493
35,Other,150/85,275,38.9,Yes,No,3,3,Home,0,0,0.4284799545612876
57,Female,128/81,249,37.1,No,Yes,9,3,Nursing_Facility,0,1,0.5745066026919561
81,Male,159/78,295,23.8,Yes,Yes,9,8,Home,0,0,0.49958570963508453
37,Female,126/73,229,37.9,Yes,Yes,0,4,Nursing_Facility,0,1,0.5964082082746606
79,Other,132/74,210,18.0,No,Yes,3,5,Home,0,0,0.45261747221720855
82,Female,148/74,219,20.1,No,No,3,6,Rehab,0,1,0.5761431733912318
71,Female,139/74,172,36.1,No,Yes,6,2,Home,0,0,0.42600828277016206
25,Male,140/81,176,36.1,Yes,No,2,7,Home,0,0,0.41542231007432084
54,Other,111/74,293,22.8,No,Yes,3,9,Home,0,0,0.456318864395727
62,Female,156/78,263,27.4,Yes,Yes,6,1,Home,0,0,0.48605151476270086
32,Male,137/70,173,26.2,No,Yes,0,9,Nursing_Facility,0,1,0.583081013740035
45,Male,150/86,291,37.2,Yes,Yes,10,9,Rehab,0,1,0.6204949745413276
52,Male,153/90,248,36.0,Yes,Yes,3,6,Home,0,0,0.4642354053543275
83,Female,155/79,173,19.5,Yes,Yes,4,1,Home,0,0,0.4790020022488829
84,Other,142/96,235,20.4,Yes,No,0,9,Home,0,0,0.4473585810405221
77,Other,115/100,295,21.7,No,Yes,1,1,Nursing_Facility,1,1,0.6069362514601464
51,Male,156/76,161,39.2,No,No,5,9,Home,0,0,0.37739512821833604
81,Male,116/72,298,36.4,No,No,1,9,Home,0,0,0.40837184482390093
25,Male,135/73,218,34.3,Yes,No,7,6,Home,0,0,0.4586260883884047
23,Other,160/91,224,21.2,No,No,6,4,Home,0,0,0.42406610410030177
27,Male,138/70,242,34.6,Yes,Yes,5,4,Home,0,0,0.47111982078858633
75,Male,143/79,218,38.5,Yes,No,8,10,Home,0,0,0.4315781093847256
66,Female,120/77,284,24.0,Yes,No,0,9,Rehab,0,1,0.6095373317537683
59,Male,128/84,288,31.7,Yes,No,4,10,Nursing_Facility,1,1,0.5704558264897905
32,Female,136/72,267,26.8,No,No,7,1,Rehab,0,1,0.572959678937913
23,Female,154/75,263,37.8,Yes,Yes,8,10,Home,1,0,0.4697217167042307
40,Female,130/88,277,37.2,Yes,Yes,0,8,Rehab,1,1,0.6108107525602582
24,Other,113/76,268,32.7,No,Yes,5,9,Rehab,1,1,0.6036856850783605
45,Other,119/99,199,19.9,Yes,No,2,8,Nursing_Facility,0,1,0.6044527757808742
53,Other,142/85,153,34.7,No,No,5,8,Nursing_Facility,0,1,0.5246545174173527
78,Male,111/86,252,18.0,Yes,No,3,6,Home,0,0,0.46620648122726016
53,Male,113/85,166,31.4,Yes,Yes,5,1,Home,0,0,0.4658007255518456
85,Male,143/91,206,19.3,Yes,No,9,9,Rehab,1,1,0.6078864124062086
69,Male,142/95,273,30.5,No,Yes,1,9,Home,0,0,0.4430252416089646
60,Other,155/74,202,36.5,No,No,10,2,Home,0,0,0.4118341520793055
40,Female,129/87,161,32.7,No,Yes,4,3,Nursing_Facility,0,1,0.5655796118955441
55,Female,158/80,281,24.7,Yes,Yes,7,4,Home,1,1,0.5059337951568311
77,Female,152/83,214,20.2,Yes,Yes,5,7,Rehab,0,1,0.640009036226093
57,Female,122/76,225,21.2,No,No,9,1,Home,0,0,0.4143234023848619
49,Female,115/82,186,35.8,Yes,No,3,7,Nursing_Facility,0,1,0.5561504795878481
64,Male,137/88,299,24.5,Yes,No,1,5,Home,1,0,0.47907627546976306
24,Female,140/89,202,25.2,No,No,7,6,Home,0,0,0.40124199296818236
62,Other,141/88,166,36.5,No,Yes,2,6,Home,1,0,0.4355611968557565
77,Female,113/94,244,21.1,No,Yes,9,8,Rehab,0,1,0.6142382767921587
74,Female,124/82,250,19.4,Yes,Yes,1,2,Rehab,0,1,0.647273358640282
31,Male,152/94,256,24.9,No,No,2,7,Nursing_Facility,0,1,0.5587118183772122
33,Male,149/99,156,31.2,Yes,Yes,0,7,Home,0,0,0.4514946869564701
26,Male,142/91,183,20.8,Yes,No,8,1,Rehab,1,1,0.6199020334176932
51,Other,150/71,234,27.5,No,Yes,6,6,Rehab,0,1,0.6108242589878845
62,Other,128/74,282,28.0,Yes,No,7,4,Home,0,0,0.4721019457788966
71,Male,138/74,259,35.1,No,No,4,8,Home,0,0,0.3888298269842127
34,Other,125/85,262,20.6,Yes,Yes,8,5,Home,0,1,0.5015908002954563
80,Other,113/71,233,24.1,No,No,9,10,Home,0,0,0.4218514712961393
59,Other,140/73,160,21.8,Yes,No,6,5,Home,0,0,0.44988536216566294
87,Other,141/96,182,28.2,Yes,No,4,1,Rehab,0,1,0.5992934281230833
46,Other,118/76,205,18.6,Yes,Yes,6,10,Home,0,0,0.48260575365228137
56,Male,129/82,219,31.5,Yes,Yes,3,6,Home,0,0,0.4730501072409537
71,Male,112/94,244,25.7,Yes,No,5,2,Home,0,0,0.43815983660492275
45,Other,152/79,263,35.6,Yes,No,3,5,Home,1,0,0.43676129980495615
72,Other,158/86,159,37.4,No,No,6,5,Rehab,0,1,0.5515815310345317
53,Other,125/99,188,37.7,Yes,Yes,0,1,Home,0,0,0.45788746259921226
37,Other,136/92,199,27.7,No,No,3,7,Home,0,0,0.4022033841607544
71,Male,132/91,258,28.5,Yes,Yes,9,8,Home,0,0,0.48234925573330295
39,Female,119/97,199,30.9,Yes,No,5,10,Rehab,0,1,0.5924313647432237
71,Male,117/74,183,34.4,Yes,Yes,9,1,Home,0,0,0.4629460603372589
24,Male,114/75,189,39.2,Yes,Yes,7,7,Nursing_Facility,0,1,0.5868403677349038
78,Other,116/90,282,29.9,No,Yes,2,7,Home,0,0,0.45440545343093297
42,Male,131/70,273,25.0,Yes,No,2,1,Rehab,0,1,0.5995227512290532
22,Female,136/96,166,21.5,No,No,6,3,Rehab,0,1,0.5707434149509408
66,Female,131/79,176,29.2,Yes,No,10,9,Rehab,0,1,0.5993948592732686
34,Male,110/99,154,22.0,Yes,Yes,5,5,Home,0,0,0.4750873733340659
36,Male,157/100,162,22.0,Yes,No,2,6,Home,0,0,0.4281173081248028
31,Female,142/70,183,18.2,No,No,6,5,Home,0,0,0.4108149148213838
29,Female,124/73,260,37.7,Yes,Yes,7,6,Nursing_Facility,0,1,0.5954253737640032
40,Female,151/94,211,39.2,Yes,Yes,7,5,Home,0,0,0.4584401589517509
53,Other,125/73,238,38.3,Yes,No,9,7,Home,0,0,0.422032574698131
29,Male,154/85,299,27.9,No,No,4,3,Home,0,0,0.4156537663959647
63,Female,160/97,217,22.0,No,No,1,3,Home,0,0,0.43106683520649197
37,Female,124/78,213,26.9,Yes,Yes,6,10,Rehab,0,1,0.6202833920104384
30,Other,114/100,275,19.8,No,Yes,7,5,Rehab,1,1,0.6206553913530927
60,Male,112/75,248,30.4,Yes,Yes,7,4,Nursing_Facility,0,1,0.6131507068563262
83,Other,132/92,181,26.6,Yes,Yes,4,3,Home,0,0,0.4768802898036651
76,Female,116/99,268,28.9,No,Yes,6,2,Rehab,0,1,0.6100658203641739
85,Female,147/85,157,36.4,Yes,No,5,2,Rehab,0,1,0.5837946438412092
51,Male,142/87,258,28.3,No,No,1,7,Rehab,0,1,0.5720753425893385
30,Female,138/89,276,25.5,Yes,No,8,2,Rehab,0,1,0.6246981771241995
82,Other,126/87,271,31.3,Yes,No,8,4,Home,0,0,0.4386287111722661
34,Other,145/79,268,21.6,Yes,Yes,7,1,Nursing_Facility,0,1,0.6367822719524608
70,Male,151/89,152,22.8,Yes,No,4,8,Home,0,0,0.4446918762504142
31,Male,134/89,169,35.0,No,Yes,3,1,Nursing_Facility,0,1,0.5706668541306421
35,Female,136/71,292,37.8,Yes,No,2,8,Home,0,0,0.4328380200483826
36,Other,150/80,222,38.0,Yes,No,5,2,Home,0,0,0.4516299250064378
67,Other,118/77,210,38.2,Yes,No,5,7,Rehab,0,1,0.5779666180559683
83,Other,114/83,187,36.9,Yes,Yes,8,2,Home,0,0,0.4746945321638647
32,Other,157/98,221,31.9,No,No,7,2,Home,0,0,0.4068269355119556
54,Other,115/91,211,21.3,Yes,No,10,5,Rehab,0,1,0.6189337894151706
50,Female,123/85,196,30.6,No,Yes,6,2,Home,0,0,0.440641025086641
29,Female,140/94,153,33.7,Yes,No,6,4,Rehab,0,1,0.5885311589900579
70,Female,111/98,222,21.8,No,Yes,0,2,Home,0,0,0.4473436470772435
18,Female,134/85,183,32.2,Yes,Yes,1,2,Nursing_Facility,1,1,0.6104872914238354
81,Male,143/86,226,29.5,Yes,Yes,3,10,Home,0,0,0.4631683303973593
31,Male,113/81,223,25.0,Yes,No,3,4,Nursing_Facility,1,1,0.5866114633454612
26,Male,123/75,250,23.0,Yes,No,6,8,Home,0,0,0.4429595202235635
89,Male,111/82,268,30.1,Yes,No,7,7,Home,1,0,0.45328740692263453
81,Female,120/83,243,38.6,No,Yes,6,2,Home,0,0,0.4337811719723054
45,Female,114/86,195,36.4,No,Yes,6,4,Home,0,0,0.4276487399626226
75,Male,114/98,192,18.5,Yes,Yes,8,2,Rehab,0,1,0.6464553635805077
61,Female,117/90,191,30.4,No,Yes,7,6,Rehab,1,1,0.5871921511286131
65,Female,126/81,300,37.8,No,No,10,4,Rehab,0,1,0.5641675160469349
53,Other,124/81,164,33.8,Yes,Yes,8,9,Home,0,0,0.4746695345927244
58,Male,140/96,291,37.9,No,No,6,5,Home,0,0,0.40771193560071356
22,Other,131/92,241,20.8,No,No,0,4,Home,0,0,0.4182030527244151
46,Female,119/83,288,25.8,No,No,10,2,Nursing_Facility,0,1,0.5931040580045516
43,Other,118/83,217,31.7,No,No,3,9,Home,0,0,0.4118988329289587
36,Male,135/81,222,40.0,Yes,Yes,2,5,Home,0,0,0.44877130071843224
24,Other,134/84,294,37.2,No,No,0,7,Home,0,0,0.41084730117787754
63,Male,132/87,294,18.3,No,Yes,8,2,Home,0,0,0.4672856521982027
67,Male,151/74,278,30.8,No,Yes,1,9,Home,0,0,0.43351534789167995
51,Female,128/90,219,21.3,Yes,No,9,3,Home,0,0,0.46819740437009094
46,Other,142/95,186,27.8,Yes,No,6,3,Home,0,0,0.4484268471715256
23,Male,150/72,207,32.4,No,No,8,1,Home,1,0,0.4164797561366537
23,Other,148/71,210,34.8,Yes,Yes,8,7,Home,1,0,0.4713439794231653
44,Male,132/89,191,29.2,No,Yes,7,7,Home,0,0,0.4323518062243733
41,Female,114/86,218,29.7,No,No,2,5,Rehab,0,1,0.5638461356347211
76,Other,160/74,229,34.3,No,Yes,7,3,Rehab,0,1,0.6033008364301367
54,Female,149/86,195,23.5,Yes,Yes,1,3,Home,0,0,0.4926157458730833
18,Male,127/73,151,24.8,Yes,Yes,5,9,Home,0,0,0.4717829658462642
63,Other,145/80,262,35.0,Yes,Yes,8,4,Home,0,0,0.47938132371280756
32,Female,148/98,165,20.6,No,No,6,5,Home,0,0,0.42405076242471795
24,Female,118/77,277,36.3,No,No,0,10,Home,0,0,0.38488108264809107
73,Female,138/70,184,27.7,No,Yes,0,10,Home,0,0,0.4380808223877334
51,Female,156/92,254,21.3,No,Yes,8,7,Home,0,0,0.4533588005322738
84,Female,123/73,206,35.0,Yes,Yes,2,1,Nursing_Facility,1,1,0.5956385270506204
88,Male,113/70,193,24.8,Yes,No,3,3,Home,0,0,0.44870859377116284
24,Other,110/84,196,23.7,Yes,Yes,2,8,Home,0,0,0.482411285969382
50,Female,136/79,221,33.3,Yes,Yes,7,1,Home,0,0,0.47504118057267086
33,Female,153/83,204,32.4,Yes,No,7,8,Nursing_Facility,0,1,0.565196920628918
84,Female,131/84,267,21.5,No,No,8,2,Nursing_Facility,0,1,0.5618485684385542
61,Male,147/100,251,29.1,No,Yes,9,7,Home,0,0,0.4325954413924095
75,Female,122/70,209,32.6,Yes,Yes,4,6,Home,0,0,0.45468863021731026
90,Male,146/91,190,39.8,No,Yes,0,8,Home,0,0,0.4081052238283891
42,Female,143/95,201,28.1,Yes,Yes,8,1,Home,1,0,0.4697150993779361
78,Female,125/90,158,28.1,No,Yes,2,10,Home,0,0,0.4420415282485172
63,Female,121/72,190,22.3,No,Yes,6,10,Home,0,0,0.45192566546302615
32,Male,135/81,281,37.4,No,No,2,3,Home,0,0,0.39327069644578616
79,Other,133/92,167,33.5,Yes,Yes,5,9,Home,1,0,0.4740606102241192
72,Male,135/99,215,36.9,Yes,No,3,3,Home,0,0,0.42420833734172086
81,Other,136/95,283,34.4,Yes,No,6,7,Home,0,0,0.44334625597555966
90,Male,128/78,192,30.8,No,Yes,9,4,Rehab,0,1,0.5960198867295147
90,Other,160/84,296,19.2,Yes,No,0,2,Nursing_Facility,0,1,0.6094546072217529
83,Female,143/72,248,39.4,No,No,8,3,Home,1,0,0.3951092694578696
86,Male,154/71,294,37.7,No,Yes,7,10,Home,0,0,0.4368991993885529
64,Female,127/88,234,20.2,Yes,No,6,8,Home,0,0,0.45361483114844153
38,Male,151/76,228,23.4,No,No,3,9,Home,0,0,0.4149904752492579
40,Other,117/73,213,29.2,Yes,Yes,4,7,Rehab,1,1,0.623830649385244
41,Other,117/90,276,28.6,No,No,6,1,Home,0,0,0.414121876287753
84,Male,117/79,252,29.7,Yes,No,1,10,Nursing_Facility,1,1,0.5764817728638727
67,Male,139/88,253,23.6,No,No,9,1,Home,0,0,0.4317651587173468
35,Male,154/81,186,24.9,Yes,Yes,3,10,Home,0,0,0.4748794557097487
47,Male,160/94,195,30.5,Yes,Yes,4,9,Nursing_Facility,0,1,0.6042941539341029
28,Male,138/72,173,23.7,No,No,6,7,Home,1,0,0.3978038540560503
85,Male,112/71,216,21.9,Yes,Yes,5,8,Home,0,0,0.47417222706472834
29,Other,130/77,201,35.3,No,No,10,6,Home,0,0,0.3959028473667542
29,Female,137/75,165,30.9,Yes,No,5,10,Home,0,0,0.4240395587750874
43,Other,132/79,282,27.2,Yes,Yes,6,2,Rehab,0,1,0.6402684148404596
33,Female,128/77,151,34.4,No,No,1,6,Home,0,0,0.37459134585284076
37,Female,125/75,167,35.4,Yes,Yes,9,8,Home,0,0,0.4540306399203757
65,Male,143/74,221,39.7,No,No,10,7,Home,0,0,0.3821484266195971
35,Male,122/87,261,25.8,No,Yes,2,1,Home,0,0,0.4363364847285015
56,Other,125/86,210,35.3,No,Yes,4,6,Home,0,0,0.43848159794978736
80,Male,127/70,180,26.4,Yes,No,0,5,Home,1,0,0.426702529637217
23,Female,150/82,300,30.8,No,No,9,4,Nursing_Facility,0,1,0.5537706797662224
52,Other,160/81,232,23.3,Yes,No,7,3,Home,0,0,0.45471096399526195
84,Other,134/80,263,29.7,No,Yes,3,6,Nursing_Facility,0,1,0.5910031135021838
68,Male,156/83,214,30.2,Yes,Yes,1,7,Home,0,0,0.4717294088380199
36,Male,155/84,165,31.4,No,No,9,7,Home,0,0,0.3944303809657427
59,Female,149/72,189,28.5,Yes,Yes,10,6,Home,0,0,0.4716713524127117
80,Other,148/78,237,29.8,No,Yes,6,1,Home,0,0,0.44910280177751494
82,Female,129/96,292,27.7,No,No,3,6,Home,0,0,0.4142319927568624
28,Female,159/85,253,25.8,Yes,No,3,1,Home,0,0,0.45079102952161915
89,Other,139/79,251,35.7,Yes,Yes,4,3,Home,0,0,0.47280539795260845
85,Male,142/83,208,39.7,No,No,2,5,Home,0,0,0.38770984880165416
34,Other,130/76,164,38.3,Yes,No,9,4,Home,0,0,0.42757786264903297
46,Male,122/86,226,38.2,Yes,No,4,4,Home,1,0,0.4132356890372611
55,Male,148/74,246,20.9,No,No,9,8,Home,0,0,0.41778457542918973
87,Male,121/72,164,38.3,No,Yes,7,6,Home,0,0,0.42586861586421004
64,Other,135/82,296,36.4,Yes,Yes,9,10,Home,0,0,0.48526112245277764
45,Female,137/74,208,33.1,No,No,3,8,Nursing_Facility,0,1,0.5315499547935616
80,Female,150/72,246,25.2,No,Yes,5,4,Home,0,0,0.46789624008977937
59,Female,147/96,224,24.7,Yes,Yes,0,2,Home,0,0,0.4730796645635098
25,Other,148/76,199,32.1,Yes,Yes,9,8,Home,0,0,0.4651849990101277
78,Female,116/92,300,34.4,Yes,Yes,7,9,Home,0,0,0.47664443740244783
76,Male,117/90,153,34.2,No,Yes,6,9,Home,0,0,0.41410622929017016
53,Female,142/82,206,29.6,Yes,Yes,10,5,Rehab,0,1,0.6323762978054186
85,Other,155/81,238,22.9,Yes,No,8,6,Nursing_Facility,0,1,0.5972874368039277
80,Male,133/99,284,34.6,No,Yes,4,8,Home,0,0,0.43865685506600344
49,Male,110/73,164,38.9,No,Yes,8,5,Home,1,0,0.42292429954012367
77,Female,146/88,232,30.6,No,No,9,3,Rehab,0,1,0.5645588423490501
69,Other,143/70,216,32.6,Yes,Yes,5,5,Home,0,0,0.46262856342528297
48,Female,155/99,266,25.7,Yes,Yes,5,9,Rehab,0,1,0.6475275944550274
75,Other,126/93,286,19.1,Yes,No,3,3,Home,0,0,0.46155748248354045
39,Male,117/98,239,18.3,No,Yes,7,8,Home,0,0,0.4572980150585222
89,Other,135/74,267,18.1,No,Yes,1,8,Home,0,0,0.45242288991919316
33,Other,160/87,284,31.0,Yes,Yes,8,5,Home,0,0,0.47389487935061175
65,Male,123/89,286,25.5,No,No,3,4,Home,0,0,0.4126029439372675
68,Other,124/91,238,34.5,Yes,Yes,4,5,Home,0,0,0.46523410851534847
86,Female,124/85,168,18.9,No,Yes,8,6,Home,0,0,0.4421446058603623
61,Male,132/73,291,34.0,No,No,8,1,Home,0,0,0.42029444891609363
44,Male,138/98,266,30.3,Yes,Yes,4,8,Home,0,0,0.47912903754531605
19,Other,137/87,271,20.4,No,No,3,6,Home,0,0,0.4331605199032855
34,Male,111/97,224,32.9,Yes,Yes,4,9,Home,0,0,0.4588837674263799
63,Female,133/89,201,21.7,Yes,Yes,2,4,Home,0,0,0.4840047523456503
80,Female,132/86,254,23.0,Yes,No,8,2,Home,0,0,0.45513535143795253
35,Female,135/73,284,33.1,No,No,2,3,Home,1,0,0.43560436146155485
59,Other,144/92,216,39.2,Yes,No,4,7,Home,1,0,0.4272773350917768
82,Male,149/87,153,35.9,Yes,Yes,10,6,Home,1,0,0.4526494783012065
73,Male,121/75,221,38.1,Yes,No,0,6,Home,0,0,0.4262940838069938
89,Other,113/97,233,29.0,Yes,Yes,3,2,Home,0,0,0.4785544999149433
23,Other,149/78,207,24.4,No,Yes,3,5,Rehab,1,1,0.6052722349103563
89,Male,148/74,279,22.0,No,Yes,9,10,Home,0,0,0.4547190663183384
24,Other,137/84,192,19.3,No,No,2,4,Home,1,0,0.4293448627649011
78,Male,116/100,277,23.1,Yes,Yes,9,9,Nursing_Facility,0,1,0.6334414471491734
90,Male,141/92,192,21.7,No,No,1,1,Home,0,0,0.4052153960147703
79,Female,153/91,155,18.8,Yes,Yes,10,4,Rehab,1,1,0.6477461064514993
31,Male,155/83,184,21.6,Yes,Yes,3,7,Home,0,0,0.47549208556076117
59,Other,146/85,239,33.9,Yes,Yes,4,2,Home,0,0,0.48329456322833947
24,Other,112/96,150,37.2,No,Yes,1,7,Home,1,0,0.41842093861537893
86,Other,152/83,299,38.3,Yes,Yes,6,4,Home,1,0,0.4739514512641223
41,Male,139/74,234,33.4,No,No,2,10,Home,0,0,0.3954811716745401
22,Male,150/82,230,26.8,No,Yes,0,8,Home,0,0,0.43540017564904676
48,Male,148/99,237,35.4,Yes,No,6,9,Home,1,0,0.43225276677660696
30,Female,114/79,272,35.2,Yes,No,6,7,Rehab,0,1,0.5965837003775576
53,Male,131/87,251,25.1,No,Yes,10,9,Rehab,0,1,0.6091213517913542
72,Other,113/94,202,25.9,Yes,Yes,2,4,Rehab,0,1,0.6385543988336013
36,Male,135/75,288,21.2,Yes,No,9,10,Home,0,0,0.4545274938765259
42,Male,112/83,150,18.1,Yes,No,5,2,Home,1,0,0.44729710231354464
38,Female,140/88,300,19.7,Yes,Yes,10,9,Rehab,0,1,0.657879394018987
42,Female,122/82,226,36.3,Yes,No,3,6,Home,0,0,0.4238373494931578
88,Other,124/100,228,39.0,Yes,Yes,0,4,Home,0,0,0.4616826451016512
24,Male,159/93,234,23.5,No,No,0,7,Home,0,0,0.40689298503436894
78,Female,157/77,265,18.8,Yes,No,9,6,Rehab,1,1,0.6164652284914421
54,Female,114/99,258,25.2,No,Yes,10,3,Home,0,0,0.45127324335266866
42,Female,134/94,220,29.9,Yes,No,10,9,Rehab,0,1,0.5934215181167748
83,Female,124/90,170,29.6,Yes,No,2,2,Home,1,0,0.4313357473660172
64,Female,122/80,167,29.6,Yes,Yes,9,10,Home,0,0,0.46242178975890535
83,Female,154/94,269,30.6,No,Yes,0,7,Rehab,0,1,0.5973599209872754
89,Other,149/72,232,23.9,Yes,Yes,9,2,Nursing_Facility,0,1,0.6316836986973499
33,Other,110/90,257,21.9,No,Yes,4,1,Home,0,0,0.46511567685907795
22,Male,145/97,252,19.9,No,Yes,7,3,Home,1,0,0.46275395060111374
25,Male,158/79,260,35.2,Yes,No,4,9,Home,0,0,0.42538453272682364
56,Male,148/76,282,36.6,Yes,Yes,7,9,Rehab,0,1,0.6197853124334011
52,Male,158/86,262,36.9,Yes,No,6,10,Rehab,0,1,0.5890213419463683
33,Other,130/92,170,31.8,No,Yes,7,5,Rehab,1,1,0.6004687445118038
65,Other,152/72,196,22.6,Yes,No,0,5,Home,0,0,0.44127554677054703
78,Other,154/70,214,29.6,Yes,Yes,7,9,Home,0,0,0.4765083190411621
48,Other,159/98,175,26.6,No,No,6,1,Home,0,0,0.41635329283621486
74,Female,112/92,185,31.5,Yes,Yes,4,2,Rehab,1,1,0.6195568020810293
18,Female,113/87,162,33.2,Yes,No,6,2,Home,0,0,0.42156294923906246
46,Other,125/78,259,26.4,Yes,Yes,9,4,Home,0,0,0.4975846415192416
22,Female,141/75,186,28.2,No,Yes,6,7,Home,0,0,0.43029461771765376
24,Female,156/89,267,33.6,No,Yes,1,10,Rehab,0,1,0.5906355563854525
61,Male,145/86,198,38.3,Yes,No,2,10,Home,0,0,0.40853921380235375
74,Female,127/80,212,37.9,Yes,No,5,1,Home,0,0,0.43458386908627894
77,Female,160/95,152,22.9,Yes,No,5,4,Nursing_Facility,0,1,0.5727329864522915
74,Female,148/99,253,24.0,Yes,No,0,2,Home,0,0,0.45529947480147476
23,Female,129/80,150,33.5,Yes,Yes,8,3,Home,0,0,0.46894322722711335
60,Female,129/99,227,24.0,Yes,Yes,6,10,Rehab,0,1,0.6329811596465231
71,Male,151/100,211,23.6,No,No,1,6,Home,0,0,0.4122124130173685
62,Other,154/90,285,23.0,No,No,5,10,Home,0,0,0.42351610295924874
62,Other,142/77,258,26.5,Yes,Yes,4,2,Home,0,0,0.4836193677035369
38,Male,146/93,254,31.5,Yes,Yes,6,1,Home,0,0,0.4802694830896243
75,Female,136/85,223,39.7,Yes,Yes,4,8,Home,0,0,0.46300738101855815
40,Male,114/76,256,33.4,No,Yes,4,1,Home,0,0,0.4425745566364462
89,Male,146/91,269,20.7,No,Yes,6,2,Home,0,0,0.4530125948810917
26,Male,114/96,250,35.0,No,No,8,5,Nursing_Facility,1,1,0.5332428126068751
56,Male,120/93,276,37.3,No,No,8,5,Home,0,0,0.39651364167787995
34,Female,125/80,271,36.6,No,Yes,8,9,Rehab,0,1,0.5981445823687793
89,Other,115/89,256,19.5,Yes,Yes,8,1,Home,0,0,0.4967527625187091
38,Other,119/76,272,22.1,Yes,Yes,2,5,Home,0,0,0.4868854325981215
56,Other,131/79,279,19.3,No,Yes,9,8,Home,0,0,0.4731259415553479
63,Male,144/80,221,34.9,Yes,No,10,10,Home,0,0,0.4418960951529149
44,Female,118/82,194,20.9,No,Yes,4,5,Rehab,0,1,0.6011499782991832
69,Female,159/98,185,26.0,No,No,5,2,Rehab,0,1,0.5724885379281324
30,Other,125/74,242,35.8,Yes,Yes,0,3,Home,0,0,0.4574296647024509
45,Male,160/94,244,36.8,Yes,Yes,0,8,Home,0,0,0.4588366343604211
86,Female,120/72,211,37.0,Yes,No,10,8,Home,0,0,0.4272195240473273
60,Other,153/85,168,35.3,Yes,Yes,5,3,Home,0,0,0.4694030125171224
87,Male,131/98,175,24.0,Yes,Yes,5,10,Home,0,0,0.47762538156994183
59,Other,138/88,254,28.6,No,No,6,4,Home,0,0,0.41045340599412555
35,Female,140/100,214,32.7,Yes,Yes,0,7,Home,0,0,0.466863762478129
31,Other,146/82,294,25.8,No,Yes,7,7,Home,0,0,0.46517436993483674
43,Female,117/93,288,20.4,No,Yes,1,7,Home,0,0,0.4532986785859956
44,Female,130/71,289,31.7,No,Yes,6,8,Home,0,0,0.4448462868820953
84,Other,137/80,197,21.9,Yes,No,7,1,Home,0,0,0.4588343224509516
54,Other,112/87,224,30.7,No,Yes,2,10,Home,0,0,0.4539024541384259
67,Male,147/94,215,21.9,No,No,3,9,Home,1,0,0.42121986482506535
85,Female,119/72,230,21.0,No,Yes,8,2,Home,0,0,0.4646138750987482
81,Male,153/97,296,31.2,Yes,No,6,10,Home,0,0,0.4512892149882159
82,Male,147/100,272,20.9,No,Yes,9,1,Rehab,0,1,0.6105706428613438
32,Other,136/83,199,27.1,Yes,Yes,0,4,Home,0,0,0.4821593849951793
33,Male,153/83,250,22.1,Yes,No,4,8,Nursing_Facility,0,1,0.5833068481006751
75,Other,123/85,275,22.5,No,No,4,5,Home,0,0,0.43331543336113276
66,Male,127/73,228,36.1,Yes,No,1,4,Home,0,0,0.43286093207051834
53,Other,122/85,243,26.2,Yes,No,4,7,Home,1,0,0.44225933541629225
80,Male,149/92,247,31.5,Yes,No,5,8,Rehab,1,1,0.5955033402172477
18,Other,143/88,294,24.3,No,Yes,8,5,Nursing_Facility,0,1,0.5962375035948125
71,Female,117/77,297,21.3,Yes,No,1,4,Home,0,0,0.4747564381128977
57,Female,148/81,276,34.9,No,No,8,3,Home,0,0,0.4022426454073582
59,Female,154/89,271,31.0,Yes,Yes,0,5,Rehab,0,1,0.6267029130431074
70,Male,148/83,247,32.3,Yes,No,8,9,Home,0,0,0.44440564546240985
83,Female,156/98,295,33.8,Yes,Yes,7,5,Home,0,0,0.48897895852119466
29,Male,159/76,247,36.4,Yes,No,3,7,Home,0,0,0.42328374498872556
26,Other,155/79,187,23.5,No,No,5,9,Rehab,0,1,0.5650142838506583
61,Female,112/96,157,31.9,No,Yes,10,9,Home,0,0,0.4269950218987947
19,Female,118/78,295,21.1,Yes,No,0,8,Home,0,0,0.45768386843641723
85,Other,126/75,196,34.1,No,Yes,8,4,Rehab,0,1,0.5855257869072457
60,Male,128/97,172,38.4,No,No,1,6,Home,0,0,0.37863941070545654
61,Male,148/73,218,37.0,No,No,8,5,Rehab,0,1,0.5533645112317218
69,Other,149/100,217,23.0,Yes,Yes,9,5,Home,1,0,0.4944417403380639
56,Male,115/72,153,38.8,No,No,3,7,Home,1,0,0.39289051041480055
74,Other,121/100,156,37.9,Yes,No,2,10,Home,0,0,0.4083267819466223
26,Male,115/71,225,30.2,Yes,No,0,5,Home,0,0,0.4244256277424373
86,Male,132/92,257,38.4,Yes,No,0,6,Rehab,0,1,0.5831448590682093
82,Male,152/94,205,19.1,No,Yes,6,5,Home,0,0,0.4592266606887941
19,Male,135/73,218,32.5,Yes,No,1,4,Rehab,0,1,0.6176171232449895
73,Female,140/70,236,39.6,No,Yes,3,4,Rehab,0,1,0.5917546963403684
42,Other,135/81,263,25.5,No,Yes,9,8,Home,0,0,0.45127237530633485
80,Male,145/91,179,37.2,Yes,No,6,7,Home,0,0,0.41739238027938974
23,Female,149/93,234,35.4,No,No,0,1,Nursing_Facility,0,1,0.54030926213249
25,Male,152/79,279,38.9,No,Yes,1,4,Home,0,0,0.4244654048096351
54,Male,131/74,185,28.9,No,Yes,7,5,Home,0,0,0.43382249254162286
39,Female,147/100,271,38.6,Yes,Yes,5,9,Rehab,0,1,0.6118276101564412
73,Male,145/93,222,30.4,No,No,1,1,Rehab,0,1,0.5596963685813063
25,Male,146/91,191,21.4,No,Yes,4,7,Nursing_Facility,0,1,0.5766866618964686
53,Female,115/90,211,33.0,Yes,Yes,7,5,Nursing_Facility,0,1,0.6084904580488151
41,Male,148/85,199,18.3,Yes,Yes,5,10,Home,0,0,0.4845865907108839
78,Other,156/92,231,24.0,Yes,No,10,8,Nursing_Facility,0,1,0.5948743701957543
52,Male,110/88,264,24.1,No,Yes,6,6,Home,0,0,0.4413703614393315
83,Female,128/90,248,22.2,No,Yes,8,3,Home,0,0,0.47092448002790627
46,Other,146/92,234,39.1,No,No,4,1,Home,0,0,0.39850115860806606
32,Male,156/93,289,36.4,No,Yes,9,6,Home,0,0,0.44504340691384814
34,Male,153/88,199,24.6,No,No,4,7,Rehab,0,1,0.5557853098852549
52,Other,157/84,274,30.4,Yes,No,4,5,Nursing_Facility,0,1,0.5877743567846084
21,Male,127/83,211,22.3,Yes,No,0,10,Rehab,1,1,0.597341136561901
72,Male,154/90,259,35.2,Yes,Yes,4,3,Home,0,0,0.4661452323648848
90,Female,141/97,184,33.7,No,No,8,3,Home,0,0,0.3939424757074795
64,Male,141/80,274,20.1,Yes,No,1,3,Rehab,0,1,0.6168247615527966
75,Male,111/97,235,26.9,No,No,7,5,Home,0,0,0.40657545648359406
49,Female,157/70,157,35.9,No,No,9,7,Home,0,0,0.38695803625947683
37,Male,110/91,187,34.9,Yes,No,1,10,Rehab,1,1,0.5699679814573955
33,Female,128/91,224,36.0,Yes,No,7,5,Home,0,0,0.4371171697252
61,Female,160/75,236,34.3,Yes,No,6,4,Home,0,0,0.4365022618122043
30,Other,113/89,291,29.7,Yes,Yes,2,9,Home,0,0,0.4934967022019814
84,Female,139/77,295,21.6,No,No,2,6,Home,0,0,0.41475489111478003
62,Male,111/79,189,37.7,No,No,8,10,Rehab,0,1,0.5484481411246054
33,Female,110/88,288,34.6,Yes,No,0,8,Nursing_Facility,0,1,0.5671537453398825
69,Male,158/89,267,37.7,Yes,Yes,2,6,Rehab,0,1,0.6219971844788632
68,Male,110/86,191,20.7,No,Yes,5,6,Home,0,0,0.4545298769405053
45,Other,130/93,219,19.4,Yes,Yes,4,1,Home,0,0,0.4988583802547043
88,Other,124/98,266,26.1,Yes,Yes,1,7,Home,0,0,0.47923570722235176
44,Female,159/91,293,38.9,No,Yes,3,10,Nursing_Facility,0,1,0.5754066365369847
87,Male,158/91,173,24.5,Yes,No,1,6,Home,0,0,0.4350032418067799
21,Male,147/82,185,28.5,Yes,No,0,10,Home,0,0,0.42392845277801966
41,Female,155/80,165,18.9,Yes,Yes,4,8,Home,0,0,0.48336421083358294
54,Male,126/94,220,23.1,No,Yes,2,7,Home,0,0,0.43780599496550127
44,Other,136/91,213,18.1,No,No,7,5,Home,0,0,0.43253992238814315
57,Male,118/75,238,28.2,No,Yes,8,7,Home,0,0,0.4367389441337566
52,Male,147/100,183,24.6,Yes,No,8,5,Rehab,0,1,0.5908576640907308
24,Male,121/80,204,27.2,Yes,Yes,5,8,Home,0,0,0.4776901974487323
23,Other,123/93,294,27.0,No,Yes,4,7,Home,0,0,0.4717909464062279
25,Female,142/71,164,39.5,Yes,No,2,8,Nursing_Facility,1,1,0.5435349530138233
43,Other,112/85,235,29.3,Yes,Yes,6,2,Home,1,0,0.4786665729732206
36,Other,156/70,244,23.6,Yes,Yes,8,1,Rehab,0,1,0.6651088275255183
90,Other,132/100,195,20.2,No,Yes,10,6,Home,0,0,0.4538372625827087
54,Female,138/71,287,28.4,Yes,Yes,9,9,Home,0,0,0.4754317807272388
36,Male,115/85,177,29.7,No,Yes,8,1,Nursing_Facility,0,1,0.5842676294120558
74,Male,158/71,159,21.6,Yes,No,1,5,Rehab,1,1,0.5971470621859375
84,Female,148/75,235,19.0,Yes,Yes,2,2,Home,0,0,0.48509161678523444
59,Other,156/90,279,34.1,Yes,No,5,4,Home,0,0,0.4587821956437985
88,Male,132/70,172,38.6,Yes,No,10,6,Home,0,0,0.4254201888567654
64,Other,134/83,203,28.2,No,No,7,6,Nursing_Facility,0,1,0.5460372323519009
46,Female,152/88,215,39.0,No,Yes,2,3,Home,0,0,0.4200275573584619
68,Female,139/92,198,27.7,No,No,2,8,Nursing_Facility,0,1,0.5385893806905075
30,Female,147/72,168,24.8,No,No,3,10,Rehab,0,1,0.5686919935725694
76,Other,130/74,236,25.3,No,No,2,7,Home,1,0,0.4219583694370938
21,Male,159/79,286,25.3,Yes,No,0,1,Home,0,0,0.44817089612599054
83,Other,125/84,162,28.8,No,Yes,7,3,Home,0,0,0.4405196718260891
90,Male,121/94,193,33.1,No,No,5,8,Home,0,0,0.4026071404582902
50,Female,148/71,293,32.0,No,No,2,2,Home,0,0,0.41297988078690695
40,Male,149/70,232,34.5,Yes,Yes,4,7,Home,0,0,0.46654497923457006
75,Male,124/72,285,29.9,No,No,4,4,Home,1,0,0.41373961026084694
19,Male,125/78,202,37.6,Yes,Yes,1,5,Rehab,0,1,0.6181533645421484
71,Other,127/75,259,30.3,No,Yes,9,5,Home,0,0,0.44314118106033895
88,Male,137/93,161,36.0,No,No,8,4,Home,0,0,0.38998957700895087
36,Other,159/80,197,30.0,Yes,Yes,6,2,Home,0,0,0.46609601501362896
78,Female,144/99,206,32.8,Yes,No,7,4,Home,0,0,0.43006855789148357
69,Male,129/96,231,28.9,No,Yes,0,7,Home,0,0,0.4339490002664272
81,Male,139/84,216,36.5,No,Yes,2,4,Rehab,0,1,0.5901335894455911
32,Other,138/79,184,39.2,No,No,0,8,Home,1,0,0.3840466766893043
38,Female,113/93,250,32.4,Yes,Yes,4,2,Home,0,0,0.46144764969824814
18,Other,132/88,204,24.2,Yes,No,0,4,Nursing_Facility,0,1,0.5858456159394043
31,Male,129/83,181,21.6,Yes,Yes,8,9,Home,0,0,0.46965167048004797
30,Female,141/96,153,35.5,Yes,No,2,4,Home,0,0,0.4148490252573139
61,Male,119/96,193,24.6,No,No,1,8,Home,0,0,0.39686807326324247
66,Male,148/87,165,21.4,Yes,Yes,3,2,Home,0,0,0.4779747773035159
59,Other,133/78,237,23.3,Yes,No,10,4,Home,1,0,0.4722293449153575
65,Male,155/73,168,27.3,Yes,No,10,6,Home,0,0,0.4301015895098389
33,Male,135/78,281,36.9,No,Yes,10,10,Home,0,0,0.4408504632604092
60,Male,115/78,282,23.9,No,Yes,9,9,Home,0,0,0.4550795075840235
55,Female,140/87,188,31.7,No,Yes,4,6,Home,0,0,0.42896469109055524
18,Female,111/94,170,33.7,Yes,No,0,4,Home,1,0,0.42394700882132574
51,Other,138/78,166,30.6,No,Yes,6,3,Rehab,0,1,0.5893039578404822
84,Male,135/94,180,32.2,No,No,1,4,Home,0,0,0.39116837364856294
58,Male,133/97,192,20.9,Yes,No,5,10,Rehab,0,1,0.6046012536429358
55,Male,154/88,176,37.0,Yes,Yes,2,1,Home,0,0,0.4566657381522608
84,Male,132/78,231,36.5,No,Yes,0,5,Home,1,0,0.43159013716439937
60,Female,133/75,280,21.9,No,No,7,10,Home,0,0,0.4203815391130948
38,Female,115/84,239,33.8,Yes,No,8,9,Nursing_Facility,0,1,0.572530707632041
28,Other,138/77,209,21.5,Yes,No,2,5,Rehab,0,1,0.6154142215179333
29,Other,143/80,161,19.4,No,Yes,5,4,Home,0,0,0.4539976214477407
73,Female,153/92,285,21.9,Yes,Yes,1,1,Home,0,0,0.49375974109395315
45,Female,129/74,210,19.2,No,Yes,3,6,Home,0,0,0.456887320861253
72,Other,133/84,176,37.6,No,No,10,5,Rehab,0,1,0.5557951321240276
31,Female,151/87,279,38.3,Yes,No,10,10,Home,0,0,0.42594047854284506
33,Other,137/94,189,34.0,Yes,Yes,9,8,Home,0,0,0.463700351450821
54,Other,125/93,229,36.2,Yes,Yes,4,9,Home,0,0,0.48602074472303464
62,Male,155/85,248,37.3,Yes,Yes,8,2,Rehab,1,1,0.6169748862108363
71,Other,132/73,267,18.9,No,No,9,4,Home,0,0,0.4470590599209352
58,Other,140/77,157,39.4,No,No,4,7,Home,0,0,0.4010786668624257
45,Female,124/84,174,31.1,No,Yes,1,2,Home,0,0,0.42881952020682257
49,Other,145/97,165,29.5,Yes,No,1,7,Home,0,0,0.4411026876795091
47,Other,141/83,262,38.0,Yes,No,1,4,Rehab,0,1,0.5885301183539947
78,Male,148/71,221,39.2,No,No,8,8,Home,0,0,0.39270605385664953
63,Other,138/90,156,29.2,No,Yes,1,5,Home,0,0,0.4293512644526095
57,Female,112/99,202,23.6,Yes,No,1,7,Home,0,0,0.4368037246533888
29,Male,121/100,253,36.8,Yes,Yes,6,9,Home,0,0,0.44910324895701886
63,Other,126/76,173,19.5,Yes,No,0,5,Home,0,0,0.45229299533114015
82,Male,143/97,188,37.6,Yes,Yes,4,10,Home,0,0,0.45210125576626137
42,Other,143/94,211,30.9,No,No,2,5,Home,0,0,0.39278814116714433
61,Male,127/86,166,34.4,No,No,4,7,Home,0,0,0.38525149662199254
24,Male,150/95,257,36.5,No,Yes,8,5,Home,0,0,0.4212387233060984
55,Male,145/73,202,35.2,No,Yes,9,7,Home,0,0,0.4202040785386901
19,Other,159/77,224,39.4,No,Yes,4,8,Home,0,0,0.4236586680481511
58,Male,123/91,257,31.2,No,No,0,1,Home,0,0,0.3949103283659929
27,Male,120/82,246,21.7,Yes,Yes,3,1,Home,0,0,0.4975652731179284
29,Female,119/95,212,29.0,Yes,No,8,9,Nursing_Facility,0,1,0.5834664056351396
87,Other,110/95,189,20.9,Yes,No,0,4,Home,0,0,0.4656520883986775
27,Male,137/94,213,31.8,Yes,Yes,1,3,Rehab,0,1,0.6193716299568074
37,Male,139/97,243,31.8,Yes,Yes,8,1,Home,0,0,0.47853258801368626
64,Male,146/71,155,30.3,Yes,No,9,7,Rehab,0,1,0.5948151381395301
55,Other,110/90,213,22.2,Yes,Yes,1,9,Home,0,0,0.4894278610970103
76,Female,111/72,257,22.0,No,No,4,1,Home,0,0,0.42202116854394195
30,Other,148/91,198,26.9,Yes,Yes,9,4,Home,0,0,0.4711144401355236
85,Other,160/88,290,24.7,Yes,No,4,8,Home,0,0,0.45862258274975004
59,Female,138/93,253,27.8,Yes,No,10,1,Home,0,0,0.4357414523035864
74,Male,137/82,209,18.2,No,No,3,3,Nursing_Facility,0,1,0.5549801444986363
47,Other,125/98,206,20.5,No,No,9,10,Home,1,0,0.425264284079737
67,Other,137/75,240,21.0,Yes,No,0,3,Home,0,0,0.45693438173472783
36,Other,158/94,188,37.7,No,No,9,5,Home,0,0,0.4024238085431183
88,Female,125/98,246,21.5,No,Yes,6,10,Home,0,0,0.4576700725612135
33,Male,117/78,215,23.0,No,Yes,5,1,Home,0,0,0.4444956558277821
87,Female,158/78,202,35.2,Yes,No,3,9,Home,0,0,0.4227477121983576
78,Other,119/99,213,18.9,Yes,No,0,2,Rehab,0,1,0.6287086642200868
59,Female,156/81,225,28.3,No,No,4,9,Home,0,0,0.39581331589811697
40,Other,138/93,196,21.6,Yes,No,8,5,Home,0,0,0.43961350796447757
22,Male,134/81,249,22.1,Yes,Yes,5,8,Nursing_Facility,1,1,0.6232399327250694
67,Other,152/100,248,38.5,Yes,Yes,5,6,Nursing_Facility,0,1,0.60283050757411
21,Female,126/80,170,25.5,No,No,2,5,Home,0,0,0.39754151621097267
38,Male,155/81,270,21.2,Yes,No,5,7,Home,0,0,0.4517551000536496
52,Female,141/90,295,33.6,No,Yes,9,3,Home,0,0,0.44794965115295443
85,Other,135/73,283,35.3,Yes,Yes,10,4,Home,0,1,0.5125694647519677
51,Female,156/71,250,24.7,No,No,4,9,Home,0,0,0.4163925426971945
32,Other,119/98,175,33.0,No,No,7,8,Home,0,0,0.4141990440315737
20,Female,134/81,214,20.5,Yes,No,7,10,Home,0,0,0.4492688022554807
88,Female,136/95,236,27.8,No,Yes,8,10,Home,0,0,0.44119866896283866
54,Male,160/73,178,27.7,No,Yes,1,10,Home,0,0,0.42804555324660726
44,Male,158/92,215,36.2,Yes,No,0,6,Rehab,1,1,0.5899790822486713
59,Female,123/74,239,39.4,No,Yes,6,9,Home,1,0,0.43724759704755956
53,Female,119/93,156,18.1,Yes,Yes,5,2,Nursing_Facility,1,1,0.6285789399781732
26,Female,118/72,168,34.4,No,No,2,1,Home,0,0,0.4023705290227916
77,Female,117/82,169,38.3,Yes,No,9,4,Home,0,0,0.420580096202954
57,Other,131/91,151,21.7,No,No,6,7,Home,0,0,0.4166419987917732
29,Other,118/76,173,28.7,No,Yes,0,2,Rehab,0,1,0.5878851900345098
41,Other,124/95,173,26.4,Yes,Yes,10,4,Home,0,0,0.4828594241536349
46,Male,120/89,208,29.6,Yes,No,2,4,Home,0,0,0.42834910346215965
68,Male,138/94,177,32.8,No,No,8,3,Home,0,0,0.40953164006701576
89,Other,135/87,235,18.9,No,No,8,9,Home,0,0,0.41969783287901996
27,Female,152/76,187,26.0,No,Yes,5,5,Rehab,0,1,0.6039164174436736
29,Male,142/89,265,31.6,Yes,No,8,2,Home,0,0,0.4299523237184248
56,Male,112/91,281,31.7,Yes,Yes,5,3,Rehab,1,1,0.6515967958163676
53,Other,119/74,170,39.3,Yes,No,6,1,Home,0,0,0.4352755239211386
56,Female,146/79,156,35.5,Yes,Yes,6,2,Rehab,0,1,0.6182512516699455
25,Female,145/79,271,27.8,No,No,8,7,Home,0,0,0.41202468656153785
25,Male,117/79,190,26.4,No,No,7,9,Rehab,0,1,0.5584556210779401
69,Female,140/72,262,25.1,Yes,No,3,9,Rehab,0,1,0.6229868565050948
79,Other,110/88,238,31.2,No,Yes,8,9,Home,0,0,0.43530487947154245
83,Male,125/71,176,33.9,No,Yes,9,8,Rehab,0,1,0.5841287762197366
58,Other,133/77,248,20.7,No,Yes,6,7,Home,0,0,0.47000600437050705
32,Other,112/96,274,31.3,Yes,No,2,1,Home,0,0,0.4475339605865675
75,Male,157/92,252,38.8,No,Yes,7,8,Rehab,0,1,0.5917693156059375
71,Other,137/91,191,21.8,Yes,No,0,1,Home,0,0,0.44825344943163115
22,Female,137/94,277,23.6,Yes,No,10,10,Rehab,1,1,0.6091667840366551
33,Male,145/97,268,38.5,Yes,Yes,7,1,Nursing_Facility,1,1,0.6125398833486146
55,Other,124/81,151,38.5,No,No,1,7,Home,0,0,0.39535597402122674
38,Female,147/89,231,29.8,Yes,Yes,7,8,Rehab,0,1,0.6277785817929699
39,Other,159/99,273,26.4,No,Yes,9,4,Rehab,0,1,0.6138571097470162
58,Female,122/90,160,30.8,Yes,No,1,3,Home,0,0,0.42800208862206174
35,Other,147/98,274,22.3,Yes,No,2,7,Home,0,0,0.45908767942151657
20,Male,120/71,151,39.0,Yes,No,2,1,Home,0,0,0.40044319536696643
78,Female,154/94,150,26.4,Yes,Yes,1,8,Rehab,0,1,0.6220374562627379
55,Other,143/84,206,22.7,No,No,3,2,Home,0,0,0.42431531393212446
25,Other,143/94,220,18.4,No,No,10,1,Rehab,1,1,0.5771068268020598
78,Other,147/74,157,30.8,No,Yes,5,6,Home,1,0,0.4456121172919424
62,Other,129/85,162,24.8,No,Yes,1,5,Home,0,0,0.4400589592667154
25,Other,114/75,202,31.6,Yes,No,1,7,Rehab,0,1,0.5890659136849878
35,Female,141/80,240,28.0,Yes,No,10,1,Home,1,0,0.4478207911310339
23,Female,155/79,268,32.3,No,No,1,1,Home,0,0,0.399071452426216
41,Other,133/75,216,28.8,Yes,No,0,2,Home,0,0,0.44121402589461645
56,Other,139/91,285,31.7,Yes,No,2,2,Home,0,0,0.4626694814484713
18,Female,130/73,188,31.3,Yes,Yes,7,9,Nursing_Facility,0,1,0.6006348310747306
66,Male,136/74,198,38.7,No,Yes,2,10,Nursing_Facility,0,1,0.5473387470761619
59,Female,123/74,299,37.7,Yes,Yes,7,9,Home,0,0,0.482845187398179
43,Male,145/94,272,32.1,Yes,Yes,9,4,Rehab,0,1,0.6296274720697317
45,Other,148/70,243,29.0,Yes,No,4,9,Nursing_Facility,0,1,0.5886668597296615
69,Male,133/72,187,27.3,No,No,0,9,Home,0,0,0.39563118249891865
59,Other,122/91,282,18.9,Yes,Yes,8,10,Nursing_Facility,0,1,0.6366553446001612
32,Female,132/76,241,30.1,Yes,No,2,3,Home,0,0,0.444657606409903
39,Female,110/98,269,27.2,No,Yes,1,9,Rehab,0,1,0.5975601483575502
28,Other,121/80,216,19.8,No,Yes,8,3,Home,0,0,0.4673967479036712
82,Female,147/76,223,35.4,Yes,No,0,1,Home,0,0,0.42409174422748935
57,Male,112/93,297,23.6,No,Yes,10,5,Home,0,0,0.461370717172732
59,Other,132/95,224,32.6,Yes,Yes,7,2,Home,0,0,0.4724617678519313
57,Male,132/79,175,31.0,No,No,8,10,Home,0,0,0.386303415623421
89,Other,129/96,161,28.8,Yes,Yes,8,10,Home,0,0,0.47063948673403316
37,Female,135/76,267,25.4,Yes,Yes,6,4,Rehab,0,1,0.6355054354011591
89,Female,155/97,236,26.1,Yes,Yes,3,6,Nursing_Facility,1,1,0.6154033748851817
42,Male,149/100,227,18.6,No,Yes,0,7,Rehab,0,1,0.6121737225446571
81,Male,130/86,253,28.3,Yes,No,10,9,Home,0,0,0.4402187779883668
45,Female,135/80,258,34.4,Yes,Yes,6,5,Rehab,1,1,0.6355381416085265
78,Other,136/83,273,25.3,Yes,Yes,1,4,Home,0,0,0.4971367426343127
81,Other,135/74,276,37.0,No,Yes,6,5,Rehab,0,1,0.5876844151304321
36,Male,127/75,206,37.9,Yes,No,7,10,Home,0,0,0.41313272554131564
33,Female,118/73,271,28.0,Yes,Yes,8,7,Home,1,0,0.48742010313269224
25,Other,128/85,280,20.6,Yes,Yes,4,1,Home,1,1,0.5009637993280248
44,Other,156/80,152,29.4,Yes,Yes,7,8,Home,0,0,0.47054265187742506
22,Female,156/86,261,31.1,Yes,No,3,9,Home,0,0,0.43930563723855026
71,Female,151/72,295,23.0,Yes,No,4,5,Home,0,0,0.4602142841088714
37,Female,131/81,212,19.1,No,Yes,10,9,Nursing_Facility,0,1,0.5995653162771799
60,Other,134/87,151,20.2,Yes,No,10,3,Home,0,0,0.4553928142605657
54,Female,133/84,160,21.1,No,Yes,3,9,Home,0,0,0.44150356354354203
44,Female,110/84,278,20.5,No,No,1,4,Home,0,0,0.4259063440494724
42,Male,122/88,239,21.5,No,No,2,9,Home,0,0,0.4367504223402035
81,Female,139/74,280,36.1,Yes,Yes,0,6,Rehab,0,1,0.6278152356677595
86,Male,126/87,192,32.3,No,No,6,7,Home,0,0,0.3838888187412175
90,Other,119/71,180,38.2,No,Yes,9,8,Home,0,0,0.4265913100316383
32,Other,139/97,283,21.5,Yes,Yes,10,9,Nursing_Facility,0,1,0.6419497599618761
45,Female,142/85,209,29.3,No,No,0,4,Home,0,0,0.39343706567593467
31,Male,155/99,284,37.5,No,No,10,10,Home,1,0,0.4062287712674884
63,Other,113/80,247,38.3,No,Yes,7,10,Nursing_Facility,0,1,0.5845910141379044
42,Female,133/90,235,31.9,No,No,6,3,Home,0,0,0.40311663213093385
61,Male,152/92,277,24.7,Yes,No,7,10,Rehab,0,1,0.6077880274024501
39,Female,131/99,224,20.7,Yes,No,4,4,Home,0,0,0.44853623266491
52,Female,160/80,263,19.0,No,No,6,8,Home,0,0,0.4269547366533024
89,Female,159/92,209,20.6,Yes,Yes,8,2,Home,0,0,0.4935798758984462
56,Female,144/98,261,28.3,No,Yes,0,5,Home,0,0,0.43878958478438884
86,Other,141/95,192,24.4,No,Yes,6,9,Home,1,0,0.4522847677316472
55,Female,158/88,233,24.3,No,No,2,8,Home,0,0,0.4052059496877953
53,Male,142/78,280,35.7,Yes,No,5,10,Home,0,0,0.42674145360116095
50,Other,150/97,233,23.6,Yes,No,6,1,Home,0,0,0.4623223859014859
74,Other,118/70,292,23.8,Yes,No,4,4,Home,0,0,0.4631735033740741
22,Female,138/71,294,39.4,No,Yes,2,3,Home,0,0,0.4228585756596705
87,Male,130/79,217,21.2,Yes,Yes,2,6,Home,0,0,0.47964880666609455
71,Female,129/82,233,20.3,Yes,Yes,5,2,Home,0,0,0.49781040953378297
47,Female,137/88,208,29.3,Yes,Yes,4,10,Home,0,0,0.4944024875092671
44,Other,125/87,280,22.3,No,No,3,5,Home,0,0,0.41986232052900146
37,Other,129/71,259,32.4,Yes,Yes,8,1,Home,0,0,0.47397590780070586
74,Female,129/75,194,34.9,Yes,No,2,7,Home,0,0,0.4416743953083607
30,Female,134/89,214,22.2,No,No,0,3,Nursing_Facility,1,1,0.5614043785076891
55,Other,152/79,220,23.2,Yes,No,3,8,Home,0,0,0.4492311209954794
57,Female,146/81,179,40.0,No,No,4,2,Home,0,0,0.39089020397127905
82,Female,138/86,257,36.5,No,No,5,1,Nursing_Facility,0,1,0.5408365367861199
24,Male,111/82,185,33.0,Yes,Yes,9,1,Nursing_Facility,0,1,0.6134306326657675
85,Female,154/99,177,37.0,No,No,9,1,Nursing_Facility,0,1,0.5287291903873739
66,Female,111/84,210,38.0,No,Yes,1,5,Home,1,0,0.4146519759158138
27,Male,135/99,199,34.7,No,Yes,10,6,Rehab,0,1,0.5843249605826754
74,Female,143/87,169,26.1,Yes,No,7,3,Rehab,0,1,0.5988648946474913
47,Other,147/78,180,29.1,Yes,Yes,10,8,Home,0,0,0.47013838543177183
55,Other,147/71,281,27.3,Yes,No,10,3,Rehab,0,1,0.6177516580944582
85,Other,136/71,224,39.6,No,No,8,1,Home,0,0,0.40153672471144974
40,Female,110/73,252,36.9,No,Yes,4,2,Rehab,0,1,0.5973266797517824
31,Female,135/89,251,37.5,No,Yes,1,9,Home,0,0,0.4149669593208676
68,Other,112/76,291,20.8,Yes,No,1,7,Home,1,0,0.46535492155866237
60,Female,145/77,192,19.7,Yes,No,5,10,Home,0,0,0.4561831365400559
79,Female,151/97,237,30.1,Yes,No,5,2,Home,1,0,0.43337187643402525
24,Male,152/90,165,26.1,Yes,Yes,6,5,Home,0,0,0.45781640123085793
67,Female,160/70,273,27.1,No,Yes,0,7,Rehab,0,1,0.5992176300555258
54,Male,116/72,151,37.4,No,No,10,10,Home,0,0,0.3913117946464544
55,Other,128/99,240,32.9,No,No,0,10,Nursing_Facility,0,1,0.5455356288234144
70,Male,157/92,181,19.6,Yes,No,8,2,Rehab,0,1,0.6151976663562053
48,Male,122/94,250,26.4,Yes,Yes,9,2,Home,1,0,0.48767696085830803
35,Female,127/98,254,24.2,Yes,No,2,7,Home,0,0,0.4427337792022889
69,Male,139/83,263,27.3,No,No,6,2,Home,0,0,0.41455159387326135
35,Other,130/94,173,36.1,No,Yes,5,5,Rehab,0,1,0.5990275129360104
36,Male,111/78,152,26.0,No,Yes,8,1,Home,0,0,0.44452887074697567
89,Female,118/85,216,23.7,No,No,2,2,Home,0,0,0.4104522932256253
21,Female,118/95,282,36.9,Yes,No,2,2,Home,0,0,0.4322347737079277
63,Male,138/83,188,39.9,No,No,4,10,Nursing_Facility,0,1,0.5292875224289255
22,Female,141/90,273,33.8,Yes,No,7,7,Home,0,0,0.4410726667655332
47,Female,112/96,239,26.0,Yes,No,0,2,Home,1,0,0.44487495807051575
42,Other,155/73,296,21.8,Yes,Yes,5,2,Home,0,0,0.49505610255453153
25,Female,132/97,206,29.5,Yes,Yes,7,2,Home,0,0,0.47837350621958796
47,Female,136/81,150,35.3,Yes,No,9,5,Nursing_Facility,0,1,0.5691581564355411
30,Other,124/97,186,18.9,Yes,No,3,2,Home,0,0,0.465500663901383
30,Female,142/79,282,21.0,No,Yes,6,9,Rehab,0,1,0.6227569410941347
22,Female,123/98,183,21.8,No,Yes,1,5,Home,0,0,0.43872913657143975
65,Other,125/89,209,22.2,Yes,Yes,5,4,Home,0,1,0.5008867224861202
34,Other,158/70,250,21.7,Yes,Yes,5,9,Home,0,0,0.4943567353664324
40,Male,128/100,154,20.8,No,No,10,4,Home,1,0,0.4002492536194527
29,Female,140/94,274,21.4,Yes,No,5,1,Rehab,0,1,0.6226460368942521
47,Male,122/79,278,21.4,Yes,Yes,10,5,Home,0,0,0.4919472029841473
73,Male,129/91,230,29.3,No,Yes,1,10,Rehab,0,1,0.5892815548709058
23,Other,146/98,198,19.3,No,No,2,7,Rehab,0,1,0.5727487362482974
76,Male,140/87,271,38.1,No,No,0,6,Home,0,0,0.3935589010277925
71,Female,127/80,222,35.1,No,No,3,5,Home,0,0,0.40291166612322704
75,Other,148/91,204,36.2,Yes,Yes,0,3,Rehab,0,1,0.6142596122505933
77,Male,159/72,164,19.8,No,No,5,8,Home,1,0,0.4191635679904762
65,Female,113/70,270,31.0,Yes,No,2,5,Home,0,0,0.44837299849443113
75,Other,120/76,290,21.1,Yes,Yes,0,1,Nursing_Facility,0,1,0.6397634277084154
44,Other,111/89,157,36.5,Yes,No,10,3,Rehab,0,1,0.5894390788124133
30,Female,118/70,219,33.0,No,Yes,5,10,Rehab,0,1,0.5885776877487102
87,Male,130/75,235,29.4,No,No,2,8,Home,0,0,0.39463436687020303
31,Other,157/85,234,26.8,No,No,3,8,Home,0,0,0.4111517033956314
49,Female,158/100,213,21.0,Yes,No,7,10,Home,0,0,0.45209518948341626
88,Male,135/77,167,29.2,Yes,No,2,2,Rehab,0,1,0.5993026956381261
46,Female,122/88,215,29.1,No,Yes,7,1,Home,0,0,0.46462443978059176
69,Other,154/93,293,27.8,Yes,No,3,1,Nursing_Facility,0,1,0.5946208735899243
58,Male,141/86,298,30.5,Yes,No,5,8,Home,0,0,0.4543788226727995
45,Other,135/74,271,30.8,No,Yes,7,4,Nursing_Facility,0,1,0.5775182998535017
72,Female,123/87,201,22.2,No,No,9,3,Rehab,0,1,0.5775707058060372
50,Female,142/70,247,37.2,No,Yes,1,6,Rehab,0,1,0.5810534953156482
18,Female,146/86,210,18.9,No,No,3,6,Rehab,0,1,0.5621953677461226
84,Female,125/91,299,36.6,Yes,Yes,5,5,Home,0,0,0.4798179397389505
64,Female,146/71,176,32.6,Yes,No,7,10,Home,0,0,0.4340650198302058
84,Female,149/90,157,32.5,No,Yes,0,10,Home,0,0,0.42906786373526695
43,Female,130/88,233,22.4,Yes,No,1,5,Rehab,0,1,0.5964390931404719
51,Other,130/72,219,22.3,No,No,1,5,Home,0,0,0.4208795183688442
67,Female,160/99,193,29.2,No,Yes,9,3,Nursing_Facility,0,1,0.5873267822386411
30,Female,135/96,259,21.1,No,No,7,10,Home,0,0,0.42323895596000854
87,Female,150/93,222,31.9,Yes,No,9,1,Home,0,0,0.4340874584162294
65,Other,124/70,248,19.3,No,Yes,10,4,Home,0,0,0.4602210875238907
62,Other,116/92,253,22.2,Yes,No,10,5,Nursing_Facility,1,1,0.6039179474856662
48,Other,116/79,157,35.7,Yes,No,9,3,Rehab,0,1,0.5850085982591726
20,Female,132/82,278,24.9,No,Yes,8,3,Nursing_Facility,0,1,0.586733355123554
22,Female,114/94,178,32.8,Yes,Yes,5,8,Home,0,0,0.4524417467288519
61,Other,114/90,224,24.8,Yes,No,2,1,Home,0,0,0.4511403251744446
49,Male,139/83,240,37.9,No,Yes,9,7,Home,0,0,0.42731911635947134
18,Male,112/86,198,37.0,No,Yes,1,6,Home,0,0,0.4172936361225679
80,Other,146/95,274,28.5,No,No,2,9,Home,0,0,0.4157031467294095
39,Male,150/89,256,37.4,Yes,Yes,4,4,Home,0,0,0.45380183529210244
46,Male,121/72,259,37.0,No,No,8,10,Rehab,0,1,0.562280949268696
88,Other,121/96,237,20.2,No,Yes,2,2,Home,0,0,0.4521405267491707
72,Female,122/89,245,31.0,Yes,No,1,9,Home,0,0,0.4335002338172327
58,Female,135/71,202,28.7,Yes,No,9,4,Rehab,0,1,0.6031424249382913
51,Female,153/90,178,39.1,Yes,Yes,7,3,Home,0,0,0.4557993441806062
58,Male,142/93,189,36.1,No,No,1,5,Home,0,0,0.3817046907512924
87,Female,123/92,202,32.1,Yes,Yes,4,9,Home,0,0,0.47469839962490046
54,Other,152/88,223,21.2,Yes,Yes,5,10,Home,0,0,0.4869518583012829
64,Male,114/71,203,18.1,Yes,No,10,5,Home,0,0,0.45270116855864806
67,Female,141/77,236,38.2,No,No,4,2,Home,0,0,0.39655383942875144
41,Other,133/97,201,27.7,Yes,No,1,10,Home,0,0,0.4409043413069898
36,Male,147/72,199,31.1,No,Yes,1,2,Home,0,0,0.4386738753840765
43,Female,144/78,275,18.5,No,No,7,1,Home,0,0,0.43095576069581454
77,Female,123/88,258,21.2,No,Yes,9,4,Home,0,0,0.45924301580031984
36,Other,124/96,155,30.0,Yes,No,9,3,Rehab,0,1,0.590757342771359
66,Male,139/92,176,18.5,No,No,1,3,Home,0,0,0.4090742000978406
34,Male,118/97,292,34.6,Yes,Yes,0,5,Home,0,0,0.46433348791650386
86,Other,159/72,288,33.5,Yes,Yes,9,2,Home,0,0,0.4955959679745793
50,Male,131/81,275,28.1,No,Yes,5,2,Home,0,0,0.4528766612003387
35,Other,137/75,237,28.1,Yes,No,0,7,Home,0,0,0.4421988760116
90,Male,139/82,176,35.4,No,No,5,1,Nursing_Facility,0,1,0.5305907610811448
44,Female,130/89,218,28.0,Yes,No,10,8,Rehab,0,1,0.6021192798584648
65,Female,132/87,229,23.6,Yes,No,8,5,Home,0,0,0.45183709242974196
38,Other,122/96,190,33.2,Yes,No,7,3,Home,0,0,0.4343736341468556
86,Other,114/95,238,27.4,No,No,10,9,Nursing_Facility,0,1,0.5642321932150798
56,Male,124/99,280,21.1,Yes,Yes,2,3,Rehab,0,1,0.6491445257019535
67,Other,122/100,211,30.8,No,Yes,3,7,Rehab,0,1,0.5977542075650878
54,Female,136/93,208,38.3,No,Yes,0,1,Home,0,0,0.4307333819629074
48,Other,117/83,291,29.1,Yes,No,8,1,Home,0,0,0.45351606108007786
31,Female,139/78,259,19.2,No,No,6,9,Home,0,0,0.4222031329166154
21,Other,114/97,226,20.0,Yes,Yes,0,8,Home,0,0,0.4875066773763723
68,Other,126/71,282,36.2,Yes,Yes,3,3,Home,0,0,0.4716451198943768
54,Other,120/82,259,25.8,Yes,No,7,9,Home,0,0,0.46521553828159595
78,Other,129/87,153,29.5,Yes,Yes,2,5,Home,1,0,0.46821734383846436
43,Other,141/72,286,29.5,Yes,Yes,10,5,Nursing_Facility,0,1,0.6241760647023881
90,Female,123/77,228,33.3,No,No,8,9,Home,0,0,0.4030116881461132
72,Other,153/99,268,18.7,No,No,9,9,Home,0,0,0.4350016449164191
37,Male,148/76,287,26.3,Yes,No,2,1,Home,0,0,0.44437318540042225
39,Male,133/74,262,33.2,No,Yes,2,1,Rehab,0,1,0.5965592918169208
24,Other,138/74,168,27.5,Yes,No,3,4,Rehab,0,1,0.5886809316448742
48,Other,157/85,261,20.9,No,No,7,10,Home,0,0,0.42519965357225153
38,Male,124/84,229,23.7,Yes,No,6,3,Home,0,0,0.44749968762493053
26,Other,142/84,244,38.7,Yes,No,6,4,Rehab,0,1,0.5916236976207634
30,Female,120/79,205,30.0,Yes,No,8,9,Home,0,0,0.44002649125358145
27,Female,143/74,226,30.2,Yes,No,6,3,Home,0,0,0.4308842332136748
32,Male,138/94,239,23.4,Yes,Yes,6,8,Home,0,0,0.4954087726862702
64,Other,134/71,192,31.9,Yes,Yes,1,3,Home,1,0,0.4702313620387708
29,Male,150/77,239,37.2,No,Yes,3,6,Home,0,0,0.41866740145294884
85,Female,120/80,216,25.3,Yes,Yes,10,1,Rehab,1,1,0.6450104273484543
70,Female,128/80,186,36.0,Yes,No,3,10,Home,0,0,0.42522052541289473
51,Female,142/91,183,30.2,No,Yes,7,8,Home,0,0,0.44553279647530336
70,Female,121/81,183,32.1,Yes,No,9,2,Home,0,0,0.4313781264978228
31,Other,143/79,234,29.1,No,Yes,8,7,Home,0,0,0.45427731860739895
19,Male,122/95,202,25.9,Yes,No,4,4,Home,0,0,0.4380668348905373
19,Female,154/100,224,39.6,Yes,Yes,7,3,Home,0,0,0.44669152296800924
56,Male,156/95,219,21.0,Yes,Yes,8,5,Home,0,0,0.48383204542807723
82,Female,128/73,262,18.0,Yes,Yes,8,9,Home,0,0,0.4950093653710547
58,Male,113/91,174,26.8,Yes,No,3,9,Nursing_Facility,0,1,0.5803241970821958
90,Male,133/93,152,36.3,No,No,2,2,Rehab,0,1,0.5499802958681003
38,Other,120/82,203,37.8,Yes,Yes,7,7,Home,0,0,0.4740308279693277
67,Male,126/88,225,19.9,No,No,3,5,Home,1,0,0.4147562674586604
52,Other,132/83,300,30.5,Yes,Yes,6,7,Home,0,0,0.4846713974846145
26,Female,147/100,158,32.5,Yes,No,8,1,Rehab,0,1,0.5784401446289993
62,Other,148/88,159,38.6,Yes,Yes,9,7,Rehab,1,1,0.6082287849146996
40,Other,150/84,185,30.9,Yes,Yes,3,7,Nursing_Facility,0,1,0.5992169551896409
31,Male,155/100,238,37.2,No,No,6,6,Home,0,0,0.3896987149633165
26,Male,119/84,294,19.6,Yes,No,0,5,Nursing_Facility,0,1,0.6134766764418019
39,Other,120/75,260,23.5,Yes,No,1,2,Rehab,1,1,0.6160744781001322
61,Male,110/94,280,29.5,Yes,Yes,8,6,Rehab,0,1,0.6521242154603415
87,Female,114/87,209,20.7,Yes,Yes,0,8,Nursing_Facility,0,1,0.6301369026818008
48,Female,150/97,184,30.2,Yes,Yes,0,3,Nursing_Facility,1,1,0.6106314143680311
89,Other,157/77,285,36.6,No,Yes,9,2,Home,0,0,0.44056726409250135
76,Other,147/92,272,33.5,No,No,8,7,Rehab,0,1,0.568268008204456
52,Other,145/78,160,30.6,Yes,No,2,9,Home,0,0,0.44731295970615015
49,Other,133/83,221,21.2,No,Yes,4,4,Rehab,0,1,0.6195154975967148
22,Female,144/98,219,22.9,Yes,Yes,5,6,Home,0,0,0.4769158512786417
34,Female,160/76,213,38.1,No,Yes,8,5,Home,0,0,0.42681463651810597
89,Female,114/97,178,32.3,No,Yes,3,8,Home,0,0,0.42679604074429284
39,Other,119/93,222,21.9,Yes,No,1,2,Home,0,0,0.46066374333495463
26,Other,159/78,196,38.8,No,No,10,10,Nursing_Facility,0,1,0.5404548208492729
88,Other,158/70,242,23.3,Yes,Yes,0,9,Home,1,0,0.4908212271129274
89,Male,116/96,192,21.8,Yes,Yes,9,5,Home,0,0,0.47862792611251653
67,Female,134/72,209,29.4,Yes,No,8,7,Home,0,0,0.43860398082645924
21,Other,125/85,284,29.9,No,Yes,3,10,Home,1,0,0.4495270402486343
55,Other,144/94,227,29.5,No,Yes,4,3,Rehab,0,1,0.6153475129541551
74,Male,128/73,196,20.9,No,No,4,8,Nursing_Facility,0,1,0.5506274890991172
20,Other,151/97,291,31.2,Yes,No,3,5,Home,0,0,0.4388904723188865
19,Other,140/77,261,35.5,Yes,No,1,6,Nursing_Facility,0,1,0.5924562270312725
58,Male,111/89,264,25.4,No,Yes,8,5,Nursing_Facility,0,1,0.592207033273
84,Other,137/82,292,32.1,Yes,Yes,10,4,Home,0,0,0.4827270481783364
27,Other,135/95,281,25.3,Yes,No,2,10,Home,0,0,0.47891683591784406
62,Male,123/79,264,28.2,Yes,Yes,3,5,Home,0,0,0.47941033435703573
25,Female,159/76,260,25.6,No,No,5,4,Home,1,0,0.4112522483679753
78,Male,143/100,229,32.7,Yes,No,4,10,Home,0,0,0.42530376603696635
67,Female,119/86,166,30.3,No,No,3,7,Home,0,0,0.39781249072140695
19,Female,122/85,156,36.0,No,Yes,8,9,Home,0,0,0.40982288675153833
31,Other,120/71,153,35.4,No,No,3,6,Home,0,0,0.37836908879270226
46,Other,142/93,264,27.8,No,Yes,2,8,Home,0,0,0.44259445413670356
74,Male,149/70,270,39.5,No,Yes,0,4,Home,0,0,0.43014661933999604
66,Male,137/72,257,39.8,No,No,4,7,Home,0,0,0.3838318326767238
19,Other,134/83,275,33.3,Yes,No,8,4,Nursing_Facility,0,1,0.5812909704888202
50,Other,125/78,222,19.0,Yes,Yes,1,4,Home,0,1,0.5004440062505368
79,Other,127/89,169,22.3,No,Yes,0,5,Home,0,0,0.4510120943798132
23,Male,111/82,220,29.6,No,No,2,6,Home,0,0,0.40866997098388325
25,Other,134/88,245,20.0,Yes,Yes,7,6,Home,0,0,0.49873705302896026
69,Female,156/82,194,33.5,No,Yes,7,1,Home,0,0,0.4315580065040427
56,Other,135/79,179,19.8,Yes,No,9,7,Home,1,0,0.4536259974942958
72,Female,114/95,290,30.3,No,Yes,2,1,Home,0,0,0.45309767836020937
66,Male,121/90,243,30.7,No,Yes,0,5,Home,0,0,0.44151314243944145
63,Male,154/86,260,23.8,Yes,Yes,10,2,Rehab,1,1,0.6486043618194457
72,Other,156/72,171,27.4,Yes,Yes,8,3,Home,0,0,0.4909850878456112
67,Other,132/83,168,28.6,Yes,Yes,8,1,Rehab,1,1,0.6328268078138285
77,Female,111/99,221,34.6,No,No,0,8,Nursing_Facility,0,1,0.5373782455559795
82,Female,124/92,208,30.3,No,Yes,3,1,Rehab,1,1,0.606666790481086
65,Female,114/84,272,37.2,No,Yes,0,7,Home,0,0,0.4286079961950641
39,Male,117/70,243,35.7,Yes,Yes,3,6,Home,0,0,0.4568120590317445
75,Male,160/80,250,19.6,Yes,Yes,3,10,Home,0,0,0.48993872374005043
22,Female,133/99,185,38.1,No,No,4,2,Rehab,0,1,0.548585077976397
20,Other,129/82,279,26.0,No,Yes,6,5,Home,0,0,0.46217287698687715
45,Other,116/92,159,39.0,Yes,No,2,7,Nursing_Facility,0,1,0.5611224120732401
46,Female,111/86,248,37.0,No,Yes,8,7,Home,0,0,0.4383177377117814
27,Other,132/96,246,22.6,No,No,8,10,Nursing_Facility,0,1,0.557327012287381
23,Female,121/78,222,27.5,Yes,No,0,7,Home,0,0,0.4344969715538548
19,Other,142/95,165,30.2,No,No,7,8,Home,0,0,0.4047030128351637
73,Other,151/80,255,27.1,No,Yes,0,7,Rehab,0,1,0.6069821147039433
54,Female,146/81,222,18.2,No,Yes,4,4,Rehab,0,1,0.6202082164138383
32,Other,141/93,198,37.3,No,No,9,6,Nursing_Facility,0,1,0.5329809582690699
59,Male,145/92,230,28.6,No,Yes,3,7,Rehab,0,1,0.5936084394323611
74,Other,132/85,279,33.7,Yes,No,5,7,Home,1,0,0.4381613857276625
84,Female,157/94,253,33.7,Yes,No,6,8,Nursing_Facility,0,1,0.5835960798069563
19,Other,140/88,289,28.9,Yes,No,10,4,Home,0,0,0.45979687285843646
86,Female,114/99,243,32.2,Yes,Yes,9,4,Home,0,0,0.4738449530199001
41,Female,119/72,273,22.6,Yes,No,10,6,Rehab,0,1,0.6234125910351843
49,Other,118/87,204,26.1,Yes,Yes,9,9,Home,0,0,0.48466878340687225
52,Other,140/97,294,20.7,No,No,3,1,Nursing_Facility,0,1,0.5717511186227253
65,Male,145/72,153,26.2,Yes,Yes,6,2,Nursing_Facility,0,1,0.6085233248570295
28,Male,135/70,196,26.0,No,No,2,1,Home,0,0,0.41177372378391847
45,Male,156/91,171,26.3,Yes,No,3,10,Home,0,0,0.424661211298543
36,Other,114/72,263,19.2,Yes,Yes,0,9,Rehab,0,1,0.6421161988401025
22,Male,113/95,247,19.3,Yes,No,9,5,Home,1,0,0.4571546373349996
20,Male,147/99,245,38.8,No,Yes,0,1,Home,0,0,0.424594666484784
55,Female,156/91,225,32.5,Yes,Yes,9,5,Home,0,0,0.4638299515273445
50,Male,126/87,246,23.4,Yes,Yes,1,10,Rehab,0,1,0.624458872349888
54,Male,130/86,214,26.3,No,No,4,5,Nursing_Facility,0,1,0.5426671344271913
49,Male,118/98,201,31.3,Yes,Yes,6,2,Home,0,0,0.4626034471042668
45,Other,154/74,211,30.5,Yes,Yes,10,3,Nursing_Facility,0,1,0.6124441035530324
83,Other,133/80,178,21.3,No,Yes,10,2,Home,0,0,0.4675848589692282
80,Male,143/70,171,26.9,No,Yes,5,4,Rehab,1,1,0.5841188261804614
23,Other,140/77,290,32.0,No,Yes,9,8,Rehab,0,1,0.6216032383922991
68,Male,119/82,294,21.9,No,Yes,4,7,Home,0,0,0.4561467972094466
61,Female,140/96,276,37.7,Yes,No,7,5,Home,0,0,0.442829377445988
65,Other,155/100,275,28.9,Yes,No,7,8,Home,0,0,0.44925558534647647
24,Male,127/73,163,27.7,No,No,6,9,Home,0,0,0.4014270320269829
90,Other,154/99,233,37.9,No,Yes,10,9,Home,0,0,0.42973818508834494
33,Female,142/80,269,35.8,Yes,No,4,10,Home,0,0,0.4264924598600784
60,Other,153/81,155,22.9,Yes,Yes,9,1,Home,0,0,0.47677953866999373
19,Other,136/80,272,31.2,Yes,No,4,4,Home,0,0,0.4557841498879529
36,Other,127/76,219,26.2,Yes,No,7,2,Home,1,0,0.4456814935783941
77,Other,136/97,198,23.7,Yes,No,8,1,Rehab,0,1,0.6211072371453467
22,Male,136/77,281,27.1,No,No,2,8,Rehab,0,1,0.5603244600775081
20,Female,145/73,162,23.2,No,No,2,7,Home,0,0,0.396787727990733
74,Other,145/86,180,27.0,Yes,No,3,1,Home,0,0,0.4361420870822705
70,Male,118/73,208,34.1,No,No,7,2,Home,0,0,0.40339538383859236
25,Female,133/86,177,29.9,Yes,No,4,1,Home,0,0,0.4234807891503215
71,Other,135/96,285,35.9,Yes,No,3,5,Rehab,0,1,0.6052523712909625
25,Female,127/89,248,20.5,No,No,8,4,Rehab,0,1,0.5858468881935898
48,Other,129/70,165,36.6,Yes,Yes,0,6,Home,0,0,0.4614475111122998
22,Male,119/82,272,35.2,No,No,0,2,Home,0,0,0.3979467701997042
29,Male,114/93,197,32.3,No,Yes,6,8,Home,0,0,0.427653094838347
78,Female,124/99,202,39.3,Yes,Yes,7,7,Home,0,0,0.45819152587211837
65,Female,110/99,222,26.5,No,No,6,8,Home,0,0,0.41070173015668654
29,Female,155/93,239,20.3,Yes,Yes,7,2,Rehab,1,1,0.6521431448163563
90,Other,113/81,198,28.2,No,No,1,7,Home,1,0,0.4108531971421988
81,Male,140/79,219,33.8,No,Yes,7,9,Nursing_Facility,1,1,0.570992539114467
83,Male,117/88,156,39.9,No,Yes,6,9,Nursing_Facility,0,1,0.5606503655557186
49,Male,125/97,220,35.3,No,Yes,0,3,Home,0,0,0.4250400839336412
57,Other,152/97,192,23.4,Yes,Yes,9,9,Home,0,0,0.49201739868739386
41,Female,149/89,219,31.2,Yes,Yes,4,2,Home,0,0,0.47083281454658243
55,Male,147/84,167,37.7,No,No,3,10,Home,0,0,0.3755379981215772
47,Female,129/71,275,38.4,Yes,Yes,5,4,Home,0,0,0.4586808573786812
49,Male,138/97,167,20.3,Yes,Yes,0,4,Rehab,0,1,0.6319043663439559
88,Male,160/89,277,35.7,No,Yes,9,7,Home,0,0,0.4278434083222903
69,Other,142/96,277,34.6,No,Yes,5,7,Home,0,0,0.43319935573694673
55,Female,135/77,274,23.0,No,No,1,2,Rehab,0,1,0.5880033146027771
85,Male,142/96,189,21.4,Yes,No,5,3,Nursing_Facility,0,1,0.5791597018169233
65,Female,123/96,180,32.9,Yes,No,4,9,Home,0,0,0.42347945067108583
90,Other,149/84,244,24.3,No,Yes,4,1,Home,0,0,0.4576681468172032
56,Female,150/96,250,28.2,Yes,No,5,2,Home,0,0,0.4430410967694033
72,Male,130/74,286,33.0,Yes,No,7,10,Rehab,0,1,0.6035250058934367
88,Male,131/87,262,29.8,Yes,No,7,9,Rehab,0,1,0.6041853901542624
22,Female,114/81,167,20.1,No,No,4,1,Home,0,0,0.41445217654891436
53,Other,120/91,267,29.7,No,Yes,6,10,Home,0,0,0.4456903016247037
45,Female,118/82,261,30.4,No,Yes,6,8,Home,0,0,0.4355652321496775
69,Male,122/76,278,30.0,Yes,Yes,0,8,Home,0,0,0.4668027027501703
88,Male,146/77,226,37.1,Yes,No,2,1,Home,0,0,0.42494626518181033
82,Other,150/91,205,29.6,Yes,Yes,0,4,Home,1,0,0.47775230419742293
85,Other,117/94,156,23.7,No,Yes,3,1,Nursing_Facility,0,1,0.5888032543707608
62,Male,160/96,151,35.6,No,No,0,5,Home,0,0,0.37609392741017206
83,Other,144/75,271,26.6,Yes,No,5,1,Rehab,0,1,0.608964609908827
50,Male,121/93,218,32.0,Yes,No,1,6,Home,0,0,0.4319448560922275
48,Other,135/90,209,30.2,No,Yes,8,4,Rehab,0,1,0.6036140385088398
63,Male,146/76,168,35.3,Yes,Yes,0,1,Home,0,0,0.4630904729175096
88,Other,138/74,182,32.3,Yes,Yes,5,5,Home,0,0,0.4611397932206313
23,Female,130/100,203,34.8,Yes,No,9,5,Home,0,0,0.43114241925719404
90,Female,139/75,202,39.9,Yes,No,2,5,Home,0,0,0.4233495624201319
62,Other,141/93,162,35.1,No,Yes,10,9,Home,0,0,0.4251142948634604
49,Female,126/85,176,34.5,Yes,Yes,1,10,Home,0,0,0.4535423169130031
50,Male,134/85,255,27.8,No,Yes,0,9,Home,1,0,0.44714649250249466
77,Female,151/99,228,30.0,Yes,No,7,10,Rehab,0,1,0.5945884138043689
23,Other,114/83,293,25.5,Yes,Yes,6,4,Home,0,1,0.5012784775160843
55,Other,140/85,253,35.9,Yes,No,10,8,Home,1,0,0.43917611774701854
31,Female,120/88,219,28.7,Yes,Yes,7,5,Home,0,0,0.4656964424616451
65,Female,151/90,268,20.2,Yes,No,5,7,Rehab,0,1,0.6247210998465592
79,Other,145/91,175,19.3,No,Yes,10,10,Rehab,0,1,0.6102081109516158
41,Other,121/97,266,38.3,Yes,Yes,8,8,Rehab,0,1,0.6353670557628067
29,Female,156/88,222,22.6,No,Yes,9,3,Home,0,0,0.46062862504078583
58,Male,117/83,232,30.7,Yes,No,6,8,Home,0,0,0.43216760875974725
89,Male,151/82,186,18.3,No,Yes,2,4,Home,1,0,0.44930317492571037
57,Male,141/86,167,21.5,Yes,Yes,1,8,Rehab,0,1,0.6405975068529378
34,Other,118/99,167,23.8,No,Yes,8,3,Home,0,0,0.43732598552176866
89,Female,115/82,167,21.6,Yes,No,7,6,Home,0,0,0.43857189536825364
40,Male,143/93,274,31.8,No,No,4,8,Home,0,0,0.4161534390137419
25,Male,144/94,271,38.1,No,Yes,5,10,Home,0,0,0.4374433014478409
88,Other,121/92,150,18.9,Yes,No,6,8,Rehab,0,1,0.6086390217158838
41,Female,151/79,282,39.1,No,No,7,4,Nursing_Facility,0,1,0.536715339329835
82,Female,157/78,194,31.9,No,No,8,2,Home,0,0,0.42569996723734643
73,Female,146/87,204,26.5,No,Yes,8,9,Home,0,0,0.43511204716599744
23,Other,129/87,284,27.3,No,No,3,3,Nursing_Facility,0,1,0.5597954511013253
44,Other,147/75,198,25.7,No,No,6,5,Home,0,0,0.4041440422667578
53,Male,129/95,254,37.6,Yes,Yes,1,8,Home,0,0,0.45130952286169074
24,Female,138/90,263,28.8,Yes,Yes,6,3,Home,1,0,0.47451970668760035
67,Female,146/87,266,28.0,Yes,Yes,1,3,Home,0,0,0.47469502741969305
45,Other,115/85,294,35.8,Yes,No,0,9,Home,0,0,0.4492881417355886
65,Male,149/74,272,24.6,Yes,No,3,5,Rehab,0,1,0.6029267800731138
33,Female,160/80,235,39.7,Yes,Yes,9,5,Home,0,0,0.4623701766480794
40,Female,135/70,248,31.9,Yes,Yes,7,9,Home,0,0,0.47883591852024404
50,Male,120/82,291,36.6,Yes,No,9,6,Home,0,0,0.4475919179467808
44,Other,125/71,297,18.6,No,Yes,6,8,Nursing_Facility,0,1,0.6079780732596526
29,Female,148/91,237,20.6,No,No,1,4,Home,0,0,0.407853412029917
71,Male,130/89,256,21.5,No,No,10,7,Home,0,0,0.42318170017625506
69,Female,137/93,170,27.3,No,Yes,0,6,Home,0,0,0.433643732888981
46,Female,140/81,289,23.1,Yes,Yes,0,9,Home,0,0,0.48467338469724625
51,Other,145/98,177,21.7,No,No,7,7,Home,0,0,0.40971984507080295
83,Male,143/76,155,28.7,No,No,5,3,Home,0,0,0.3956642867896152
24,Male,116/97,254,21.4,Yes,Yes,0,5,Home,0,0,0.4827522871525787
45,Male,148/79,153,23.0,Yes,No,3,3,Rehab,0,1,0.5869367172116708
55,Female,142/90,225,32.2,No,Yes,1,1,Home,0,0,0.43362811550449387
48,Female,137/87,193,23.8,Yes,Yes,7,3,Home,0,0,0.4861540310225246
67,Female,155/70,159,28.7,No,Yes,4,2,Home,0,0,0.4382513756571506
86,Male,118/87,202,20.9,Yes,Yes,7,2,Home,0,0,0.48922197155524816
45,Other,117/95,279,29.5,Yes,Yes,7,1,Rehab,0,1,0.64428516088684
37,Other,127/87,210,27.6,Yes,No,8,3,Home,0,0,0.4369995351212509
89,Male,126/96,192,27.0,No,No,1,6,Home,0,0,0.3977171417782626
74,Female,142/96,161,26.0,No,No,1,9,Home,0,0,0.390169255810524
23,Male,146/84,152,23.3,No,No,0,8,Home,0,0,0.3979222178967374
70,Male,133/82,194,24.5,No,Yes,5,3,Home,0,0,0.43866643518498993
87,Male,121/77,198,26.8,Yes,Yes,10,3,Home,0,0,0.466689623839504
66,Other,124/96,298,38.8,No,Yes,3,5,Home,0,0,0.43295841473679075
37,Female,124/72,161,22.5,Yes,No,10,7,Home,0,0,0.44522076913246583
25,Male,113/72,173,38.7,No,Yes,0,10,Home,0,0,0.41089062457986003
36,Other,116/99,196,30.2,Yes,No,2,9,Rehab,1,1,0.5980774028055899
66,Other,139/70,255,35.4,Yes,No,7,4,Rehab,0,1,0.6080650348359724
52,Male,134/83,182,18.4,No,No,0,7,Home,0,0,0.40569203243313406
66,Female,153/87,166,35.4,Yes,Yes,3,1,Home,0,0,0.45498559370070163
55,Male,142/74,223,18.3,Yes,Yes,8,2,Nursing_Facility,1,1,0.6232277744568568
19,Other,130/97,213,21.9,No,Yes,6,7,Home,0,0,0.4529930603321948
29,Male,134/74,239,25.3,No,Yes,1,1,Nursing_Facility,0,1,0.5832621024409044
84,Other,142/81,254,34.1,Yes,No,2,3,Home,0,0,0.44224750895233356
23,Female,131/91,241,25.0,No,No,0,8,Home,0,0,0.412613637642659
35,Female,135/94,243,24.8,Yes,Yes,10,2,Home,1,0,0.48365560987924966
40,Male,123/96,208,24.1,No,Yes,4,4,Home,0,0,0.439314471851925
72,Male,133/99,291,28.6,Yes,No,5,7,Rehab,0,1,0.6088430095098903
34,Female,151/82,231,20.3,Yes,No,1,8,Nursing_Facility,0,1,0.590336676953231
22,Male,152/89,231,38.0,No,No,1,2,Home,0,0,0.39209017404685403
76,Male,154/98,198,29.3,No,Yes,1,5,Home,0,0,0.4371202153190524
68,Other,113/71,173,24.4,Yes,Yes,1,6,Home,0,0,0.47989212072722776
85,Female,120/88,164,35.0,No,No,6,8,Home,1,0,0.38204400665370536
62,Male,159/93,260,22.5,No,No,0,3,Rehab,0,1,0.5747329501057249
22,Other,158/97,158,27.4,No,No,6,9,Home,0,0,0.4136302338941178
26,Male,143/94,268,38.9,No,Yes,0,7,Nursing_Facility,0,1,0.5521473508387372
43,Female,131/77,203,32.1,No,No,1,7,Rehab,0,1,0.5609052572372861
24,Male,113/100,179,29.8,Yes,No,0,8,Home,0,0,0.4415569239189417
68,Other,125/92,267,19.2,Yes,Yes,2,1,Home,0,1,0.5014320025957311
63,Male,127/93,212,26.1,No,No,4,10,Rehab,0,1,0.5689734459766944
34,Female,121/87,267,18.7,Yes,Yes,3,1,Nursing_Facility,0,1,0.63561130259253
76,Other,114/95,199,26.7,No,Yes,8,3,Home,0,0,0.45467815306376275
20,Other,125/91,269,36.6,No,No,5,9,Home,0,0,0.4081285480333129
63,Female,149/85,194,22.1,Yes,Yes,2,3,Home,0,0,0.49449345220459767
32,Male,117/80,196,33.8,Yes,No,4,7,Home,0,0,0.42238814525084983
64,Male,115/73,206,22.3,Yes,Yes,9,7,Home,0,0,0.48217533211050145
89,Female,123/89,247,21.2,Yes,Yes,8,7,Home,0,0,0.48680729710060755
67,Other,127/84,232,22.8,No,No,5,10,Rehab,0,1,0.5761925683505182
41,Other,131/87,299,18.4,No,No,10,3,Rehab,0,1,0.601559617464623
36,Female,126/84,211,37.5,Yes,Yes,4,3,Home,0,0,0.46967471397912774
89,Female,122/86,273,35.9,No,No,9,3,Home,0,0,0.39542771923294523
56,Other,143/85,227,27.9,No,Yes,1,2,Home,0,0,0.4424602302322614
76,Male,120/98,164,30.5,No,Yes,8,8,Home,0,0,0.4320967798989074
62,Other,110/77,273,21.9,Yes,No,8,3,Home,1,0,0.46140948197615583
35,Female,150/71,293,21.8,Yes,No,4,2,Rehab,1,1,0.6219356454944354
36,Other,135/93,286,35.5,No,No,6,7,Home,0,0,0.41351979173129155
43,Other,154/85,245,24.6,Yes,Yes,9,4,Home,0,0,0.492573629524001
78,Other,139/93,157,31.7,Yes,Yes,1,4,Rehab,0,1,0.6398386869009106
18,Male,133/92,160,29.1,Yes,Yes,8,5,Home,0,0,0.47321393090087477
36,Other,143/70,233,37.7,Yes,Yes,0,5,Rehab,1,1,0.6117171814304097
42,Male,137/80,285,39.6,No,Yes,7,4,Home,0,0,0.43158363735601796
86,Male,122/89,176,19.6,No,Yes,10,5,Rehab,0,1,0.6057717344499237
19,Other,155/89,221,34.3,No,No,7,10,Home,0,0,0.40545307661820207
81,Male,132/97,206,19.0,Yes,Yes,6,1,Home,0,0,0.4953394066268781
81,Other,114/83,216,37.1,No,No,1,6,Rehab,1,1,0.563508558888611
31,Female,146/70,226,38.2,No,Yes,10,9,Home,0,0,0.4173229886372591
79,Other,132/84,178,20.0,No,Yes,10,9,Rehab,1,1,0.6087338119719851
63,Female,118/96,220,18.5,Yes,Yes,3,8,Home,0,0,0.4998228848812818
37,Female,119/90,213,19.4,Yes,No,7,7,Rehab,0,1,0.6082486352847359
47,Other,128/76,229,35.4,Yes,No,5,9,Home,0,0,0.43091525559399935
48,Male,114/74,161,39.1,No,No,1,3,Nursing_Facility,1,1,0.5138139834749363
24,Female,116/74,281,29.3,No,No,8,6,Home,0,0,0.4128977846726995
88,Other,126/73,181,30.0,No,Yes,7,5,Nursing_Facility,0,1,0.578935109908121
68,Other,148/90,163,19.0,No,Yes,3,5,Home,0,0,0.4393214776048221
59,Male,151/79,203,35.2,No,No,0,3,Nursing_Facility,0,1,0.52850745141231
18,Other,141/72,239,34.3,No,Yes,5,2,Rehab,1,1,0.5937583999633921
63,Male,141/90,174,33.3,Yes,No,0,3,Nursing_Facility,0,1,0.5688844583347388
54,Other,112/94,292,25.4,Yes,Yes,4,7,Home,0,0,0.4826273259148261
87,Female,154/84,197,23.3,No,Yes,8,9,Home,0,0,0.44356121473349924
37,Female,126/97,272,22.1,Yes,No,2,9,Home,0,0,0.46675790196416245
18,Female,145/77,168,23.5,No,Yes,6,10,Rehab,0,1,0.604319742671305
50,Other,152/98,178,29.4,Yes,Yes,0,2,Home,0,0,0.48228812169012597
73,Male,160/87,273,31.9,Yes,Yes,5,6,Home,0,0,0.4634862619903184
63,Male,144/79,222,20.2,Yes,No,9,1,Home,0,0,0.4521311149818795
44,Female,129/79,219,20.0,Yes,No,9,5,Home,0,0,0.4704705580977391
45,Female,159/72,246,37.6,Yes,No,9,8,Home,0,0,0.43919240511808805
34,Other,116/72,190,29.3,Yes,Yes,6,2,Home,1,0,0.48517592958668815
41,Female,125/86,216,26.6,No,Yes,6,2,Rehab,0,1,0.6082742693363258
76,Other,127/98,280,21.2,No,No,3,9,Home,0,0,0.423050604650301
30,Other,133/98,241,34.3,Yes,No,8,3,Home,0,0,0.4424554559329824
90,Other,157/91,216,30.3,Yes,No,6,6,Home,0,0,0.4457157809900707
36,Male,156/99,222,38.1,No,No,0,5,Home,0,0,0.39042203705810263
67,Female,110/74,214,23.3,Yes,No,1,3,Nursing_Facility,0,1,0.5943503938129345
81,Female,110/89,249,22.4,Yes,No,8,3,Rehab,0,1,0.6250078657928941
51,Female,152/75,151,29.7,No,Yes,5,5,Home,0,0,0.42893406966851627
32,Male,153/88,214,30.1,No,Yes,5,2,Nursing_Facility,0,1,0.5676006380976997
63,Female,150/76,152,32.1,No,No,10,10,Home,0,0,0.3993360619182682
73,Male,122/88,231,18.5,Yes,No,0,10,Nursing_Facility,1,1,0.6149523061074914
42,Female,123/97,184,23.0,Yes,Yes,7,9,Home,1,0,0.4691855477379562
74,Female,158/96,173,34.0,No,No,9,4,Home,0,0,0.3917031546911232
45,Male,134/71,219,29.2,Yes,Yes,2,2,Home,1,0,0.4705669574107828
81,Other,117/73,178,20.9,No,No,7,1,Nursing_Facility,1,1,0.552796833553068
38,Male,114/96,158,36.1,No,No,6,2,Home,0,0,0.3810115700651425
18,Male,113/93,273,24.1,No,Yes,9,5,Home,0,0,0.4406622065480466
47,Other,111/92,284,35.4,No,Yes,9,9,Nursing_Facility,0,1,0.5893398141871231
19,Other,150/86,199,21.3,Yes,Yes,1,10,Rehab,0,1,0.6336042960477176
19,Female,146/74,166,38.4,No,Yes,8,7,Rehab,0,1,0.5713562680841566
52,Male,135/87,153,18.1,Yes,No,6,4,Home,0,0,0.4373239874339698
88,Female,136/70,208,19.8,No,No,4,9,Home,0,0,0.42542682444941216
65,Female,120/80,205,39.0,No,Yes,4,9,Rehab,1,1,0.5828635147150177
23,Female,131/100,294,37.7,No,Yes,7,1,Home,1,0,0.44296550406486596
23,Male,128/100,230,23.1,No,Yes,5,7,Home,0,0,0.43514859571838355
63,Female,122/73,274,28.8,Yes,No,5,7,Home,0,0,0.45053544709599747
86,Other,126/79,184,25.3,No,Yes,1,5,Rehab,0,1,0.6106374232957059
24,Other,152/91,199,18.4,Yes,Yes,7,9,Home,0,0,0.4830845227116477
78,Male,133/91,168,23.1,Yes,No,10,4,Home,0,0,0.4545311442746767
66,Other,145/86,222,24.2,No,Yes,4,3,Home,0,0,0.4443349784758205
88,Male,135/99,215,24.1,No,Yes,0,8,Home,0,0,0.4398994918175976
84,Female,112/96,292,26.9,Yes,No,7,10,Home,1,0,0.45147104419708833
69,Other,145/71,189,24.7,Yes,Yes,3,2,Home,0,0,0.49720940442422024
73,Female,140/98,293,21.2,Yes,Yes,6,7,Home,0,0,0.49608657375750453
66,Other,157/97,204,35.1,Yes,No,0,5,Home,0,0,0.4301649393182975
35,Other,129/89,186,36.1,Yes,No,9,6,Home,0,0,0.4368986468736171
37,Other,120/78,192,25.9,Yes,Yes,10,8,Home,0,0,0.48251591303173613
46,Female,147/89,293,34.5,Yes,No,0,3,Home,0,0,0.43584591681115453
87,Female,155/78,262,38.5,No,No,9,5,Home,0,0,0.40265834345781193
85,Other,149/97,240,25.2,Yes,Yes,10,7,Home,0,0,0.4920873060108561
27,Female,116/99,202,30.2,No,Yes,0,8,Home,0,0,0.43264127942995695
49,Male,124/82,196,21.1,No,Yes,3,2,Rehab,0,1,0.6035591010912358
76,Other,148/72,168,26.8,Yes,Yes,10,2,Home,0,0,0.4844067807912685
57,Male,130/70,217,25.6,No,Yes,6,7,Home,0,0,0.44138949008858336
33,Other,153/73,202,28.8,Yes,Yes,7,3,Rehab,0,1,0.6423665466064022
35,Male,119/73,155,22.3,No,No,4,5,Home,0,0,0.4050217990849704
82,Other,141/85,243,20.6,No,No,4,10,Home,0,0,0.4165920975678195
54,Male,122/93,277,39.8,Yes,Yes,9,1,Home,0,0,0.4687216392810877
44,Other,151/88,236,27.8,No,Yes,1,8,Home,0,0,0.447499369501248
19,Other,122/78,153,34.6,No,No,3,7,Home,0,0,0.3896565444193459
82,Other,147/74,219,21.0,No,Yes,1,10,Home,0,0,0.46483685729770835
64,Male,150/82,264,28.8,No,Yes,4,5,Home,0,0,0.4420478771003426
87,Female,126/97,228,38.0,No,No,1,8,Home,0,0,0.4048113379798511
19,Other,142/75,236,20.0,Yes,No,2,6,Home,0,0,0.45003692447173016
85,Female,125/94,161,32.4,No,No,3,4,Rehab,0,1,0.5532463510506853
80,Male,152/75,264,18.2,Yes,No,10,6,Home,0,0,0.4630102365888908
67,Other,126/95,288,30.2,No,No,9,2,Rehab,0,1,0.5958597168007879
51,Female,152/90,242,28.2,Yes,Yes,2,2,Nursing_Facility,0,1,0.6074106304541215
19,Other,157/86,182,18.3,Yes,Yes,3,9,Home,1,0,0.4863486956424019
74,Male,143/94,265,21.5,Yes,No,3,6,Home,0,0,0.4419613682909269
59,Female,160/89,239,37.2,Yes,Yes,5,9,Home,0,0,0.4528069827995771
59,Female,143/94,195,32.2,Yes,Yes,10,2,Home,0,0,0.4573235498756918
58,Other,116/79,240,29.5,Yes,No,9,9,Home,0,0,0.44305885505501996
63,Male,149/98,225,28.4,Yes,Yes,4,7,Rehab,0,1,0.6355529667640509
52,Male,144/76,300,38.0,No,No,9,10,Home,0,0,0.40493429105330186
89,Female,110/92,267,39.2,No,No,9,3,Home,0,0,0.4071879308753324
75,Male,122/75,284,23.1,Yes,No,10,10,Home,0,0,0.4458347695475922
19,Male,124/99,191,35.7,Yes,No,1,5,Home,0,0,0.4218313766095985
36,Female,130/86,174,23.9,Yes,No,0,5,Home,0,0,0.433734449311998
66,Other,133/76,257,35.4,Yes,Yes,10,7,Home,0,0,0.4776136329000228
26,Female,136/72,261,30.3,No,Yes,2,3,Rehab,0,1,0.5966885068351271
71,Other,131/86,251,19.9,No,No,6,3,Nursing_Facility,1,1,0.573042223876711
76,Male,132/84,192,34.2,Yes,No,8,4,Nursing_Facility,0,1,0.5656188305137223
47,Male,121/80,226,22.7,Yes,Yes,6,4,Nursing_Facility,0,1,0.630075757188709
63,Male,155/82,237,27.9,No,Yes,2,2,Nursing_Facility,0,1,0.5766235534834054
30,Other,141/95,219,19.7,Yes,No,3,8,Home,0,0,0.4600029870948364
82,Female,124/91,161,24.1,Yes,Yes,8,1,Home,1,0,0.47048585375325885
85,Male,159/79,234,24.4,No,Yes,3,5,Home,0,0,0.44475216450777216
40,Other,112/92,219,32.7,No,No,7,10,Home,0,0,0.39714104486778384
44,Male,137/89,175,37.6,Yes,No,5,3,Home,0,0,0.41940784277781323
38,Male,138/98,155,25.7,Yes,Yes,5,9,Home,0,0,0.4716598503125793
35,Other,143/76,265,23.6,Yes,Yes,3,2,Home,0,0,0.49045419437735394
90,Male,132/84,215,22.3,No,Yes,6,2,Home,1,0,0.4456412722476518
66,Female,122/94,241,38.1,No,No,9,7,Rehab,0,1,0.5596546272827976
83,Other,120/70,261,22.7,Yes,No,4,3,Home,0,0,0.46402539712772867
30,Female,153/83,237,20.4,No,No,0,3,Rehab,0,1,0.5705666151502862
81,Male,110/96,235,30.1,No,Yes,1,10,Home,0,0,0.43032456375368283
66,Female,121/85,235,24.8,Yes,Yes,3,1,Rehab,0,1,0.6507139802695839
42,Male,126/78,230,25.3,No,Yes,1,3,Home,0,0,0.4552134079120204
67,Other,154/78,294,38.4,No,No,8,7,Rehab,0,1,0.5717687419540712
27,Female,155/89,209,33.8,No,No,6,10,Home,0,0,0.39921825286733126
75,Female,145/71,281,19.1,Yes,Yes,8,2,Nursing_Facility,0,1,0.6520983062533923
37,Other,111/70,197,29.3,Yes,No,3,2,Home,0,0,0.4541718501463327
57,Other,121/96,248,35.0,No,No,6,4,Home,0,0,0.39708483702879355
39,Other,110/74,253,30.8,Yes,Yes,4,3,Home,0,0,0.48706774218046595
89,Other,148/87,294,35.9,Yes,No,6,1,Home,0,0,0.4484281377308938
85,Male,147/80,274,20.0,Yes,Yes,9,3,Nursing_Facility,0,1,0.6299930576095882
78,Male,146/95,184,32.4,Yes,No,5,2,Home,1,0,0.43015568967369294
67,Male,114/99,155,30.2,No,Yes,10,3,Home,0,0,0.4292312803258271
51,Female,155/84,157,38.1,No,Yes,7,6,Home,0,0,0.41864221693693554
23,Female,128/73,170,22.5,Yes,No,5,10,Home,0,0,0.43729502102609435
48,Other,118/81,240,27.8,Yes,Yes,0,6,Home,0,0,0.47509163747953165
83,Male,114/80,257,25.3,Yes,No,6,5,Rehab,0,1,0.6126541903845486
29,Other,112/71,206,27.8,Yes,Yes,5,10,Home,0,0,0.46762762135714453
42,Other,113/88,222,26.4,No,No,1,1,Rehab,0,1,0.5643554476409587
34,Female,139/97,291,22.1,No,Yes,9,3,Home,0,0,0.4660519683174134
57,Male,146/99,216,34.4,Yes,No,4,5,Home,0,0,0.4273764586013585
79,Other,154/98,216,25.4,Yes,Yes,1,6,Rehab,0,1,0.6439378815234386
84,Male,123/74,198,26.9,Yes,No,10,5,Nursing_Facility,0,1,0.5957417007299345
63,Other,150/92,268,20.6,No,No,0,6,Home,0,0,0.4238553516560951
90,Male,123/84,251,31.1,Yes,Yes,1,2,Home,0,0,0.46489713988770276
82,Female,147/99,266,31.8,Yes,Yes,5,6,Home,0,0,0.4773960201167468
86,Female,153/93,178,29.1,No,No,2,4,Home,0,0,0.4014600475555568
36,Male,120/75,262,21.0,No,No,10,6,Home,0,0,0.42206144741405244
61,Male,123/70,222,35.3,Yes,Yes,7,5,Home,0,0,0.46255987239116236
73,Female,138/83,157,21.6,Yes,Yes,6,10,Home,0,0,0.48447516433944676
77,Other,130/84,233,33.4,Yes,Yes,9,5,Home,0,0,0.47159278243998504
19,Female,154/94,186,28.2,Yes,Yes,6,10,Home,0,0,0.4644292939826371
58,Other,153/98,199,33.8,No,Yes,9,10,Rehab,0,1,0.5955701290940019
44,Other,114/75,247,23.8,No,Yes,4,6,Home,1,0,0.4495848707770586
72,Other,137/73,229,32.9,No,Yes,10,7,Home,0,0,0.4375529383540919
57,Male,150/89,248,37.9,No,Yes,7,8,Home,0,0,0.41791384364490136
35,Female,154/94,273,28.4,Yes,No,0,7,Home,0,0,0.4403790218991515
65,Other,142/87,255,29.1,No,Yes,7,2,Home,1,0,0.4583010929913163
60,Other,156/92,243,27.7,Yes,Yes,4,10,Home,0,0,0.479383999325287
71,Other,133/73,209,26.9,Yes,Yes,6,9,Home,0,0,0.47455288773199394
81,Male,113/78,264,27.4,No,No,5,7,Home,0,0,0.4131082518357585
83,Male,134/71,240,26.1,Yes,Yes,10,3,Rehab,0,1,0.6402946320354922
53,Other,118/86,158,30.8,Yes,Yes,7,10,Home,0,0,0.46336007239319693
76,Other,124/78,279,32.6,No,Yes,6,10,Home,0,0,0.4342771338670692
23,Female,117/78,203,22.0,No,Yes,9,8,Home,0,0,0.44442823442309787
60,Other,130/87,166,25.6,No,No,4,8,Home,0,0,0.4138359134299657
76,Male,135/97,158,24.6,Yes,Yes,10,1,Home,0,0,0.48138718316346024
64,Female,132/84,283,30.7,Yes,No,2,5,Home,1,0,0.4392527914847566
58,Male,155/84,233,30.3,No,No,0,9,Home,1,0,0.40016035518409726
25,Other,133/97,218,27.4,No,No,8,4,Home,0,0,0.4148908099654676
33,Other,129/91,207,36.2,No,Yes,10,7,Rehab,0,1,0.5873204754181155
68,Other,138/84,220,36.5,Yes,No,4,2,Home,1,0,0.4331281248235508
45,Female,115/95,185,30.9,No,Yes,0,8,Home,0,0,0.43402085955866293
41,Male,124/85,154,21.2,Yes,No,7,1,Home,0,0,0.4354911951814054
81,Other,139/89,219,32.7,Yes,No,3,3,Home,0,0,0.436873652375325
35,Male,144/86,214,19.5,Yes,Yes,6,9,Home,0,0,0.4795731052935429
26,Male,133/80,242,19.8,Yes,Yes,0,3,Home,0,0,0.49753451306659785
62,Other,119/88,246,21.0,No,Yes,7,10,Home,0,0,0.46845293784149666
35,Male,145/93,223,38.2,Yes,Yes,7,3,Home,0,0,0.4570132098572462
80,Other,149/71,168,39.9,No,Yes,1,5,Rehab,0,1,0.5756121148638877
25,Female,134/78,166,33.5,No,No,9,1,Home,0,0,0.386701071014719
73,Female,143/88,241,28.6,No,No,10,9,Home,0,0,0.40458064669981425
63,Male,141/91,244,32.0,No,No,2,10,Home,1,0,0.389221523808324
29,Female,159/75,297,25.4,Yes,No,5,10,Nursing_Facility,0,1,0.5880628006076051
47,Female,120/73,207,30.6,No,Yes,4,6,Home,0,0,0.4372675414758264
52,Male,137/97,242,30.1,Yes,Yes,2,7,Rehab,0,1,0.633499386123943
26,Male,138/88,275,26.9,No,Yes,5,9,Home,0,0,0.4375880975235118
71,Other,131/98,172,34.6,Yes,Yes,0,1,Nursing_Facility,0,1,0.6097582020073878
58,Other,140/96,212,22.6,No,No,8,6,Home,0,0,0.42862977283458165
89,Other,143/96,240,28.1,Yes,No,3,4,Home,1,0,0.452832409740987
66,Other,143/77,249,24.6,No,Yes,3,8,Home,0,0,0.45583650383927343
27,Female,156/71,275,20.0,No,No,5,2,Home,0,0,0.42950336823579555
29,Other,138/77,294,20.3,Yes,No,10,3,Nursing_Facility,0,1,0.6146143754555453
61,Female,128/82,248,22.8,No,No,4,1,Home,0,0,0.4233842865691397
61,Male,119/71,278,36.7,Yes,Yes,9,6,Home,0,0,0.46831695858201283
43,Male,146/93,285,38.1,Yes,No,6,8,Home,0,0,0.4366491694289455
47,Female,110/95,163,37.5,No,No,5,4,Home,0,0,0.39800148843730404
77,Other,138/75,269,24.7,Yes,No,7,8,Home,0,0,0.4448563391309489
87,Female,138/81,227,21.2,No,No,3,4,Rehab,0,1,0.5855938321776346
55,Male,143/92,195,20.5,Yes,Yes,7,3,Home,0,0,0.4775967045546298
56,Male,143/76,260,25.1,Yes,No,4,5,Nursing_Facility,1,1,0.5867169027245839
20,Male,124/79,150,30.9,No,No,0,4,Home,0,0,0.39516296346572666
22,Other,135/88,280,39.9,No,Yes,3,4,Home,0,0,0.44305496357585494
52,Female,139/91,242,20.3,No,Yes,1,4,Home,0,0,0.46692044885192
26,Other,154/78,215,31.1,Yes,Yes,4,6,Rehab,0,1,0.6359377527255179
41,Other,129/88,208,29.3,Yes,No,0,8,Home,0,0,0.43443528384941443
81,Male,148/76,150,37.6,Yes,Yes,4,4,Home,0,0,0.4450959516274454
90,Male,119/78,192,30.0,Yes,No,2,6,Home,0,0,0.43458463328311214
33,Female,112/90,206,22.1,Yes,No,0,3,Rehab,0,1,0.6144475819133658
47,Female,111/96,268,32.8,No,Yes,7,2,Home,1,0,0.44792235839642697
68,Other,154/80,183,29.1,No,No,2,10,Home,0,0,0.3876282332035081
32,Male,147/71,189,29.4,No,Yes,3,10,Nursing_Facility,1,1,0.5694812486537795
25,Female,137/80,223,19.9,Yes,Yes,5,5,Home,0,0,0.488332127818299
37,Female,115/87,260,21.8,Yes,No,6,1,Rehab,1,1,0.6226475614426998
39,Male,140/99,183,38.0,No,No,3,2,Home,0,0,0.381372465524583
42,Other,139/81,298,39.9,Yes,No,0,5,Home,0,0,0.4225325186323471
71,Other,128/83,192,33.2,No,No,10,2,Home,0,0,0.4122031157451256
85,Female,158/94,269,27.9,No,Yes,5,3,Nursing_Facility,0,1,0.5977371872046321
63,Male,135/90,261,21.1,Yes,No,0,10,Home,0,0,0.4520740552560061
26,Other,119/100,160,32.0,No,Yes,5,6,Nursing_Facility,0,1,0.5649261059198255
40,Other,117/92,293,27.4,Yes,No,10,2,Home,0,0,0.46638972550608515
54,Male,159/79,283,18.3,Yes,Yes,5,6,Nursing_Facility,1,1,0.633192912261658
67,Female,147/93,282,20.6,Yes,Yes,3,9,Nursing_Facility,0,1,0.6283292785082244
75,Male,112/96,289,36.8,Yes,No,10,7,Home,0,0,0.4366177136141864
88,Other,146/77,252,25.2,Yes,No,6,5,Rehab,0,1,0.6125371551598757
83,Other,146/72,193,23.6,No,No,10,10,Home,1,0,0.4197024567732905
21,Other,134/95,208,22.2,No,No,9,7,Nursing_Facility,0,1,0.5688622708863997
41,Other,136/76,241,38.4,No,Yes,5,7,Rehab,1,1,0.5973405879947402
90,Other,117/82,162,30.0,No,No,10,8,Nursing_Facility,0,1,0.5434667720231752
85,Other,148/84,208,21.1,No,No,9,9,Nursing_Facility,0,1,0.5578897212553081
68,Other,112/71,293,38.2,No,No,2,10,Rehab,0,1,0.5541358206696807
72,Male,139/95,186,33.4,No,Yes,9,10,Home,0,0,0.4390161730604645
46,Male,127/77,279,34.3,Yes,No,8,5,Home,0,0,0.4494976466019534
69,Other,112/95,261,21.1,Yes,Yes,3,7,Home,0,0,0.4860965042741212
33,Female,150/93,171,24.2,No,Yes,5,6,Nursing_Facility,0,1,0.5729867690476984
54,Male,145/70,162,23.5,Yes,Yes,7,1,Rehab,1,1,0.6345145417877593
21,Female,132/90,166,23.8,No,No,7,2,Home,0,0,0.4037575943281382
66,Other,144/99,174,35.1,Yes,No,4,5,Home,0,0,0.425471018480485
28,Other,152/85,292,33.9,No,Yes,7,5,Home,0,0,0.4465236704181946
46,Male,120/97,249,24.3,No,No,7,8,Nursing_Facility,0,1,0.5637554096559586
30,Male,137/88,250,30.7,Yes,No,1,6,Rehab,1,1,0.6195108076736355
40,Female,152/90,219,23.6,Yes,Yes,3,2,Home,0,0,0.47123762595071067
77,Female,123/100,220,19.7,No,No,10,7,Nursing_Facility,0,1,0.5591391715456747
18,Male,138/81,234,21.3,No,No,3,9,Rehab,0,1,0.57893664359236
81,Male,129/82,229,30.7,No,No,6,5,Home,0,0,0.41024035846111173
64,Female,115/75,256,39.6,No,Yes,4,10,Home,0,0,0.428629515556632
21,Male,120/73,223,35.8,No,No,2,5,Home,0,0,0.3945068975975508
32,Male,138/79,210,32.2,No,Yes,4,9,Home,0,0,0.4251630810179177
48,Male,135/94,250,23.7,Yes,No,6,9,Rehab,1,1,0.6042788620080942
76,Male,157/73,248,28.8,No,Yes,6,1,Home,0,0,0.44548033612136456
49,Female,113/97,260,18.5,Yes,Yes,4,6,Home,0,0,0.4893960360611252
48,Other,152/98,194,35.6,No,No,1,7,Rehab,0,1,0.5636466125501198
52,Female,160/92,197,23.9,No,No,5,6,Home,0,0,0.4067152298275402
20,Male,119/73,292,18.5,Yes,Yes,3,8,Home,0,0,0.49422177369292797
37,Male,133/96,172,27.4,Yes,Yes,7,7,Home,0,0,0.46826153066966714
33,Other,119/85,254,37.4,Yes,Yes,6,10,Nursing_Facility,0,1,0.5987185133246453
73,Male,126/84,254,33.9,No,No,5,6,Nursing_Facility,0,1,0.551998812306284
31,Other,160/78,238,30.6,Yes,No,0,8,Home,0,0,0.4375707543229022
81,Male,123/78,298,34.8,Yes,Yes,10,7,Home,0,0,0.4757799975026621
79,Female,151/77,174,40.0,No,No,10,1,Home,0,0,0.3901259311472614
72,Male,120/95,220,19.2,No,Yes,9,5,Rehab,0,1,0.624427121083679
25,Other,129/85,193,21.5,No,Yes,2,8,Rehab,0,1,0.6054074852654836
18,Male,127/82,190,28.8,Yes,Yes,8,4,Home,0,0,0.4620769801936504
51,Male,118/82,248,24.1,Yes,No,5,7,Home,0,0,0.4425241550403665
72,Male,148/71,244,28.4,Yes,Yes,10,7,Home,0,0,0.481444348841902
74,Female,121/73,251,21.2,No,No,1,10,Rehab,0,1,0.5945001664273347
81,Female,116/88,297,31.4,No,No,7,6,Home,1,0,0.4129085901928714
80,Male,133/75,243,36.8,No,Yes,1,6,Home,0,0,0.42483145566725783
39,Other,155/71,248,31.0,No,No,10,5,Home,0,0,0.41244007343834543
30,Female,119/90,284,23.0,No,No,9,9,Home,0,0,0.41814690135486277
23,Other,143/97,188,21.1,No,Yes,6,3,Nursing_Facility,0,1,0.5927619326207212
53,Male,116/87,166,21.3,Yes,Yes,7,10,Home,1,0,0.4842343986283472
66,Male,157/75,256,27.3,Yes,Yes,7,4,Home,0,0,0.4900958696721075
28,Female,112/80,282,39.8,Yes,No,5,4,Home,0,0,0.43303935992193787
72,Other,136/73,162,38.0,Yes,Yes,5,10,Home,0,0,0.45418031811107257
29,Female,134/72,168,24.2,Yes,Yes,2,8,Home,0,0,0.4702587973206975
72,Other,155/100,181,32.0,Yes,Yes,8,4,Nursing_Facility,0,1,0.6096451469539602
56,Female,147/74,250,30.5,Yes,Yes,1,3,Home,0,0,0.4858188293055279
53,Female,124/76,211,22.9,No,No,4,1,Home,0,0,0.4194494904265738
78,Male,141/98,166,23.9,No,No,0,4,Rehab,0,1,0.571239418608599
47,Female,158/76,270,32.7,No,Yes,9,9,Rehab,1,1,0.5962395957507712
73,Other,133/70,243,22.7,Yes,Yes,9,7,Nursing_Facility,1,1,0.6270869766310019
29,Male,148/75,282,20.2,Yes,Yes,7,7,Home,0,0,0.4848739671949752
38,Male,143/88,181,22.2,Yes,Yes,1,7,Home,0,0,0.46804499844885344
86,Female,129/81,232,26.3,Yes,No,4,2,Home,0,0,0.45231100010284986
42,Male,150/92,219,29.5,Yes,No,1,9,Rehab,0,1,0.588587399445958
38,Male,138/79,204,36.2,Yes,No,0,8,Home,0,0,0.4177282952047202
44,Male,157/95,298,32.5,Yes,Yes,5,6,Home,0,0,0.48048867426382924
47,Male,125/86,237,26.6,Yes,Yes,7,1,Home,0,0,0.4863199050826506
20,Other,133/93,253,21.3,Yes,No,9,6,Home,0,0,0.4664709273710908
47,Male,159/70,222,37.8,No,Yes,3,5,Rehab,0,1,0.5722009541357191
61,Other,138/100,290,29.1,Yes,No,5,10,Rehab,1,1,0.6107312473733446
35,Other,116/84,241,26.0,Yes,Yes,9,1,Rehab,0,1,0.6459865300139993
51,Female,159/94,226,32.2,No,Yes,7,7,Home,0,0,0.44478611877853025
47,Other,142/82,231,35.7,No,No,4,8,Home,0,0,0.4011717884348616
56,Male,135/79,169,31.7,No,No,10,7,Home,0,0,0.3934050971111527
18,Female,123/89,272,30.5,Yes,No,3,7,Rehab,0,1,0.5950350480745648
76,Female,131/91,238,30.8,No,No,2,6,Home,0,0,0.4078445436979752
70,Other,142/88,203,20.2,Yes,No,7,4,Rehab,0,1,0.6124079569872273
86,Female,150/100,150,25.0,Yes,No,5,6,Rehab,0,1,0.6012914110806528
50,Female,115/85,295,20.8,Yes,No,10,8,Home,0,0,0.47272764318913263
19,Female,152/82,294,32.1,Yes,Yes,10,1,Home,0,0,0.4711324870931051
81,Female,148/88,162,33.6,Yes,Yes,9,8,Nursing_Facility,0,1,0.5930519182790013
23,Other,125/78,226,30.6,No,No,9,3,Rehab,0,1,0.5769883873656763
31,Female,133/93,283,18.0,Yes,Yes,4,3,Home,0,1,0.5037815077781742
74,Male,127/82,223,21.2,No,Yes,9,3,Home,1,0,0.44682490868052593
18,Female,115/87,173,22.3,No,Yes,6,7,Rehab,0,1,0.6070192099610662
59,Other,126/92,271,37.4,Yes,Yes,8,4,Home,0,0,0.47794656233105626
45,Male,117/93,258,34.6,No,Yes,8,1,Rehab,0,1,0.5917606543055132
76,Female,151/73,242,35.0,Yes,Yes,8,8,Home,0,0,0.4722183314513317
65,Male,154/89,160,39.2,No,No,7,2,Home,0,0,0.3780760857390845
29,Female,154/84,287,20.7,No,No,5,10,Rehab,0,1,0.5799940614579263
73,Other,126/81,202,34.9,No,Yes,1,2,Home,0,0,0.4327949643170269
32,Male,111/89,274,29.9,No,Yes,4,7,Home,0,0,0.4415751365006265
85,Female,159/82,254,21.8,No,Yes,1,4,Home,0,0,0.4527801001479482
82,Male,115/76,280,36.1,No,No,0,4,Home,0,0,0.397190042243917
50,Other,120/76,224,20.6,Yes,No,4,10,Home,0,0,0.45578395728096105
64,Male,125/91,280,23.4,Yes,Yes,8,5,Rehab,0,1,0.6523501718994525
25,Other,122/91,202,36.3,Yes,No,0,10,Home,1,0,0.4214477583865075
40,Male,155/85,239,30.0,Yes,Yes,3,8,Home,0,0,0.46204626766880846
67,Other,117/93,233,20.7,No,No,6,6,Rehab,0,1,0.5809575542928849
85,Male,143/82,268,25.0,No,Yes,9,3,Nursing_Facility,1,1,0.6069023932834011
56,Male,159/90,257,32.9,No,Yes,1,2,Rehab,0,1,0.597519983322208
42,Other,158/78,192,37.3,Yes,No,10,1,Nursing_Facility,0,1,0.5701998132231327
27,Male,127/80,276,24.2,Yes,Yes,9,4,Rehab,1,1,0.6506168237610783
18,Male,141/98,297,30.8,No,No,7,2,Home,0,0,0.41958431267700713
87,Female,142/88,280,19.5,No,No,3,5,Home,0,0,0.4228629483298638
84,Male,119/72,240,32.4,No,Yes,7,4,Home,0,0,0.4449376567614054
36,Other,155/87,216,20.3,Yes,No,10,10,Home,0,0,0.4555920159286556
76,Other,148/95,166,18.9,No,No,4,2,Home,0,0,0.42080329832744207
66,Female,113/80,181,35.4,Yes,Yes,7,1,Home,0,0,0.47345325052945253
50,Female,124/82,186,21.6,No,Yes,7,4,Rehab,0,1,0.6044019937974334
48,Male,144/100,288,35.0,No,Yes,8,5,Home,0,0,0.43683468386264374
43,Female,117/91,290,36.6,Yes,Yes,1,5,Home,0,0,0.4772129333417088
60,Male,129/99,173,29.8,Yes,No,4,3,Home,0,0,0.4261692408179749
47,Male,125/91,256,38.3,No,Yes,3,2,Home,1,0,0.4338690422595333
76,Other,138/74,194,35.4,Yes,Yes,9,1,Nursing_Facility,0,1,0.6018841952215205
86,Female,148/85,201,18.8,Yes,No,6,6,Home,0,0,0.456223695140461
31,Male,141/94,215,29.4,No,No,2,8,Home,0,0,0.3930502132426143
27,Male,137/88,270,20.2,Yes,Yes,5,9,Home,0,1,0.5147146543976604
67,Other,114/75,228,22.6,Yes,No,4,9,Home,0,0,0.4491418976972237
20,Female,130/85,238,26.7,Yes,No,2,6,Rehab,0,1,0.5901827666226778
74,Female,149/91,187,37.9,No,Yes,8,1,Rehab,1,1,0.5808536404000121
32,Male,137/82,233,39.0,No,Yes,7,3,Home,0,0,0.41919900061119625
51,Other,118/93,277,27.3,Yes,No,3,5,Rehab,0,1,0.6051763734767576
88,Male,146/89,226,37.9,No,No,2,10,Home,0,0,0.40103248808942593
65,Male,138/78,186,24.5,No,Yes,0,10,Home,1,0,0.4286299124638896
47,Other,143/70,187,25.4,No,Yes,2,8,Home,0,0,0.4313576709021062
64,Female,113/89,172,39.3,Yes,Yes,3,10,Home,0,0,0.45930996225601606
41,Male,155/81,214,30.0,Yes,No,0,2,Nursing_Facility,0,1,0.5723983506876469
60,Female,122/85,170,25.9,Yes,No,5,9,Home,0,0,0.42778755994085144
23,Male,158/96,200,35.0,No,Yes,9,6,Nursing_Facility,0,1,0.562810609176719
20,Male,156/73,242,31.5,No,No,5,7,Home,1,0,0.3924955380638452
53,Male,126/82,150,32.8,No,No,3,6,Home,0,0,0.3867821413825182
71,Female,157/86,179,35.7,No,Yes,6,1,Home,0,0,0.4268179416235409
27,Female,143/91,257,18.3,No,No,9,2,Home,0,0,0.42519220449716716
39,Female,154/93,234,21.2,Yes,No,3,10,Nursing_Facility,0,1,0.5860466184404488
87,Male,156/90,260,18.3,Yes,Yes,4,10,Rehab,0,1,0.6604452233602692
23,Other,136/73,209,28.2,Yes,Yes,2,3,Rehab,1,1,0.6326491643000357
75,Other,137/86,153,19.4,Yes,No,9,2,Home,0,0,0.4661395485592397
51,Other,141/97,275,23.4,Yes,Yes,1,5,Home,0,0,0.4887646048309298
87,Male,133/70,231,30.0,No,Yes,4,9,Home,0,0,0.43008920167120435
84,Other,151/99,205,38.7,Yes,Yes,10,3,Nursing_Facility,0,1,0.6043089663184451
73,Female,147/96,167,28.8,Yes,Yes,8,7,Nursing_Facility,1,1,0.6020923640680232
83,Female,148/70,175,38.6,No,No,1,7,Nursing_Facility,0,1,0.5265559094813274
49,Female,141/80,174,36.5,Yes,Yes,2,1,Home,0,0,0.45708026783170097
35,Other,126/73,198,33.8,Yes,No,2,7,Home,0,0,0.42894880302890065
26,Male,154/71,298,39.0,No,Yes,4,2,Home,0,0,0.435163977680378
67,Female,143/94,263,26.4,No,No,5,7,Home,0,0,0.4021645466039184
88,Male,130/91,188,29.9,Yes,No,10,3,Home,0,0,0.434908993143603
68,Female,112/95,227,33.5,Yes,No,6,2,Nursing_Facility,0,1,0.5680596735703706
63,Male,146/95,285,25.5,Yes,Yes,10,3,Home,0,0,0.48921415024010073
44,Female,160/82,244,36.7,No,No,2,8,Home,0,0,0.390276958434839
74,Male,155/99,241,20.0,Yes,Yes,2,7,Home,0,0,0.4956310764760006
31,Female,115/99,247,18.8,No,Yes,1,3,Home,0,0,0.4497978516407038
45,Female,120/88,243,20.8,No,Yes,10,2,Home,0,0,0.44980295962165057
33,Other,149/74,156,22.4,Yes,Yes,2,6,Home,1,0,0.4714647331405614
26,Male,123/97,150,22.2,Yes,Yes,1,7,Rehab,1,1,0.6197985616063103
23,Other,114/71,205,29.5,No,No,1,5,Home,0,0,0.40242196451832873
22,Female,110/74,227,25.0,Yes,Yes,6,9,Home,0,0,0.48434250741609974
89,Female,152/95,263,39.0,Yes,Yes,2,8,Home,0,0,0.4570814665057359
81,Other,130/95,224,29.1,Yes,No,8,3,Rehab,0,1,0.6108630504477728
32,Female,142/70,284,33.6,No,No,1,7,Home,0,0,0.3970364147837805
31,Male,138/77,235,23.4,Yes,No,1,1,Home,0,0,0.45144497966595665
50,Male,134/100,290,22.1,No,No,7,5,Rehab,0,1,0.5871218202784511
88,Male,132/82,218,34.7,No,No,10,4,Rehab,0,1,0.5505644955531117
32,Other,137/80,243,20.1,Yes,No,5,2,Home,0,0,0.4636340110656011
44,Male,133/71,266,20.9,No,No,0,5,Home,0,0,0.4123264181571258
64,Other,121/70,273,30.8,No,No,9,5,Rehab,0,1,0.5677992741092892
86,Male,145/91,264,39.9,Yes,No,6,2,Nursing_Facility,0,1,0.5678543990543872
27,Male,113/85,187,30.6,No,Yes,0,3,Home,0,0,0.43041030521191515
65,Male,118/91,188,38.7,No,Yes,5,9,Home,0,0,0.422043466970202
47,Male,116/98,249,24.6,Yes,Yes,3,3,Rehab,0,1,0.63477401555041
40,Other,151/70,206,23.2,No,Yes,9,7,Home,0,0,0.4571632595948782
35,Other,111/74,241,33.5,Yes,No,5,10,Home,0,0,0.4334992094581514
76,Female,123/93,271,28.5,Yes,Yes,9,7,Home,0,1,0.5008777999041042
26,Female,145/97,258,29.9,Yes,No,5,10,Home,0,0,0.44630589733603887
25,Male,150/75,260,22.8,No,No,9,7,Rehab,0,1,0.586137041394796
19,Other,123/99,184,20.8,No,Yes,2,3,Home,0,0,0.4596570925700918
49,Female,155/77,225,23.4,No,Yes,7,1,Rehab,0,1,0.6085865484591254
90,Female,158/71,201,33.7,No,No,3,6,Home,0,0,0.39397110289511417
76,Other,149/86,175,32.5,No,No,8,1,Home,1,0,0.4184505767905954
49,Male,139/85,167,22.5,No,No,6,9,Home,0,0,0.4024058932455388
65,Male,116/84,224,34.8,No,Yes,0,6,Home,0,0,0.42608242837931404
86,Male,137/87,220,37.3,Yes,Yes,4,8,Rehab,1,1,0.6228042043593314
59,Male,111/99,192,18.8,Yes,Yes,8,9,Home,0,0,0.48641162393244025
62,Other,129/90,286,34.7,Yes,Yes,10,4,Home,0,0,0.4823734000194856
50,Male,110/80,261,24.8,No,Yes,7,9,Rehab,0,1,0.6108707242525431
18,Male,130/83,296,30.8,No,Yes,2,10,Rehab,0,1,0.588085714326439
33,Female,112/97,272,28.9,No,Yes,9,10,Rehab,1,1,0.6030861167704793
62,Other,115/85,280,23.0,No,Yes,1,4,Home,0,0,0.4704030249928675
48,Other,153/77,234,32.9,Yes,No,7,1,Home,0,0,0.4383988529899128
74,Male,124/92,234,31.0,Yes,No,2,4,Rehab,1,1,0.6053213171458814
46,Male,116/72,167,39.8,No,No,9,3,Home,0,0,0.39225167397283217
79,Female,114/94,194,30.9,No,Yes,2,4,Home,0,0,0.4259654381501387
84,Male,120/98,293,36.6,No,No,10,5,Home,0,0,0.40837547480645053
62,Male,125/92,205,22.9,No,Yes,0,6,Home,0,0,0.44165565578952726
23,Female,131/82,165,21.0,No,Yes,3,2,Home,0,0,0.43795069169624656
28,Female,147/99,207,23.7,Yes,No,1,4,Home,0,0,0.4446091313113164
89,Male,114/80,238,21.9,Yes,Yes,5,3,Home,0,0,0.49182780554532307
24,Female,143/70,261,18.0,No,Yes,9,2,Rehab,0,1,0.610820364099817
85,Female,139/79,285,31.0,No,Yes,5,2,Home,0,0,0.44490773096406183
21,Female,114/97,288,35.2,No,Yes,2,6,Rehab,0,1,0.5930758955481242
26,Other,119/95,210,27.3,No,Yes,9,10,Home,1,0,0.44958879889098863
86,Male,151/77,198,18.2,Yes,No,0,4,Home,0,0,0.4522927411861262
19,Female,112/83,288,25.1,Yes,No,4,10,Nursing_Facility,0,1,0.5914162516131057
73,Other,156/81,245,20.9,Yes,No,6,4,Rehab,0,1,0.611990488436264
66,Other,142/81,273,37.7,Yes,Yes,10,1,Home,0,0,0.4775079478922155
74,Male,118/73,293,37.8,Yes,No,8,4,Home,0,0,0.4423812518896595
36,Male,160/97,196,22.9,Yes,Yes,8,1,Home,0,0,0.4973615403564643
34,Other,116/92,224,21.4,Yes,Yes,10,8,Rehab,0,1,0.648717298258465
70,Male,156/91,207,28.9,Yes,Yes,6,2,Nursing_Facility,0,1,0.6062384085731106
51,Other,143/99,279,23.6,No,Yes,3,5,Home,0,0,0.44919145422545936
56,Female,112/99,204,36.3,No,No,7,6,Home,0,0,0.38742742813314934
64,Male,137/84,246,19.5,No,No,0,10,Nursing_Facility,0,1,0.5675466144832061
71,Female,126/73,230,23.3,Yes,No,3,4,Home,0,0,0.44718570781872446
53,Female,129/76,215,26.0,Yes,No,0,8,Rehab,1,1,0.594374738583739
28,Other,147/90,197,39.6,Yes,No,9,2,Home,0,0,0.4200179462454132
26,Male,135/89,179,31.8,Yes,No,2,6,Rehab,0,1,0.5744127410709141
39,Female,130/80,242,33.2,No,Yes,7,1,Nursing_Facility,0,1,0.5735553452747539
20,Other,155/99,151,21.6,No,Yes,6,2,Home,0,0,0.45609705588416094
71,Other,148/81,229,31.7,No,No,1,4,Nursing_Facility,0,1,0.5440034312885376
85,Other,131/75,272,25.7,Yes,No,10,9,Rehab,0,1,0.6247242312505276
54,Female,140/96,206,28.9,No,No,5,1,Home,0,0,0.4137053759257088
44,Male,123/99,231,38.0,No,Yes,5,3,Home,0,0,0.43453340975047805
77,Other,120/79,178,37.5,No,No,5,2,Rehab,0,1,0.55987236508571
72,Female,133/86,241,39.5,No,Yes,1,10,Home,0,0,0.41271235801602213
25,Female,129/99,160,29.6,No,Yes,9,3,Rehab,1,1,0.5864106996811687
75,Female,152/78,165,21.6,Yes,Yes,1,6,Home,0,0,0.47092591141289025
70,Female,141/81,161,39.8,No,Yes,6,6,Home,0,0,0.41979213546853283
53,Other,133/94,226,30.6,Yes,No,7,1,Nursing_Facility,1,1,0.5840574348408826
60,Other,136/83,242,25.9,Yes,Yes,9,3,Home,0,0,0.49589244534596216
38,Other,137/85,155,34.5,No,Yes,4,2,Home,0,0,0.4380284400704789
54,Female,139/77,191,28.6,Yes,No,3,2,Rehab,1,1,0.5857379059178436
28,Other,158/90,254,23.3,Yes,No,2,8,Home,0,0,0.4566461488523498
83,Other,150/98,300,25.5,Yes,Yes,3,10,Home,1,0,0.4881031841618495
24,Other,159/81,270,23.0,No,No,8,8,Home,0,0,0.43264795398220235
82,Male,129/94,295,27.1,Yes,Yes,7,5,Home,0,0,0.49588613140077425
40,Other,131/73,216,32.4,No,No,10,6,Home,0,0,0.4056934376360767
73,Male,122/95,266,29.4,No,Yes,4,5,Rehab,0,1,0.6013949367261711
89,Female,116/73,289,33.5,No,No,8,9,Rehab,0,1,0.5696504831985509
73,Male,140/93,291,28.2,No,No,8,4,Home,0,0,0.42280821950323066
71,Male,156/99,172,32.8,No,Yes,3,5,Home,0,0,0.4284324979565279
83,Male,123/89,196,28.6,No,No,9,10,Home,0,0,0.3975613513342639
77,Male,110/88,295,37.8,Yes,No,7,1,Home,0,0,0.429091540645475
28,Male,120/86,171,30.9,No,No,8,6,Home,0,0,0.4006962571034812
61,Other,130/84,176,36.4,No,No,4,5,Rehab,0,1,0.5475060029923675
90,Female,113/98,227,38.4,Yes,Yes,6,1,Home,0,0,0.4613145348142451
28,Male,126/95,161,38.5,No,No,10,6,Rehab,0,1,0.5567483086474133
83,Female,129/91,205,31.0,Yes,Yes,4,2,Home,0,0,0.4665116976824072
51,Male,129/89,246,38.7,Yes,Yes,2,9,Home,0,0,0.4630318932501213
74,Female,134/81,277,28.9,Yes,Yes,3,4,Home,0,0,0.48214525777729755
52,Male,116/88,271,22.0,Yes,Yes,10,2,Rehab,0,1,0.6491341194129371
25,Other,141/74,258,24.9,Yes,No,7,2,Home,0,0,0.4610659984342668
45,Other,140/98,259,35.7,Yes,No,5,7,Rehab,0,1,0.5980773578956916
37,Other,137/75,163,18.5,No,Yes,8,5,Home,0,0,0.45194498319589205
41,Female,140/84,294,27.0,No,Yes,7,2,Home,0,0,0.4462066541703429
87,Female,130/89,213,29.5,Yes,No,3,7,Rehab,1,1,0.598274900965689
89,Female,131/76,251,37.1,Yes,No,2,1,Home,0,0,0.4329499977080567
68,Other,127/91,293,21.4,No,Yes,7,5,Home,0,0,0.46811142528553606
60,Male,127/94,201,21.0,Yes,Yes,0,7,Home,0,0,0.48242701803213306
80,Male,131/85,219,37.3,No,No,0,4,Home,0,0,0.3804771102318777
38,Other,120/80,272,22.3,No,Yes,3,2,Nursing_Facility,0,1,0.6051798144584173
90,Other,112/99,259,23.6,Yes,No,9,7,Home,0,0,0.4550735912429643
77,Female,117/77,283,27.0,No,Yes,6,4,Home,0,0,0.4663349567529126
29,Other,148/99,190,29.7,Yes,Yes,4,1,Home,0,0,0.4786531637068109
18,Female,140/99,179,33.4,No,Yes,0,5,Home,0,0,0.4187627748492188
56,Female,149/84,166,32.2,No,Yes,5,6,Rehab,0,1,0.5860417804140243
79,Female,135/73,170,34.5,Yes,Yes,4,7,Home,1,0,0.48883553058755863
66,Other,135/76,256,18.6,Yes,No,8,2,Nursing_Facility,0,1,0.602356587488481
37,Male,150/77,206,35.8,Yes,Yes,3,2,Rehab,0,1,0.6121392808691724
75,Female,124/93,218,21.3,Yes,Yes,5,10,Home,0,0,0.4847968704733196
25,Other,146/96,230,38.8,Yes,No,3,9,Home,0,0,0.4426231276971789
66,Female,141/79,265,37.4,Yes,Yes,1,5,Home,1,0,0.45556865484956016
63,Female,137/70,239,34.6,No,Yes,3,4,Home,0,0,0.4448664005650238
78,Other,126/98,250,18.8,Yes,No,0,7,Rehab,0,1,0.6195888350454658
62,Female,137/79,253,23.2,Yes,No,0,6,Home,0,0,0.45368824390522683
64,Male,134/80,234,34.3,Yes,No,6,10,Home,0,0,0.431218455970056
52,Male,144/83,236,26.7,Yes,Yes,6,3,Home,0,0,0.4924284684544814
24,Male,129/82,234,22.8,No,No,2,4,Nursing_Facility,0,1,0.5597916876016269
31,Female,153/75,208,26.5,No,Yes,9,1,Home,0,0,0.4554269933451114
68,Male,154/97,247,32.6,No,Yes,1,6,Home,0,0,0.4304451926659941
26,Male,120/97,153,31.9,No,No,9,9,Home,0,0,0.39883835881233015
34,Male,155/95,282,21.4,Yes,No,1,4,Home,0,0,0.4501825675871805
63,Female,137/95,249,25.6,Yes,No,7,2,Home,0,0,0.46208937792523813
45,Female,158/98,159,38.5,Yes,No,4,6,Home,0,0,0.41398484774694844
25,Female,145/96,169,38.2,Yes,No,3,5,Home,0,0,0.4236886439722944
50,Male,119/78,300,25.3,Yes,Yes,5,9,Home,0,0,0.48805379986761205
54,Female,135/94,177,38.8,Yes,No,7,8,Home,0,0,0.4161200802397984
54,Female,140/83,155,24.7,Yes,No,10,2,Nursing_Facility,0,1,0.5754051007216082
42,Female,122/80,258,26.5,Yes,Yes,5,4,Nursing_Facility,0,1,0.6186625144233718
47,Female,123/89,278,23.3,Yes,No,5,7,Home,0,0,0.4498363938500814
27,Other,126/96,208,28.5,Yes,No,2,2,Home,0,0,0.4384521472103768
69,Male,111/78,245,35.5,No,Yes,9,2,Home,0,0,0.44335203794394357
19,Female,111/98,249,27.9,Yes,Yes,2,3,Rehab,0,1,0.6319787773233944
28,Other,159/84,240,30.7,Yes,No,0,7,Nursing_Facility,0,1,0.5845675902966341
79,Other,112/95,288,24.6,No,Yes,2,2,Home,0,0,0.4517445398854959
60,Other,145/97,228,23.6,No,Yes,0,2,Nursing_Facility,0,1,0.6007149609505466
25,Other,110/98,232,30.8,No,No,9,10,Rehab,0,1,0.5621469233902643
39,Female,148/89,167,26.7,No,No,4,5,Home,0,0,0.3954199302189118
72,Male,132/79,247,29.9,No,Yes,6,2,Home,0,0,0.43382447106957145
48,Female,114/80,191,38.9,No,No,6,2,Rehab,0,1,0.5515642574177531
27,Male,158/95,194,18.8,Yes,Yes,0,1,Home,0,0,0.48154499151734215
84,Male,144/85,272,37.7,Yes,Yes,6,4,Home,0,0,0.4631064233192799
66,Other,152/93,154,28.3,No,Yes,8,7,Home,0,0,0.43535637650887404
62,Other,116/72,290,39.1,Yes,No,3,7,Rehab,0,1,0.6049749985573195
75,Other,132/81,150,30.6,No,Yes,9,7,Rehab,0,1,0.5986615910045205
85,Other,122/91,283,20.6,Yes,No,0,9,Home,0,0,0.45898323757123005
67,Male,130/86,166,29.8,No,No,9,6,Nursing_Facility,0,1,0.5336987792900442
70,Female,135/92,281,36.5,No,Yes,5,6,Home,0,0,0.4330547312928115
88,Female,157/98,168,24.2,No,No,7,8,Rehab,0,1,0.5652752408463726
83,Other,146/73,232,22.8,Yes,No,3,10,Home,0,0,0.46923005567279746
19,Other,134/94,208,29.2,No,No,4,3,Nursing_Facility,0,1,0.5446593783318096
32,Other,159/94,229,32.1,Yes,No,8,7,Rehab,0,1,0.609897311520765
78,Female,122/83,169,27.8,No,Yes,0,10,Nursing_Facility,0,1,0.5666038769273845
86,Female,154/87,199,31.8,No,No,5,7,Home,0,0,0.40608354992433576
52,Male,157/92,250,30.6,Yes,No,5,6,Rehab,0,1,0.6033010203781954
46,Female,125/81,152,23.0,No,No,5,7,Home,0,0,0.40510045797388305
32,Other,113/82,151,18.4,Yes,No,0,1,Home,0,0,0.4529314082820215
81,Male,122/89,214,37.3,No,No,6,9,Home,0,0,0.38729902263145594
49,Male,152/78,180,22.2,Yes,No,1,3,Home,1,0,0.43622204265198083
20,Other,126/86,287,37.0,No,No,10,5,Rehab,0,1,0.5677790225830952
75,Other,160/99,298,29.4,No,Yes,5,1,Home,0,0,0.4644261664561264
89,Female,135/85,150,29.6,Yes,Yes,0,7,Home,0,0,0.46805053045256406
25,Male,128/85,177,33.2,Yes,Yes,7,6,Home,0,0,0.4597208375765398
73,Female,147/86,250,20.3,Yes,No,9,8,Home,0,0,0.461359376368897
79,Female,139/100,286,21.0,No,Yes,3,7,Home,0,0,0.45342205436361593
60,Other,122/79,184,21.0,Yes,No,4,10,Home,0,0,0.4487028943165559
55,Male,159/79,273,19.5,No,Yes,3,1,Nursing_Facility,0,1,0.5985461729295695
89,Male,122/91,182,36.3,Yes,No,9,9,Home,1,0,0.4194297795226751
89,Other,115/96,229,26.6,No,Yes,0,5,Nursing_Facility,0,1,0.5896553016687677
51,Female,147/84,259,37.0,Yes,No,2,3,Home,1,0,0.42613863705377847
54,Other,126/81,242,25.0,No,Yes,6,1,Nursing_Facility,1,1,0.5959123611482389
53,Other,146/94,269,25.8,No,No,0,5,Home,1,0,0.4160588826437407
29,Male,136/82,279,28.8,No,No,0,1,Home,0,0,0.40417464526079
86,Male,114/86,275,28.5,No,Yes,10,5,Nursing_Facility,0,1,0.5922354677230992
77,Other,147/79,235,37.2,Yes,No,0,5,Home,0,0,0.4360805867973268
79,Male,132/77,230,22.7,No,No,6,3,Home,0,0,0.4224257755220858
21,Male,140/83,198,36.6,Yes,No,5,8,Home,0,0,0.4129689123641802
82,Other,131/76,224,34.3,No,Yes,2,1,Rehab,0,1,0.5976164195003855
50,Other,160/91,234,37.5,Yes,No,1,4,Nursing_Facility,0,1,0.5747387648790089
33,Female,111/98,191,18.4,Yes,No,9,7,Home,0,0,0.44948543648274736
52,Other,122/92,192,39.6,No,No,3,7,Rehab,0,1,0.5430348679451527
26,Other,134/77,176,30.0,No,No,1,5,Home,0,0,0.40477307099812615
48,Other,113/98,202,30.7,Yes,Yes,10,9,Home,1,0,0.4716110729103695
76,Male,114/83,185,25.3,No,No,3,3,Home,0,0,0.4130290832341862
59,Other,117/88,188,32.7,Yes,No,8,8,Rehab,0,1,0.6020279010592154
25,Female,148/80,189,37.3,No,No,10,5,Home,0,0,0.39543036007060134
34,Male,155/70,194,34.7,Yes,Yes,3,10,Nursing_Facility,0,1,0.600898724059273
46,Female,113/78,262,28.8,No,No,10,9,Home,0,0,0.4124866546470335
82,Male,126/98,191,36.7,No,No,1,2,Home,0,0,0.3883414796132505
89,Male,137/78,264,19.9,No,Yes,8,5,Home,0,0,0.46308129323793895
76,Other,138/75,200,22.1,No,Yes,7,7,Rehab,0,1,0.5991102555462462
37,Male,114/93,225,33.8,Yes,No,9,3,Nursing_Facility,0,1,0.5749062404061276
38,Male,110/81,225,27.3,Yes,Yes,4,8,Home,0,0,0.46228313115681113
75,Other,130/97,237,36.4,Yes,Yes,2,4,Home,0,0,0.47060433438633764
67,Other,139/73,225,20.7,No,No,2,8,Home,0,0,0.41839626605871305
57,Male,132/70,209,26.6,No,Yes,10,5,Home,0,0,0.4469386801174306
72,Male,150/92,205,36.2,No,No,4,1,Home,0,0,0.3901999810223957
51,Other,123/97,161,37.4,Yes,Yes,6,7,Home,0,0,0.45048719637254586
62,Other,142/84,264,25.0,Yes,Yes,7,5,Home,0,0,0.491782947239276
32,Other,154/100,193,24.4,No,No,4,10,Home,0,0,0.39914969964275804
68,Female,116/81,268,19.4,No,Yes,7,2,Rehab,0,1,0.6238285546993662
22,Female,156/73,174,28.4,Yes,Yes,5,6,Home,1,0,0.4588599665957959
51,Male,129/83,271,25.1,Yes,Yes,2,8,Rehab,0,1,0.6318631498140204
20,Female,112/84,163,33.6,No,Yes,9,7,Home,0,0,0.4329838575099792
22,Male,140/74,180,23.3,Yes,No,4,8,Home,0,0,0.43911067069573706
38,Female,139/90,170,20.9,Yes,Yes,10,1,Rehab,0,1,0.6337505684494361
46,Female,152/100,223,28.8,Yes,Yes,3,2,Home,0,0,0.4685725038885226
75,Male,141/89,222,39.4,Yes,No,4,2,Home,0,0,0.4305430869504607
79,Male,155/75,163,18.1,Yes,Yes,4,3,Home,0,0,0.47639046534410995
33,Female,115/100,243,31.5,No,No,5,9,Rehab,0,1,0.5610997645540843
90,Other,118/90,242,38.5,Yes,Yes,0,5,Home,0,0,0.4624578958451077
81,Female,129/76,183,35.3,No,No,10,4,Rehab,0,1,0.5500893947992235
86,Female,147/76,230,27.9,No,No,0,7,Home,0,0,0.3995696816015386
36,Other,144/85,240,28.1,Yes,No,4,7,Rehab,0,1,0.6014972097048108
44,Male,114/79,227,35.4,Yes,Yes,2,8,Rehab,0,1,0.6199758447908421
70,Male,149/87,205,32.8,No,Yes,1,8,Home,0,0,0.42353056351346763
28,Other,123/76,284,39.7,No,No,2,6,Home,0,0,0.390673971446057
30,Female,142/90,224,34.6,Yes,Yes,1,3,Home,0,0,0.4623225568535646
22,Female,141/76,225,34.0,Yes,No,9,8,Home,0,0,0.43992729906143363
68,Female,111/84,197,22.8,No,No,4,4,Home,0,0,0.40455862686770283
82,Male,126/95,290,27.8,No,No,6,5,Home,0,0,0.43086935194173254
58,Male,144/85,207,24.0,Yes,Yes,5,2,Nursing_Facility,0,1,0.6151504454947468
83,Other,128/79,223,34.7,Yes,No,2,5,Rehab,0,1,0.59183143446998
53,Female,114/100,201,18.1,No,Yes,1,3,Nursing_Facility,1,1,0.5898775753712617
49,Other,151/84,237,26.9,No,Yes,6,5,Home,0,0,0.44708870844901116
59,Male,113/87,171,24.4,Yes,Yes,2,9,Home,0,0,0.4646948916676718
30,Other,143/94,188,26.5,No,Yes,0,5,Home,0,0,0.4283260909189299
67,Other,156/96,251,29.7,Yes,No,8,1,Home,0,0,0.4458697869512062
23,Male,123/80,255,39.6,No,Yes,1,8,Home,0,0,0.4143093799348454
42,Other,113/86,279,34.3,No,Yes,0,4,Home,0,0,0.4348813335370857
82,Male,142/91,230,30.1,No,No,3,8,Nursing_Facility,0,1,0.5564538049711064
56,Female,154/90,300,37.4,No,Yes,4,7,Home,0,0,0.432514977244054
74,Female,158/96,207,38.4,Yes,Yes,9,4,Rehab,1,1,0.6156896768260517
32,Female,122/77,281,39.2,Yes,Yes,6,1,Rehab,1,1,0.6216214745900073
51,Male,150/77,237,19.0,Yes,No,1,7,Home,0,0,0.4462218967669563
49,Other,142/95,208,39.6,Yes,No,0,9,Home,0,0,0.4274069556716625
84,Male,129/94,154,31.7,No,No,3,3,Rehab,0,1,0.5606716289844853
22,Female,122/80,285,23.0,Yes,No,6,2,Home,0,0,0.4541006992104699
63,Other,116/100,292,19.9,Yes,Yes,9,6,Rehab,0,1,0.664366257839069
53,Other,130/96,237,21.4,Yes,No,1,9,Home,0,0,0.4705708605911471
74,Male,128/87,284,28.7,No,Yes,0,9,Rehab,0,1,0.5996067734613763
48,Other,118/75,194,30.6,Yes,No,6,3,Nursing_Facility,0,1,0.577076180861676
87,Male,110/82,246,39.3,Yes,Yes,6,5,Home,0,0,0.44760863223399994
60,Female,137/86,238,37.9,Yes,Yes,1,8,Nursing_Facility,0,1,0.6097582178153075
33,Other,119/92,259,24.7,Yes,No,9,8,Home,0,0,0.44942257722453033
29,Male,120/71,267,26.2,No,Yes,6,10,Home,1,0,0.43169546248675367
38,Female,138/99,296,38.1,No,No,0,5,Home,0,0,0.3907234984326275
65,Male,123/81,288,27.7,No,No,10,7,Home,0,0,0.4297136677195399
18,Female,147/83,204,39.8,Yes,Yes,8,6,Home,0,0,0.4572687219057382
22,Female,125/70,257,20.1,No,Yes,5,3,Rehab,0,1,0.6273956036201694
90,Other,148/70,161,33.7,No,No,0,7,Home,0,0,0.39719120029965976
39,Female,122/94,228,29.8,Yes,Yes,7,5,Rehab,0,1,0.6358533400309591
67,Other,142/71,272,23.8,Yes,No,2,6,Home,0,0,0.44859831998582617
79,Male,128/94,197,19.7,Yes,Yes,3,2,Home,0,0,0.4768667874413432
87,Other,114/73,209,32.0,No,No,0,1,Rehab,0,1,0.5593820219663466
80,Other,128/99,219,27.5,Yes,Yes,10,1,Home,0,0,0.48943064176680207
54,Female,127/73,282,27.4,No,No,6,5,Home,1,0,0.42189976362751835
30,Male,139/100,291,34.4,No,No,1,4,Home,0,0,0.3965631165850752
34,Male,115/90,201,28.4,Yes,Yes,9,1,Nursing_Facility,0,1,0.6142724801446393
83,Other,113/71,298,39.0,No,Yes,7,7,Home,0,0,0.441833255965764
86,Female,158/94,259,24.1,No,Yes,6,7,Home,0,0,0.4601772982669247
51,Other,131/72,226,33.0,No,Yes,4,3,Home,0,0,0.44211611856012994
49,Other,129/72,295,37.9,No,Yes,8,4,Home,0,0,0.4463892589916002
28,Male,126/84,170,24.3,Yes,No,3,5,Home,0,0,0.44680820007634764
66,Other,120/91,210,24.2,Yes,No,1,7,Home,0,0,0.44702174600612554
76,Other,139/94,198,33.4,Yes,Yes,9,6,Home,0,0,0.4750576228559215
18,Other,144/82,267,28.8,Yes,Yes,5,2,Home,0,0,0.4798796469598821
63,Female,129/85,287,23.7,No,No,8,8,Home,0,0,0.42036565945808824
42,Female,133/87,277,37.8,Yes,No,1,7,Home,0,0,0.42412661818834174
66,Male,152/97,213,34.2,No,No,1,8,Home,0,0,0.3993309517231044
57,Female,138/72,216,27.7,Yes,Yes,4,5,Nursing_Facility,0,1,0.608695424476177
32,Male,140/83,240,19.6,Yes,No,2,5,Home,1,0,0.4446088602026037
22,Male,146/82,263,25.5,No,No,5,4,Nursing_Facility,0,1,0.5615033782945056
58,Female,117/96,272,35.9,Yes,Yes,8,8,Home,1,0,0.4662237688656101
44,Male,146/72,299,26.8,Yes,No,1,5,Home,0,0,0.4516314685250667
61,Male,130/71,203,32.9,Yes,No,2,4,Home,0,0,0.43155196308328375
23,Male,121/96,294,21.0,Yes,Yes,6,6,Home,0,0,0.4826874095265763
56,Male,154/75,192,25.1,No,No,8,4,Nursing_Facility,0,1,0.5552203779277344
45,Female,124/72,199,31.6,Yes,Yes,6,8,Home,0,0,0.4681317115911873
28,Female,119/85,236,39.7,No,Yes,5,7,Home,0,0,0.413135580163269
48,Male,123/90,200,18.9,No,No,1,10,Rehab,0,1,0.5644492776025241
81,Other,113/75,209,36.6,No,No,10,2,Home,0,0,0.4054525612673885
23,Male,132/72,199,24.6,Yes,Yes,7,1,Rehab,0,1,0.6378652944492175
47,Female,115/80,225,18.6,Yes,No,10,5,Home,0,0,0.4587623090968789
31,Female,117/94,267,29.6,No,No,3,1,Home,0,0,0.411329158154129
69,Male,128/79,257,32.1,Yes,Yes,3,6,Home,0,0,0.46685709782025825
40,Male,120/78,178,33.9,No,Yes,5,9,Home,1,0,0.42351883435994697
52,Female,147/78,289,26.9,No,Yes,7,5,Home,0,0,0.4474264559760846
74,Other,131/94,259,33.3,No,No,2,3,Home,0,0,0.4009779854880907
82,Other,158/74,190,35.3,No,Yes,7,3,Rehab,0,1,0.5948713119221677
20,Female,141/75,260,18.6,No,Yes,4,3,Home,0,0,0.4553246861280184
78,Other,157/86,190,36.9,Yes,Yes,7,6,Nursing_Facility,0,1,0.6052327118437827
82,Female,121/82,299,26.1,Yes,Yes,10,9,Home,0,0,0.49307636591328596
56,Male,146/99,156,25.7,No,Yes,1,8,Rehab,0,1,0.5888255207664695
57,Other,142/93,263,33.5,Yes,Yes,8,8,Nursing_Facility,0,1,0.6120495630801993
47,Other,156/72,264,34.8,Yes,No,9,5,Home,1,0,0.45554910842007973
90,Other,131/80,157,38.2,Yes,No,1,8,Home,0,0,0.42427202037620326
54,Male,120/70,247,19.5,No,No,5,9,Home,1,0,0.4214291350583664
51,Other,135/78,207,20.3,No,No,4,9,Home,0,0,0.4285983287656639
58,Female,132/94,202,32.6,No,No,5,6,Home,0,0,0.3966465425295148
32,Other,111/76,263,24.8,Yes,Yes,1,9,Home,0,0,0.4778325800696906
21,Other,146/84,251,34.2,Yes,No,8,1,Home,0,0,0.44255000712685716
47,Male,113/96,232,31.1,No,No,6,1,Rehab,0,1,0.5697232758874736
32,Female,122/73,244,36.4,Yes,Yes,4,8,Home,0,0,0.46675550482926986
90,Female,123/85,281,18.7,No,No,9,3,Home,0,0,0.43853634978221223
90,Male,155/74,155,19.8,No,Yes,8,8,Home,0,0,0.45519302376338183
87,Female,136/82,273,30.9,No,No,3,3,Home,0,0,0.40518239303955084
67,Female,117/92,152,26.6,Yes,No,0,4,Home,0,0,0.4392969965412861
49,Male,144/81,213,20.4,No,Yes,9,7,Home,0,0,0.4502400241614739
34,Male,141/72,283,37.4,No,No,6,9,Home,0,0,0.3924583770625476
26,Female,129/76,281,24.6,No,Yes,10,5,Home,0,0,0.4502567786525761
19,Female,111/95,251,26.7,Yes,Yes,8,7,Home,0,0,0.47628052519830844
52,Female,158/74,153,31.6,Yes,No,0,5,Home,0,0,0.42582294421880945
41,Female,133/95,182,28.9,No,No,7,8,Home,0,0,0.3956017790749076
54,Other,148/100,257,33.9,No,Yes,7,3,Home,0,0,0.4446082560885846
66,Male,156/84,216,32.2,Yes,Yes,4,8,Home,0,0,0.46722408520729874
48,Female,127/86,203,27.2,No,No,7,6,Home,0,0,0.4036484406647906
73,Other,160/72,253,27.5,Yes,No,2,1,Home,0,0,0.4486034151269712
65,Male,113/95,189,22.0,No,No,4,7,Rehab,0,1,0.5691853809972356
41,Female,129/99,202,25.3,No,Yes,3,1,Home,1,0,0.43761060848228356
54,Female,123/84,245,21.1,No,No,7,8,Home,0,0,0.41129816393851204
81,Other,151/76,249,34.8,Yes,No,8,6,Home,0,0,0.44787908964215667
23,Other,130/80,168,23.5,No,No,6,4,Home,0,0,0.40699700949660716
83,Female,159/72,219,28.5,No,Yes,9,9,Home,0,0,0.45034452762679
21,Male,133/72,235,31.2,Yes,No,4,2,Nursing_Facility,0,1,0.5740776081282091
82,Other,145/90,216,38.8,Yes,No,10,2,Home,0,0,0.43215705849684094
42,Male,123/72,275,21.2,Yes,Yes,6,8,Home,0,1,0.5020566992468984
83,Female,128/83,188,18.5,No,No,2,2,Home,0,0,0.42509734563861046
76,Female,159/79,182,35.3,No,No,1,10,Home,0,0,0.3864368028231257
80,Male,149/97,169,36.6,Yes,No,6,10,Nursing_Facility,0,1,0.5613213568494004
60,Male,135/91,218,26.2,No,Yes,7,2,Home,1,0,0.4404072384336927
61,Female,112/77,239,39.1,No,Yes,10,1,Home,0,0,0.432038654973823
56,Female,138/83,164,22.2,Yes,Yes,6,6,Home,0,0,0.4856706302742795
50,Female,129/97,207,34.3,No,Yes,2,8,Home,0,0,0.42000294520408177
82,Male,148/78,225,36.4,Yes,No,3,7,Rehab,1,1,0.5858002208034858
65,Female,148/97,158,29.6,No,Yes,9,2,Rehab,0,1,0.5832583340669021
52,Male,150/98,196,36.0,Yes,No,1,2,Home,0,0,0.41876660352211165
30,Other,112/93,252,37.8,No,Yes,5,4,Home,0,0,0.43797858146674107
51,Male,154/76,297,30.2,No,No,2,9,Home,0,0,0.42292490837027696
36,Female,147/90,163,28.8,No,No,2,9,Nursing_Facility,0,1,0.5264570938493469
59,Other,156/70,221,21.4,Yes,Yes,10,6,Home,0,1,0.5107047710138278
81,Other,117/87,259,28.2,Yes,No,10,1,Home,0,0,0.46053205723634727
43,Female,122/94,163,20.3,No,Yes,1,8,Rehab,0,1,0.6047486636038395
70,Male,121/99,184,19.7,No,Yes,9,8,Home,1,0,0.4458424489931737
38,Other,125/82,225,20.0,Yes,No,6,4,Nursing_Facility,0,1,0.6067022950110486
36,Male,128/87,212,19.0,Yes,No,6,9,Home,0,0,0.44791186010616335
56,Male,136/91,286,27.8,No,Yes,6,9,Home,0,0,0.4516774850916582
86,Female,148/81,204,20.0,Yes,Yes,8,5,Home,0,0,0.48458250138797393
59,Other,115/88,176,38.4,Yes,Yes,6,8,Home,0,0,0.4478771491916431
35,Other,122/91,300,22.1,Yes,No,6,1,Home,0,0,0.46354918635234754
89,Male,110/80,159,32.5,No,No,4,3,Home,0,0,0.39714125371449627
52,Male,140/93,192,29.9,No,Yes,1,9,Home,0,0,0.43456795157011213
39,Female,134/92,281,21.3,Yes,No,3,6,Home,0,0,0.45549500371282875
27,Male,121/82,167,22.2,Yes,No,2,1,Home,0,0,0.44342663995285864
65,Other,145/89,264,33.8,Yes,Yes,2,6,Home,0,0,0.4710825875384848
33,Female,148/86,244,25.7,No,No,5,10,Home,0,0,0.4059226947359425
31,Male,110/83,214,35.7,Yes,No,7,1,Home,0,0,0.4280167025619056
29,Other,160/85,209,36.6,No,No,4,3,Home,0,0,0.394651463116485
63,Other,124/76,267,34.4,Yes,No,7,1,Home,0,0,0.4508704061570651
67,Female,113/95,261,23.0,No,No,7,9,Home,0,0,0.4197513549685583
31,Female,119/88,280,23.3,Yes,No,1,5,Home,0,0,0.4623861775905739
89,Male,139/79,172,21.8,Yes,No,5,7,Home,0,0,0.44099552035885087
71,Other,121/98,289,23.8,Yes,Yes,7,2,Home,0,1,0.5002273282564795
83,Male,112/83,193,38.0,Yes,Yes,9,7,Home,0,0,0.45772132386690234
60,Other,147/86,190,32.9,Yes,No,4,10,Rehab,0,1,0.5950910298537609
35,Male,131/76,258,35.8,No,No,10,6,Home,0,0,0.3989703808988712
63,Female,110/73,207,21.0,Yes,Yes,4,3,Home,0,0,0.49219521743422395
21,Other,110/89,175,21.8,Yes,No,1,9,Home,0,0,0.45464792166288365
71,Male,112/85,265,26.5,Yes,Yes,9,4,Nursing_Facility,0,1,0.6208284386963528
47,Other,160/95,181,28.3,Yes,Yes,6,1,Home,0,0,0.46724263006690686
73,Male,131/78,187,34.2,Yes,Yes,0,4,Home,0,0,0.45770695882054685
26,Female,115/94,234,35.0,Yes,Yes,10,9,Rehab,0,1,0.6276971009836143
84,Other,135/79,196,27.7,No,No,1,9,Nursing_Facility,0,1,0.5465994723095658
68,Male,150/87,239,20.7,No,Yes,4,7,Home,0,0,0.4485717561770415
49,Female,112/93,284,20.1,No,No,7,10,Home,0,0,0.428604149019507
59,Female,111/92,226,30.5,Yes,No,0,5,Home,1,0,0.4416712692307853
27,Male,158/72,208,32.9,Yes,No,8,2,Home,0,0,0.43493752770823296
44,Other,150/83,252,29.7,Yes,No,1,4,Home,0,0,0.4384859575769104
71,Male,158/85,253,25.9,No,Yes,2,10,Home,0,0,0.44598716397949434
79,Female,153/87,285,29.7,No,No,9,10,Home,0,0,0.40972256077413777
26,Male,116/76,253,38.7,Yes,Yes,5,8,Home,0,0,0.45210677864785376
59,Male,147/91,257,33.5,Yes,No,3,8,Home,0,0,0.4391698933412458
71,Female,122/73,274,19.9,No,No,1,5,Home,1,0,0.42899721176150196
90,Male,126/97,294,20.4,No,Yes,10,10,Home,0,0,0.4756921299160559
44,Male,133/86,160,32.5,Yes,No,10,7,Home,0,0,0.41642331556022044
48,Female,114/94,254,23.3,Yes,Yes,0,4,Home,0,0,0.4775682280249569
52,Male,151/79,240,38.7,Yes,No,7,5,Home,1,0,0.42365132314486703
83,Male,112/92,237,36.6,Yes,Yes,1,4,Home,0,0,0.4560197716632472
49,Other,151/86,171,22.5,No,No,8,3,Home,0,0,0.4123843177526663
50,Other,157/71,241,35.7,Yes,No,8,6,Home,0,0,0.42717291528300333
35,Female,114/86,180,29.1,Yes,Yes,7,9,Home,0,0,0.46912189015462125
89,Female,128/81,214,25.7,Yes,Yes,7,4,Home,0,0,0.4811717168916322
45,Other,115/92,177,39.9,No,No,4,9,Nursing_Facility,0,1,0.5226304033225849
62,Other,156/94,178,39.8,Yes,Yes,4,10,Home,0,0,0.46277862373920803
77,Male,150/90,171,29.5,No,No,6,2,Nursing_Facility,0,1,0.5555848316253437
81,Male,160/99,217,35.3,No,No,2,5,Home,0,0,0.40092538847577436
79,Male,159/86,248,39.2,No,Yes,2,7,Home,0,0,0.4231517792547813
81,Male,118/76,218,21.4,Yes,No,10,8,Nursing_Facility,0,1,0.583921210522999
87,Female,159/76,203,24.5,Yes,No,7,1,Home,0,0,0.4452645321856233
73,Female,123/84,225,24.9,Yes,Yes,2,1,Rehab,0,1,0.630918999815701
37,Other,157/82,293,31.3,Yes,Yes,2,2,Home,0,0,0.4826449206622119
22,Male,126/95,219,36.2,Yes,No,2,4,Home,1,0,0.439263822690512
81,Female,144/97,277,22.1,No,No,7,5,Rehab,0,1,0.5913822607693854
32,Male,119/100,297,18.9,Yes,Yes,2,6,Home,0,0,0.48759312253261006
41,Other,140/82,238,37.0,No,Yes,10,10,Home,1,0,0.43614750369332406
80,Other,124/90,300,19.7,No,Yes,6,7,Home,0,0,0.4674533388507686
74,Male,144/71,163,39.5,Yes,No,0,10,Home,0,0,0.4265757224438864
29,Female,134/84,175,36.8,No,No,9,1,Home,1,0,0.3987374654257271
25,Female,121/71,206,38.8,No,Yes,9,5,Home,0,0,0.4295679575849247
79,Male,117/84,287,31.5,Yes,Yes,1,4,Home,0,0,0.47174972787085645
64,Male,138/93,170,25.2,No,Yes,4,4,Home,0,0,0.4225404501014075
63,Male,151/86,181,19.2,No,Yes,1,10,Home,0,0,0.4387733645588124
32,Other,116/85,221,29.6,No,No,4,10,Home,0,0,0.3982775294083457
53,Other,155/81,230,35.4,Yes,Yes,7,4,Home,0,0,0.4695540439158755
65,Female,111/98,173,20.3,No,Yes,4,6,Rehab,1,1,0.6022786561892741
44,Other,121/88,280,37.5,Yes,No,7,3,Home,0,0,0.44041746564551426
88,Other,137/99,207,33.1,Yes,Yes,10,8,Home,0,0,0.4831295411969216
34,Other,141/88,211,35.6,Yes,Yes,2,2,Rehab,0,1,0.6355119667239995
89,Other,124/73,214,36.3,Yes,Yes,4,7,Home,0,0,0.45721281165474226
36,Male,150/81,157,19.8,No,No,8,4,Home,0,0,0.4096745550919702
88,Other,143/99,186,39.7,Yes,Yes,9,3,Home,0,0,0.45291588037209934
80,Other,117/74,278,40.0,No,Yes,9,7,Nursing_Facility,0,1,0.5777416235381482
69,Male,137/75,284,33.7,No,No,3,3,Home,0,0,0.4031556488592865
52,Other,112/84,227,36.7,Yes,No,7,8,Home,0,0,0.4424318589906482
78,Male,144/90,189,21.7,Yes,Yes,10,10,Rehab,0,1,0.6307273429607713
65,Male,110/86,228,22.9,Yes,No,3,4,Home,0,0,0.456334706188894
42,Other,158/98,277,36.4,Yes,No,5,8,Home,0,0,0.43690306269664264
23,Male,130/99,239,23.0,No,No,3,5,Home,0,0,0.42041093742105734
87,Other,136/88,267,32.9,No,No,5,6,Nursing_Facility,0,1,0.5531094013809452
86,Other,154/98,198,25.0,No,Yes,10,10,Home,0,0,0.453537636998517
48,Male,110/74,185,25.4,No,No,4,10,Home,1,0,0.40769080868994717
29,Male,115/100,151,25.4,Yes,Yes,2,9,Home,0,0,0.46408890705261513
80,Female,133/75,276,23.2,No,Yes,10,3,Home,1,0,0.45764981359379764
34,Male,129/70,217,32.7,Yes,No,2,5,Home,0,0,0.43349306944026406
31,Other,154/73,265,37.6,Yes,Yes,2,7,Rehab,0,1,0.6315329465967151
47,Female,152/91,219,25.2,No,Yes,8,8,Home,0,0,0.43691764670447053
75,Female,119/85,284,26.3,No,Yes,8,5,Rehab,0,1,0.6032433604002551
47,Male,128/84,229,20.4,Yes,No,4,10,Home,0,0,0.43852772250246924
88,Other,147/94,154,21.4,No,No,9,5,Nursing_Facility,0,1,0.5685411548267626
35,Male,145/91,225,23.8,No,Yes,7,10,Home,0,0,0.4399811899631227
19,Other,113/76,214,37.0,Yes,No,4,3,Home,1,0,0.43398820723108256
68,Other,158/93,252,36.7,No,Yes,2,1,Home,0,0,0.43670282028079216
49,Female,133/100,167,24.0,Yes,No,4,10,Home,0,0,0.4272106284377215
59,Female,117/97,165,29.6,Yes,Yes,2,10,Home,0,0,0.4636556113724144
25,Other,157/79,160,24.7,No,Yes,9,9,Home,0,0,0.448708052953904
65,Male,123/81,280,37.7,Yes,No,2,4,Home,0,0,0.4454268454402493
43,Other,142/91,205,27.1,No,No,5,2,Nursing_Facility,0,1,0.5673905733590028
38,Female,138/84,231,24.3,No,No,0,3,Home,0,0,0.4095783474905619
74,Other,141/84,194,20.1,No,Yes,9,1,Rehab,1,1,0.616758233854485
54,Male,126/78,259,28.9,Yes,No,5,7,Home,0,0,0.4545307028077808
79,Other,139/99,153,28.9,No,No,10,4,Rehab,0,1,0.5724357609827937
35,Female,145/78,167,35.3,No,Yes,9,4,Rehab,0,1,0.59930181542682
36,Male,117/70,189,23.1,Yes,Yes,8,7,Home,0,0,0.4711770484709434
44,Other,126/91,279,31.7,Yes,Yes,9,8,Home,0,0,0.49480419215160265
84,Other,137/98,226,21.7,No,Yes,5,4,Home,0,0,0.4703253381652554
69,Male,147/87,285,27.6,No,No,10,4,Home,0,0,0.4215801972472786
81,Male,115/74,296,31.5,No,Yes,10,5,Home,0,0,0.45085724130967403
80,Male,117/79,289,31.2,No,No,4,3,Home,0,0,0.40833729578167227
68,Other,157/87,257,18.8,No,No,0,10,Home,0,0,0.42938588105161224
57,Female,149/86,271,36.1,No,Yes,6,9,Home,0,0,0.4476970110692064
33,Male,143/83,171,24.2,Yes,Yes,4,4,Nursing_Facility,0,1,0.6146456275264615
24,Female,116/72,288,23.1,No,Yes,4,4,Rehab,0,1,0.6226589435405951
37,Male,130/94,176,38.1,Yes,Yes,0,2,Home,0,0,0.4635183231248157
50,Male,116/77,228,32.7,No,Yes,9,7,Home,0,0,0.4290302376810294
57,Male,147/97,256,23.1,No,Yes,6,6,Rehab,0,1,0.6346427509548929
45,Other,142/100,295,21.0,Yes,No,4,10,Home,0,0,0.45068111509972486
60,Male,133/87,197,23.1,Yes,No,9,8,Rehab,1,1,0.5980007271493428
32,Female,121/83,198,26.7,No,No,10,4,Home,0,0,0.3980846778514775
60,Male,122/84,167,31.1,Yes,No,1,10,Nursing_Facility,0,1,0.5719415632700412
84,Female,147/85,196,28.8,Yes,No,4,9,Home,0,0,0.4368716292831665
38,Other,157/82,270,20.5,No,Yes,5,9,Rehab,0,1,0.6179944441794504
67,Female,119/97,256,21.6,Yes,No,9,6,Home,0,0,0.45987218641702726
30,Other,157/72,230,32.8,No,No,4,7,Nursing_Facility,0,1,0.5351665829472334
55,Female,115/91,258,19.4,No,Yes,3,5,Nursing_Facility,1,1,0.6004888471314498
89,Female,156/84,155,34.0,No,No,10,7,Home,0,0,0.3950925023516878
51,Other,124/97,193,23.9,No,Yes,2,3,Home,0,0,0.45806754985914294
88,Other,111/80,235,28.8,No,No,7,7,Home,0,0,0.4209687963368412
68,Female,159/78,267,27.3,No,Yes,10,5,Rehab,0,1,0.6174085857116056
46,Male,115/98,193,30.2,Yes,Yes,2,5,Nursing_Facility,0,1,0.600139696155862
80,Other,118/75,233,35.7,No,Yes,10,10,Home,0,0,0.4325614227133471
31,Male,152/100,274,23.7,Yes,Yes,1,4,Home,0,0,0.4784503919970356
85,Male,155/70,188,36.3,Yes,No,2,2,Home,0,0,0.4288982831537455
40,Male,115/91,297,34.7,No,No,6,9,Home,0,0,0.4047704508137097
47,Female,157/83,193,28.9,No,Yes,8,1,Home,1,0,0.43494294361889885
19,Male,110/93,239,22.0,No,Yes,6,5,Home,0,0,0.4651668058691071
50,Female,118/83,247,22.0,No,Yes,8,10,Home,0,0,0.4611737231353503
30,Female,158/90,177,39.3,Yes,No,5,10,Home,1,0,0.41754621041537077
62,Male,126/82,259,31.2,No,Yes,10,7,Home,0,0,0.4395254599532119
44,Male,113/78,172,30.1,Yes,No,4,4,Home,0,0,0.4309040303997583
56,Female,114/81,204,33.4,Yes,No,6,4,Rehab,0,1,0.593562980230091
64,Female,114/85,184,32.5,No,No,7,1,Rehab,0,1,0.5619464069761864
48,Other,158/91,223,25.2,Yes,No,10,6,Home,1,0,0.45036756008698464
77,Male,149/78,257,21.9,No,No,4,1,Rehab,0,1,0.5796260975460421
43,Female,150/73,286,22.5,Yes,Yes,0,9,Home,0,1,0.5071894297645869
77,Female,141/82,295,25.7,Yes,No,0,1,Home,0,0,0.446296923733313
27,Other,160/75,247,19.9,Yes,No,7,9,Home,0,0,0.46198847605262033
24,Other,122/92,156,36.2,Yes,No,2,8,Home,0,0,0.4164553593939302
33,Other,141/80,202,32.2,No,Yes,5,2,Home,0,0,0.43839211978311937
82,Other,113/93,178,33.7,No,Yes,4,1,Home,0,0,0.42372755306348925
85,Female,149/86,226,38.0,No,No,4,4,Home,0,0,0.40815479375198044
36,Other,116/92,297,25.3,Yes,Yes,10,1,Home,0,0,0.49951454176546983
50,Female,158/81,185,26.1,Yes,Yes,10,5,Home,0,0,0.47125265333311567
39,Other,158/78,291,23.7,Yes,Yes,7,6,Nursing_Facility,1,1,0.631665611110264
56,Female,118/94,221,20.9,No,Yes,5,10,Home,0,0,0.4383327917138772
22,Male,140/84,178,25.8,Yes,Yes,8,4,Home,0,0,0.4646783612909128
78,Male,117/90,226,28.3,No,Yes,9,5,Home,0,0,0.4357996886446703
25,Male,114/95,178,39.4,Yes,Yes,1,4,Nursing_Facility,0,1,0.5942404788374229
64,Other,140/80,175,21.7,No,Yes,0,5,Home,0,0,0.45034580293452914
90,Other,145/74,251,30.6,Yes,No,0,10,Home,0,0,0.459845538157393
27,Other,111/88,214,26.1,Yes,No,2,8,Home,0,0,0.4409062839674545
50,Other,139/80,175,34.0,No,No,8,1,Home,0,0,0.39830971860459446
62,Other,144/95,226,23.9,Yes,Yes,6,10,Home,0,0,0.4839702294529141
25,Male,119/81,300,21.6,No,Yes,3,10,Home,0,0,0.4576850053588967
53,Male,115/80,244,25.9,Yes,No,9,10,Home,0,0,0.4453873138421423
74,Male,146/82,295,39.0,Yes,Yes,10,3,Home,0,0,0.4778453212060063
87,Female,150/87,226,24.3,No,Yes,3,3,Nursing_Facility,0,1,0.5865831302771567
82,Other,153/74,274,28.6,No,No,8,8,Home,0,0,0.42150089934255375
76,Male,143/94,159,22.7,Yes,No,6,1,Rehab,1,1,0.5900806708827636
66,Male,119/76,220,33.3,No,No,3,8,Home,0,0,0.3880696577031956
69,Male,118/88,212,38.4,Yes,No,1,3,Home,0,0,0.4182863285504042
44,Female,129/100,244,26.8,Yes,Yes,6,5,Rehab,0,1,0.658956263028888
31,Female,147/86,164,39.2,No,Yes,3,1,Rehab,0,1,0.5789736181697949
86,Male,111/99,252,28.4,Yes,Yes,10,3,Home,0,0,0.4845400929605151
66,Other,124/98,230,30.2,Yes,No,1,8,Home,1,0,0.4326656701762395
67,Other,160/94,150,24.1,No,Yes,4,9,Home,0,0,0.4415306253621355
83,Female,123/76,185,23.6,No,Yes,8,8,Home,1,0,0.4348507064807212
45,Male,117/97,150,24.1,Yes,No,1,2,Home,0,0,0.4370534092244362
40,Male,138/79,203,35.8,No,Yes,3,1,Rehab,1,1,0.5820682683901829
30,Female,157/76,259,21.5,Yes,Yes,8,1,Home,0,0,0.4989697498359563
56,Male,157/92,282,29.1,No,Yes,0,4,Rehab,1,1,0.6076460318462888
56,Female,155/92,216,36.4,Yes,No,2,10,Home,0,0,0.42335562181273245
64,Other,160/92,155,18.6,No,Yes,9,3,Home,0,0,0.45262836096317394
67,Female,152/84,197,18.5,No,No,1,1,Home,0,0,0.41059610673463653
37,Male,118/82,292,30.8,Yes,Yes,10,4,Nursing_Facility,0,1,0.6153231050413278
59,Male,155/90,157,23.3,No,Yes,7,8,Home,0,0,0.444295923514554
37,Other,119/96,297,37.7,No,Yes,0,8,Rehab,0,1,0.5886634308727217
69,Female,144/86,190,34.2,Yes,Yes,1,8,Home,0,0,0.4552286100998812
73,Female,152/85,239,33.7,Yes,Yes,2,10,Rehab,1,1,0.6244457011984824
83,Female,137/72,169,35.5,No,No,3,7,Home,0,0,0.3814450866404773
51,Other,140/73,220,35.1,Yes,No,1,5,Home,0,0,0.43433667087633354
22,Male,113/72,289,33.3,Yes,Yes,5,9,Home,0,0,0.4712371893410777
77,Other,110/90,271,36.3,No,Yes,5,3,Home,0,0,0.446268681718123
67,Other,140/91,284,31.2,Yes,Yes,3,1,Rehab,0,1,0.6465734216744499
60,Male,159/96,293,27.6,No,Yes,1,8,Home,0,0,0.4463053055177836
28,Female,140/86,177,37.3,Yes,Yes,5,1,Home,0,0,0.4545802053196853
32,Male,124/84,190,32.4,No,No,3,1,Nursing_Facility,0,1,0.5349632721554186
43,Female,160/81,181,24.8,No,No,0,1,Home,0,0,0.4033650564104513
84,Female,147/74,216,33.2,Yes,No,0,4,Nursing_Facility,1,1,0.5843312263688959
22,Other,118/71,195,36.8,Yes,Yes,9,2,Home,0,0,0.4540289021146687
89,Male,149/97,278,38.3,No,No,10,6,Home,0,0,0.4017234391513669
85,Male,158/84,247,38.8,No,No,10,6,Nursing_Facility,0,1,0.5328410199816699
38,Other,159/75,224,29.8,No,Yes,3,8,Home,0,0,0.43641004025869046
41,Other,151/79,155,28.7,Yes,No,5,8,Home,0,0,0.43244124492421165
54,Other,158/98,212,30.2,Yes,Yes,4,2,Rehab,1,1,0.6328453165182667
75,Other,133/75,243,33.7,Yes,Yes,5,2,Nursing_Facility,1,1,0.6153024829073419
75,Female,145/84,157,39.2,No,Yes,3,8,Rehab,0,1,0.5818986574865717
76,Male,132/70,266,21.0,No,Yes,10,6,Home,0,0,0.46323537938507686
27,Other,139/99,228,18.0,No,No,4,2,Home,1,0,0.4346848924531435
75,Female,132/75,198,21.9,No,Yes,8,3,Home,0,0,0.45905802827619097
24,Male,154/84,221,34.4,No,Yes,3,5,Home,0,0,0.424472436603667
61,Other,147/96,171,27.7,No,No,9,5,Home,0,0,0.40205157929838603
89,Female,122/90,222,38.2,No,Yes,0,1,Home,0,0,0.42592402529780754
23,Other,154/82,183,24.7,Yes,No,4,7,Rehab,0,1,0.5937707731674742
43,Male,112/77,210,20.6,No,No,1,8,Nursing_Facility,0,1,0.5532229772095131
35,Male,114/83,226,38.7,No,No,1,5,Home,0,0,0.3943592717652859
69,Female,160/87,258,33.8,Yes,No,7,9,Home,0,0,0.42585827051604924
71,Other,118/90,278,39.4,Yes,Yes,9,1,Rehab,1,1,0.6291362447267801
88,Other,115/89,166,23.2,Yes,No,10,2,Home,0,0,0.44561547062653495
76,Other,129/83,229,35.1,Yes,No,4,9,Home,0,0,0.42846780632559944
75,Male,123/71,272,29.0,Yes,No,5,6,Home,1,0,0.4342923634028435
42,Male,148/74,223,35.8,No,No,5,3,Rehab,0,1,0.5514863755349151
34,Other,156/86,210,26.7,No,Yes,10,5,Home,0,0,0.4504670382799497
73,Other,138/85,273,35.3,No,Yes,7,4,Home,1,0,0.44002361431253556
35,Male,131/93,290,19.8,No,No,6,8,Rehab,0,1,0.5960290696472386
38,Female,138/94,174,37.3,Yes,Yes,0,6,Rehab,1,1,0.623803496816225
71,Female,136/80,276,34.7,Yes,Yes,10,2,Home,0,0,0.48604641486555794
29,Female,130/100,295,35.0,No,Yes,9,6,Rehab,0,1,0.6008928703319807
78,Female,119/83,222,32.1,No,No,1,7,Rehab,0,1,0.588175661056807
27,Other,114/98,204,34.8,No,Yes,7,6,Nursing_Facility,0,1,0.5755033948682626
37,Male,130/78,222,27.0,No,No,7,8,Home,1,0,0.4032028912867812
74,Male,139/94,286,29.4,No,Yes,1,8,Home,0,0,0.4452215258077544
46,Other,156/70,155,30.5,Yes,No,9,6,Home,1,0,0.4526593787068993
70,Other,125/82,212,22.5,No,Yes,1,10,Home,0,0,0.4562210511315351
28,Male,142/82,259,29.2,Yes,No,2,5,Home,1,0,0.44101411695532317
88,Female,144/78,168,37.4,No,No,9,4,Home,0,0,0.3907305252534142
26,Other,154/81,179,37.5,No,No,9,1,Home,0,0,0.400859419334796
41,Female,122/85,216,23.2,No,No,7,6,Home,0,0,0.405181292225668
33,Male,138/78,288,30.2,Yes,No,1,3,Nursing_Facility,0,1,0.5770528472795239
82,Male,149/99,297,35.1,No,No,5,2,Home,0,0,0.40259885251990546
55,Female,160/89,252,32.9,No,No,6,7,Home,0,0,0.3944830441392125
36,Female,133/81,247,29.9,Yes,Yes,9,10,Home,0,0,0.46442576386571577
61,Female,116/92,180,37.0,Yes,Yes,7,3,Rehab,1,1,0.6178781155937358
27,Other,159/93,200,31.6,Yes,No,10,4,Home,0,0,0.4383189110035714
71,Male,140/89,231,25.0,Yes,No,3,10,Home,0,0,0.43562888304416775
44,Female,149/92,202,33.9,No,No,1,8,Home,0,0,0.3912799032643505
88,Other,112/85,297,25.1,No,No,0,5,Rehab,0,1,0.5813711734171134
24,Male,158/85,174,32.5,Yes,Yes,7,3,Home,0,0,0.46427142018521017
54,Male,113/76,166,22.2,Yes,No,10,10,Home,0,0,0.4442402971910193
65,Male,128/71,157,24.5,No,No,5,6,Rehab,0,1,0.5559519885035757
47,Female,117/89,296,29.4,Yes,Yes,2,4,Nursing_Facility,1,1,0.6173200922708642
62,Female,110/77,293,34.8,No,Yes,6,9,Rehab,1,1,0.5934414388070781
25,Female,111/71,167,34.2,Yes,No,9,5,Home,0,0,0.42156608885053165
54,Female,117/84,200,23.4,No,No,7,10,Home,0,0,0.40547173379341006
55,Other,150/85,264,29.8,No,Yes,1,7,Rehab,0,1,0.5975626668501208
87,Other,153/89,284,35.0,Yes,Yes,4,3,Home,0,0,0.4774476392828862
74,Female,141/98,259,20.9,No,Yes,2,1,Home,0,0,0.4662853164724647
72,Female,141/95,259,27.4,No,Yes,3,2,Home,0,0,0.4520776755849028
82,Male,148/78,281,38.1,Yes,Yes,7,6,Nursing_Facility,0,1,0.6077289622011224
47,Male,160/88,198,22.6,Yes,No,2,3,Rehab,0,1,0.6015693647871612
86,Female,116/72,231,32.6,Yes,No,2,2,Home,0,0,0.4459428410196448
58,Female,110/85,160,18.2,Yes,No,1,6,Home,0,0,0.44964206745861973
63,Female,146/71,265,39.3,No,Yes,2,10,Home,0,0,0.432060752749657
40,Male,135/98,181,24.5,Yes,No,10,2,Nursing_Facility,0,1,0.5850373011052845
87,Other,127/70,297,39.7,No,No,1,10,Rehab,0,1,0.5520571312401146
82,Female,146/100,190,31.3,No,Yes,9,5,Rehab,0,1,0.5955195317084712
54,Female,127/96,227,25.8,No,No,3,8,Rehab,0,1,0.5764918753529887
87,Male,113/88,289,29.2,No,Yes,6,2,Home,0,0,0.4395591662159981
49,Other,147/91,260,26.1,No,Yes,10,10,Home,0,0,0.4597550948600742
43,Other,158/93,186,25.1,Yes,No,0,5,Nursing_Facility,0,1,0.5835204496900546
39,Male,120/77,232,21.2,Yes,No,5,9,Home,0,0,0.4476998219044888
42,Male,110/79,275,33.8,Yes,Yes,10,1,Nursing_Facility,1,1,0.6240542212684621
52,Male,110/92,188,28.0,Yes,Yes,4,5,Rehab,0,1,0.6331463152647364
36,Other,139/96,179,24.2,No,No,9,6,Home,0,0,0.4322320359681452
48,Other,139/84,187,39.5,Yes,No,8,6,Home,0,0,0.4308920424040894
45,Female,146/81,150,31.4,No,No,6,10,Home,1,0,0.396647053416051
78,Female,150/89,230,32.2,No,No,2,2,Home,0,0,0.39422687304521725
25,Female,159/95,287,31.8,No,Yes,2,7,Home,0,0,0.43838569261478627
20,Female,115/72,227,39.2,No,Yes,9,6,Home,0,0,0.43865014609392317
50,Other,136/77,252,22.4,Yes,No,5,6,Rehab,0,1,0.6087024376686438
74,Male,118/95,246,28.8,No,Yes,5,9,Rehab,1,1,0.597258245465753
89,Female,125/83,295,25.8,No,Yes,3,4,Home,1,0,0.45656768066127346
72,Other,143/95,189,38.3,No,No,9,2,Home,0,0,0.39154795666994086
58,Male,141/81,169,21.3,No,No,8,4,Home,0,0,0.41478889868485536
34,Other,136/83,212,34.9,Yes,Yes,3,4,Home,0,0,0.4733578488994083
29,Female,111/95,183,34.2,No,No,4,7,Nursing_Facility,0,1,0.5268594583371663
19,Female,121/83,157,37.7,Yes,Yes,1,10,Home,0,0,0.4359544563821565
38,Female,153/82,222,24.4,No,Yes,5,10,Home,0,0,0.4470958535101823
75,Other,146/82,267,24.3,Yes,No,9,5,Rehab,0,1,0.6266007333942355
31,Other,111/70,283,23.8,Yes,Yes,3,5,Home,0,1,0.5063458137002418
47,Other,144/99,271,23.2,No,No,10,6,Rehab,0,1,0.5825848115948902
38,Male,117/73,186,32.7,No,No,3,9,Nursing_Facility,0,1,0.520229501674611
81,Female,123/72,200,21.3,No,No,8,3,Nursing_Facility,0,1,0.5715223800297572
58,Other,133/82,169,25.4,No,No,2,2,Home,0,0,0.4063185760338422
55,Male,135/90,291,24.9,No,Yes,3,1,Home,0,0,0.455096678155447
25,Male,134/72,279,26.2,Yes,No,5,10,Rehab,0,1,0.6047109355018966
27,Male,151/99,235,24.1,Yes,No,1,4,Home,0,0,0.44103631140539606
37,Female,158/94,273,25.0,No,No,8,5,Home,0,0,0.42635431025843606
28,Male,116/81,220,26.4,No,Yes,6,10,Home,0,0,0.4405862916657211
88,Male,110/85,216,35.7,Yes,Yes,7,8,Home,0,0,0.46555642527390545
39,Male,132/93,181,25.5,No,Yes,8,7,Home,0,0,0.43708624437882226
81,Male,150/79,252,28.7,Yes,Yes,3,9,Home,0,0,0.4811704562664635
72,Male,158/72,289,18.4,No,Yes,0,5,Home,0,0,0.4635551835821868
44,Female,141/84,168,38.6,No,No,3,6,Home,0,0,0.3814403110516558
28,Male,157/94,154,34.6,Yes,No,1,2,Home,0,0,0.4247251819011887
38,Other,136/77,169,38.6,No,Yes,4,3,Home,1,0,0.41448428345485083
26,Female,114/86,181,23.3,No,No,9,3,Rehab,0,1,0.5726557829334677
51,Other,135/79,251,26.2,No,Yes,0,2,Home,0,0,0.45019872367054853
70,Female,142/82,280,21.7,Yes,No,10,5,Rehab,1,1,0.6213063423721149
60,Other,123/95,152,24.9,No,No,9,6,Home,0,0,0.4109951699228009
85,Male,114/92,212,28.3,No,No,9,5,Home,0,0,0.4030353637446447
79,Other,129/79,173,25.4,No,Yes,3,3,Home,0,0,0.46078050392778186
27,Female,150/72,224,30.7,Yes,Yes,8,4,Home,1,0,0.49056564983540313
86,Male,129/83,186,38.0,No,No,7,3,Home,0,0,0.38263181300579485
71,Other,147/74,217,20.4,No,Yes,1,8,Home,1,0,0.4659993657669414
90,Male,115/79,226,24.2,No,No,7,8,Nursing_Facility,0,1,0.5448949841192043
71,Female,154/71,263,22.0,Yes,Yes,6,5,Home,0,0,0.4951477602886569
61,Other,148/93,275,39.8,Yes,Yes,2,10,Nursing_Facility,0,1,0.604201334665565
50,Female,141/81,289,29.5,No,No,10,9,Home,0,0,0.41752154383219364
18,Other,159/86,251,37.4,Yes,Yes,3,2,Home,0,0,0.4684520939689389
64,Male,128/71,157,38.9,No,No,0,1,Home,0,0,0.3756332999282685
27,Male,111/87,224,23.8,No,No,4,10,Home,0,0,0.4028496886652588
21,Male,143/94,251,29.2,No,Yes,7,8,Home,0,0,0.42645050371666543
67,Other,143/100,192,30.4,Yes,No,1,3,Home,0,0,0.43289927320934074
83,Male,116/91,255,24.1,Yes,Yes,8,4,Home,0,0,0.47718394869724284
20,Other,149/91,292,27.4,No,Yes,3,6,Home,0,0,0.44883743818187966
50,Male,142/92,286,24.5,No,No,2,6,Home,1,0,0.4126318849217134
29,Male,149/73,190,29.5,No,Yes,9,7,Home,0,0,0.43076580029896827
26,Male,130/91,213,19.1,No,Yes,3,3,Rehab,1,1,0.6067118633280986
51,Other,131/93,190,34.4,No,Yes,7,2,Nursing_Facility,0,1,0.5881259059135617
67,Male,126/84,236,23.1,No,Yes,4,8,Rehab,0,1,0.6158903195263398
29,Other,123/72,275,22.8,No,No,7,1,Home,0,0,0.44126614318359514
45,Male,155/95,162,25.8,Yes,Yes,9,1,Rehab,0,1,0.6261959407725934
42,Female,131/88,220,22.6,Yes,No,0,3,Home,0,0,0.45202907016477833
74,Male,143/72,218,21.2,No,No,8,2,Rehab,0,1,0.5763036913033984
34,Male,120/100,231,26.9,Yes,Yes,0,9,Rehab,0,1,0.6313371692729405
26,Female,134/79,195,38.5,Yes,Yes,0,8,Home,0,0,0.44343331375313527
26,Female,114/73,250,37.8,No,Yes,6,9,Home,0,0,0.42085655838626845
46,Female,157/74,224,32.6,Yes,No,6,3,Home,0,0,0.4431979766547843
20,Other,146/91,250,40.0,No,No,4,3,Rehab,0,1,0.5494790520661439
33,Female,137/72,222,22.1,Yes,No,4,6,Home,1,0,0.44078634832646146
55,Female,117/82,200,20.1,Yes,Yes,3,5,Rehab,0,1,0.6391084474209469
74,Female,114/100,195,30.9,No,No,8,4,Home,0,0,0.39912298124439965
24,Other,153/83,270,28.6,No,Yes,9,4,Home,0,0,0.4457295370406289
19,Other,111/76,292,26.1,No,Yes,0,2,Home,0,0,0.44713037901425146
83,Female,113/96,246,24.8,Yes,Yes,4,1,Home,0,0,0.49295414326958575
64,Male,118/94,212,31.9,Yes,No,6,4,Nursing_Facility,0,1,0.5640759747617136
67,Female,146/90,218,33.1,No,No,0,8,Home,0,0,0.39415957433831245
44,Female,122/100,240,38.3,No,Yes,9,6,Home,0,0,0.42770755214406214
33,Female,151/86,267,38.0,No,No,6,1,Rehab,0,1,0.5541343101511105
55,Other,145/82,152,24.2,No,Yes,5,10,Home,0,0,0.4452072920985183
83,Male,146/71,217,24.4,Yes,No,5,10,Rehab,0,1,0.6087392751527723
57,Other,126/100,273,29.4,No,Yes,10,1,Rehab,0,1,0.6095027453140079
67,Other,129/70,218,20.0,Yes,No,2,10,Home,0,0,0.4595003962986597
38,Other,130/87,169,22.1,No,Yes,7,4,Rehab,0,1,0.6144850729803437
75,Other,145/85,224,38.3,No,No,6,2,Home,0,0,0.3987692323267193
68,Other,116/77,180,39.9,No,Yes,1,7,Home,0,0,0.41624808717885303
85,Male,149/88,194,28.8,No,Yes,3,6,Home,0,0,0.4326981443160851
78,Male,145/90,174,37.3,No,No,3,8,Home,0,0,0.38170537140179805
67,Other,137/85,259,26.6,No,No,2,7,Home,0,0,0.42731134969967255
86,Female,147/94,207,38.1,Yes,Yes,5,5,Home,0,0,0.46968178509618874
48,Male,155/81,164,21.9,No,Yes,7,2,Rehab,0,1,0.5996798566378123
26,Other,127/79,191,21.9,No,No,7,10,Home,0,0,0.420685029710958
72,Male,157/75,279,31.8,Yes,No,1,3,Home,0,0,0.44958247084442715
44,Male,118/87,153,19.1,No,No,3,2,Home,0,0,0.41315163435100904
78,Female,134/91,228,33.2,No,Yes,9,9,Home,0,0,0.4446309056639852
34,Female,110/71,242,27.1,No,No,0,9,Home,0,0,0.43013170893536273
41,Other,118/78,202,31.2,Yes,Yes,2,2,Home,0,0,0.4749587435592071
81,Female,152/96,290,34.8,No,Yes,7,5,Home,0,0,0.43179879806067045
79,Male,138/75,182,36.5,Yes,No,1,8,Home,1,0,0.4058242140874218
24,Female,143/96,179,33.2,No,No,1,7,Rehab,1,1,0.5514258024578683
60,Male,116/72,281,20.3,Yes,No,5,9,Home,0,0,0.4662252023110588
85,Female,143/92,260,35.7,Yes,No,8,8,Home,0,0,0.42970806045633586
44,Female,124/83,208,22.7,No,Yes,1,9,Rehab,0,1,0.6041714673447233
54,Male,134/74,225,18.6,Yes,Yes,8,3,Home,1,0,0.48926721484350255
49,Other,114/96,207,35.3,Yes,Yes,10,3,Home,0,0,0.4652687597848138
51,Female,116/93,273,27.5,Yes,No,3,10,Home,0,0,0.43796436688356244
56,Other,119/79,282,23.3,No,No,2,3,Nursing_Facility,0,1,0.5594938990469628
30,Other,119/81,181,29.0,Yes,Yes,9,7,Rehab,0,1,0.6353423346642805
25,Male,147/89,183,28.6,Yes,No,9,10,Home,0,0,0.42905375074354607
45,Female,121/88,272,36.8,Yes,No,7,4,Home,0,0,0.4345336601270007
67,Male,110/75,205,35.2,No,Yes,7,3,Home,1,0,0.4250988982828472
83,Male,136/81,179,31.0,No,No,3,7,Home,0,0,0.40004384181970704
55,Female,139/70,254,18.0,No,Yes,10,8,Home,0,0,0.46870239952594095
30,Female,110/98,265,25.6,Yes,No,1,10,Home,0,0,0.4399282662773518
86,Other,144/76,227,22.1,Yes,No,1,10,Home,0,0,0.45912983984002714
27,Female,151/89,212,39.1,No,No,10,8,Home,0,0,0.39635559269908743
89,Male,112/77,164,31.0,No,Yes,5,3,Nursing_Facility,0,1,0.5719267906808443
76,Male,144/77,274,24.4,Yes,Yes,3,6,Rehab,0,1,0.6436306896957261
51,Male,147/81,299,30.7,No,No,2,4,Home,0,0,0.41147161565334106
53,Other,151/70,296,37.4,Yes,No,8,5,Home,0,0,0.44853648257938006
63,Male,146/79,172,19.3,No,Yes,6,2,Home,0,0,0.45046752026904247
19,Female,136/94,273,33.6,No,Yes,10,6,Home,0,0,0.4391337001742008
87,Male,136/91,290,35.0,Yes,Yes,1,6,Rehab,0,1,0.6338136559108862
36,Other,150/84,194,24.5,Yes,No,7,5,Home,0,0,0.43828930841705255
79,Male,129/78,284,29.7,No,No,0,4,Home,0,0,0.4127458680944043
29,Male,154/93,211,37.7,Yes,Yes,10,10,Home,0,0,0.4520273979248564
66,Male,111/71,158,23.3,Yes,Yes,2,5,Home,0,0,0.46762084740225307
86,Male,129/78,235,26.2,No,No,7,8,Home,0,0,0.4136494999805378
78,Female,148/83,189,32.7,Yes,No,6,3,Nursing_Facility,0,1,0.5816530944910675
48,Female,134/75,168,31.0,Yes,Yes,5,8,Nursing_Facility,1,1,0.5935929388208805
28,Female,120/81,160,36.3,Yes,Yes,8,5,Home,0,0,0.4542824696330178
58,Female,135/90,248,31.3,No,Yes,9,9,Rehab,0,1,0.5999869860882638
36,Other,116/91,224,23.9,Yes,Yes,0,7,Home,0,0,0.47326640476837517
52,Male,139/84,225,33.4,Yes,No,0,2,Home,0,0,0.4358775182695047
90,Male,136/71,166,21.4,No,Yes,6,1,Home,0,0,0.447360910348202
27,Male,153/89,265,32.1,No,Yes,3,5,Nursing_Facility,0,1,0.5742105725414924
56,Female,151/97,250,30.2,No,Yes,10,2,Home,0,0,0.4357179354349092
71,Other,156/100,151,34.6,Yes,Yes,2,10,Rehab,0,1,0.6076486581299877
40,Female,154/99,275,20.2,No,No,6,1,Nursing_Facility,1,1,0.5635578294382649
75,Male,124/82,183,35.0,Yes,Yes,9,5,Home,0,0,0.45884048736510513
86,Female,155/99,163,23.0,No,No,9,4,Rehab,0,1,0.579063961735141
63,Other,117/96,249,25.8,No,No,0,10,Home,0,0,0.41113374991227486
79,Male,116/80,252,28.9,No,Yes,7,6,Home,0,0,0.44090157123348933
72,Female,129/95,189,19.8,No,No,8,3,Home,0,0,0.41067297683235643
29,Other,124/97,248,22.2,Yes,No,6,8,Nursing_Facility,0,1,0.6071656481946485
42,Female,157/96,174,29.5,No,Yes,0,6,Home,0,0,0.42435400715594684
37,Female,134/94,173,26.3,Yes,No,6,2,Home,0,0,0.4348571050872972
90,Other,132/85,155,32.6,Yes,No,7,9,Home,0,0,0.4248367163436618
18,Other,122/85,273,28.2,No,Yes,4,7,Rehab,1,1,0.6000295879568444
23,Other,149/93,178,29.5,Yes,No,7,8,Home,0,0,0.4411312578844746
30,Male,156/76,154,36.3,Yes,No,9,7,Home,0,0,0.41630760971295133
85,Male,113/87,273,23.8,No,Yes,10,9,Rehab,0,1,0.6080445873968239
29,Other,114/71,188,18.9,Yes,Yes,9,7,Rehab,0,1,0.6447325209581622
49,Male,133/93,167,29.4,No,Yes,8,10,Home,0,0,0.4338975245675132
76,Other,120/82,224,22.7,Yes,Yes,3,8,Nursing_Facility,0,1,0.6377947597619587
56,Other,134/90,176,31.6,No,Yes,6,2,Home,0,0,0.4294173114711069
22,Male,111/86,203,35.4,Yes,Yes,2,8,Home,0,0,0.4632389011543918
61,Female,135/72,298,24.0,No,Yes,1,1,Home,0,0,0.4484110567934759
73,Other,144/93,188,24.0,Yes,Yes,2,1,Home,1,1,0.5052026246898844
49,Female,136/89,165,18.8,No,No,0,1,Home,0,0,0.42356904701893994
26,Male,122/96,257,29.7,Yes,Yes,8,2,Home,0,0,0.4755216427652901
85,Female,149/75,239,36.8,Yes,No,4,1,Home,0,0,0.42259955559245144
75,Female,144/72,290,29.7,Yes,No,1,4,Rehab,0,1,0.5995931166608444
83,Other,160/78,300,28.9,No,No,2,1,Home,0,0,0.42046865194552485
27,Female,147/82,294,27.7,No,No,8,2,Rehab,0,1,0.5741241870175862
50,Female,140/79,249,39.7,No,No,1,3,Home,0,0,0.3918916615452082
69,Other,110/98,189,24.4,No,No,1,4,Home,0,0,0.40809005763807804
27,Other,141/74,261,24.5,No,No,0,3,Home,0,0,0.4236399124635
85,Other,112/89,196,19.9,Yes,Yes,4,3,Home,0,0,0.49003262886672677
49,Other,138/84,167,21.2,Yes,No,1,1,Rehab,0,1,0.6068800941129466
55,Female,150/98,250,21.3,No,Yes,9,5,Rehab,0,1,0.61074778146675
61,Other,155/71,238,39.2,Yes,No,4,8,Home,0,0,0.42950843763796864
25,Other,112/86,213,20.2,Yes,No,8,7,Home,0,0,0.4560424229154997
42,Female,141/72,267,37.2,Yes,Yes,8,4,Home,0,0,0.4643016425190069
49,Male,160/73,167,23.1,Yes,Yes,4,10,Rehab,0,1,0.6275132369545009
77,Female,143/90,291,30.1,Yes,Yes,3,1,Home,0,0,0.47326811504227
54,Other,135/81,191,23.7,Yes,Yes,5,9,Nursing_Facility,0,1,0.6174970964142034
81,Other,115/92,222,37.7,Yes,No,6,1,Home,0,0,0.4319497863453737
22,Female,149/94,255,22.0,No,Yes,3,3,Home,0,0,0.4569960667813734
68,Other,116/81,245,38.8,No,Yes,10,4,Home,0,0,0.43894476753862377
57,Other,152/70,190,22.7,No,No,0,4,Rehab,0,1,0.5775286424130455
58,Male,134/70,208,19.9,Yes,No,8,7,Rehab,1,1,0.6022634545219192
58,Male,138/76,243,23.6,No,Yes,9,2,Nursing_Facility,0,1,0.6023340907257805
64,Other,111/95,162,40.0,No,Yes,8,3,Home,0,0,0.4194652680343592
24,Female,135/97,161,27.8,No,No,9,8,Home,0,0,0.4040192464654934
45,Female,118/76,295,32.3,Yes,Yes,5,2,Home,0,0,0.4709042372330503
27,Female,117/85,236,21.5,Yes,No,0,2,Home,0,0,0.44740790391908036
50,Female,153/82,215,19.1,Yes,Yes,5,8,Nursing_Facility,1,1,0.6298216917698536
69,Female,160/95,183,26.0,No,Yes,10,8,Home,0,0,0.43038982764543177
33,Male,133/89,190,38.9,Yes,No,3,10,Rehab,0,1,0.5759036249015091
24,Male,113/92,287,27.5,Yes,No,2,6,Home,0,0,0.4360530674561056
70,Other,153/100,280,18.6,No,No,0,5,Home,0,0,0.43621280152783104
49,Female,158/83,212,36.7,No,Yes,5,6,Nursing_Facility,0,1,0.5680914373562238
21,Male,160/85,158,34.1,Yes,No,3,10,Home,0,0,0.4143614941942911
27,Female,115/80,198,23.9,No,Yes,6,3,Rehab,0,1,0.603735125842321
55,Other,117/90,180,31.7,No,Yes,4,7,Home,0,0,0.42762344312399175
65,Other,138/98,239,38.1,No,Yes,4,7,Home,0,0,0.43776384092990045
31,Other,132/89,189,36.7,No,Yes,1,3,Home,0,0,0.4264377633656793
22,Female,111/91,258,22.1,Yes,No,6,6,Nursing_Facility,0,1,0.588330246994001
87,Female,138/70,159,29.7,No,Yes,7,6,Home,0,0,0.43792356368682644
68,Other,160/95,244,19.7,Yes,Yes,5,10,Home,0,0,0.4846348483091307
80,Other,129/92,232,39.9,No,Yes,7,5,Home,0,0,0.4359111706125425
21,Male,142/71,277,31.5,No,Yes,8,8,Home,0,0,0.4294209065639986
43,Female,141/78,283,32.6,No,Yes,3,5,Home,0,0,0.4486124000720291
38,Female,119/93,256,35.0,No,Yes,5,10,Home,1,0,0.4367806091846762
26,Male,118/88,227,25.4,Yes,Yes,7,10,Home,0,0,0.47163902948743247
41,Other,134/90,264,22.2,No,Yes,10,10,Home,0,0,0.4523481138861964
49,Female,114/85,262,36.2,Yes,No,7,9,Home,0,0,0.43644530759307787
68,Other,158/100,276,27.4,No,Yes,4,7,Home,0,0,0.45613354877539963
20,Male,145/80,206,34.7,Yes,Yes,2,8,Home,0,0,0.4582143972359267
26,Other,139/84,197,29.4,No,Yes,10,10,Home,0,0,0.445022825884912
42,Female,141/88,273,28.9,No,No,5,5,Nursing_Facility,0,1,0.5636127644661924
83,Female,156/88,258,34.5,Yes,No,10,10,Home,0,0,0.44701251253088825
55,Male,160/80,272,24.9,No,Yes,7,5,Rehab,0,1,0.6120235438288937
83,Male,157/70,298,22.9,Yes,No,4,5,Home,0,0,0.4566648043905381
75,Female,123/73,238,20.6,Yes,Yes,9,5,Rehab,0,1,0.6393805362079517
82,Other,143/77,203,18.1,No,Yes,3,5,Home,0,0,0.4621762995868689
69,Other,136/74,297,22.6,No,No,2,3,Rehab,0,1,0.580009511372038
89,Other,145/94,274,21.7,No,Yes,3,6,Home,0,0,0.45885687946904385
62,Female,113/73,207,19.6,No,Yes,8,4,Home,0,0,0.44194041839944487
89,Female,111/88,291,18.4,No,Yes,7,6,Home,0,0,0.46281386169573885
38,Other,155/89,235,37.0,Yes,No,1,3,Home,0,0,0.4386352352350604
57,Female,114/84,288,30.5,No,No,5,10,Home,0,0,0.40784536499480767
77,Male,113/91,291,37.9,Yes,No,10,4,Home,0,0,0.44400975696289907
54,Male,139/94,176,37.7,No,No,5,4,Home,0,0,0.38847099312675026
24,Female,141/92,169,37.4,No,No,9,9,Home,0,0,0.3780862640260618
74,Other,121/94,153,32.4,Yes,No,2,7,Home,0,0,0.43832920209354637
79,Other,152/100,155,35.6,Yes,Yes,6,2,Home,1,0,0.45789865833958626
45,Other,130/79,180,25.3,Yes,Yes,4,8,Rehab,0,1,0.6316763203458633
71,Male,148/78,193,22.9,Yes,Yes,9,9,Home,0,0,0.47859236099353736
46,Other,115/88,160,18.5,No,No,10,10,Home,0,0,0.4084753781599184
25,Male,110/86,173,34.6,No,Yes,3,2,Nursing_Facility,0,1,0.5711067130855072
61,Other,144/97,296,22.7,Yes,Yes,10,7,Home,1,1,0.507736979184581
53,Female,122/98,276,22.9,No,No,4,4,Home,0,0,0.4171165943938481
21,Male,118/80,207,19.2,No,No,1,9,Nursing_Facility,1,1,0.5518431858747831
79,Male,132/97,296,34.2,Yes,Yes,9,1,Home,0,0,0.4848127465327193
34,Male,133/94,247,22.2,Yes,Yes,8,6,Rehab,0,1,0.6396477914304853
82,Other,127/88,191,28.1,Yes,Yes,9,2,Home,0,0,0.4810394105166965
89,Male,150/76,249,21.7,Yes,Yes,4,7,Home,0,0,0.49387393603702334
26,Female,149/84,270,21.2,Yes,No,6,10,Rehab,1,1,0.613121928999846
48,Male,129/97,210,38.7,No,No,4,3,Rehab,0,1,0.5406992861810962
30,Male,154/84,158,26.9,Yes,Yes,2,5,Home,0,0,0.46225612384473314
67,Male,135/86,265,19.8,No,Yes,5,8,Home,0,0,0.4652255477371753
88,Other,150/77,187,20.3,No,Yes,10,4,Home,0,0,0.45229833816214554
38,Male,146/93,180,38.0,Yes,No,6,6,Home,0,0,0.424250682894451
53,Other,150/76,219,22.0,Yes,No,4,10,Home,0,0,0.459482161852469
50,Female,130/76,251,28.4,Yes,No,10,4,Home,0,0,0.44950957938054775
83,Female,111/70,172,34.1,Yes,No,2,2,Home,0,0,0.4397081319713372
86,Female,152/73,182,36.7,Yes,Yes,3,7,Home,0,0,0.45223928174288197
67,Other,155/87,184,18.6,No,Yes,10,10,Home,0,0,0.4549400420519944
81,Female,138/86,182,38.2,Yes,Yes,6,7,Nursing_Facility,1,1,0.5943621593259416
87,Other,114/72,221,24.8,No,No,9,10,Home,0,0,0.40913002526982284
72,Male,151/85,171,31.8,No,No,10,1,Home,1,0,0.4065320436949614
81,Other,146/70,260,32.6,No,Yes,8,1,Home,0,0,0.440810643690372
49,Female,127/94,248,28.4,Yes,Yes,10,9,Rehab,0,1,0.6394599586136723
25,Male,129/95,258,38.9,No,No,4,10,Nursing_Facility,0,1,0.5214499201899466
21,Other,145/76,267,21.4,No,No,1,10,Home,0,0,0.42166711315512334
31,Female,157/84,157,20.5,Yes,Yes,0,2,Home,0,0,0.4742774294398845
74,Male,124/80,214,19.0,Yes,Yes,3,5,Rehab,1,1,0.6380291295962793
75,Female,116/90,278,32.7,Yes,Yes,3,6,Home,0,0,0.4797494423718954
77,Other,143/85,227,21.3,Yes,Yes,2,5,Home,0,0,0.4874406793040933
52,Male,118/97,205,20.4,No,Yes,8,2,Home,0,0,0.44659320796432483
49,Other,156/81,165,22.0,Yes,Yes,9,2,Home,0,0,0.47690463747566064
66,Female,113/96,229,22.2,Yes,No,9,9,Home,0,0,0.45816363061300147
55,Other,121/91,220,27.7,Yes,Yes,5,3,Home,0,0,0.4835684295242178
84,Male,118/87,203,27.0,Yes,No,7,10,Home,0,0,0.4416083183011188
46,Other,111/91,156,25.9,No,Yes,4,7,Nursing_Facility,0,1,0.5742192658682082
61,Female,126/75,168,35.9,Yes,Yes,2,10,Rehab,0,1,0.6008773035008403
62,Other,160/79,152,31.2,No,No,2,6,Home,0,0,0.40088063649416084
77,Other,159/96,150,28.0,Yes,Yes,9,8,Home,0,0,0.4743209046604806
71,Female,127/72,235,36.1,No,Yes,10,6,Home,0,0,0.4355180090403834
71,Male,120/99,210,33.6,No,No,7,9,Rehab,0,1,0.5524844419574735
24,Female,147/86,189,39.0,Yes,Yes,0,8,Rehab,0,1,0.6109858766755565
89,Other,142/78,278,34.8,Yes,Yes,8,2,Home,0,0,0.47645913595329453
33,Male,127/98,264,20.6,Yes,Yes,8,7,Home,0,0,0.48483051861503995
29,Female,127/85,215,27.9,Yes,Yes,6,10,Home,0,0,0.47646255192014697
34,Male,141/79,282,28.2,Yes,Yes,4,6,Home,0,0,0.469591551461388
25,Male,150/78,166,20.8,Yes,No,5,9,Rehab,0,1,0.5960306101781849
37,Male,128/94,291,36.6,Yes,Yes,8,8,Home,0,0,0.46042827757614585
73,Male,137/93,192,20.1,No,Yes,6,9,Nursing_Facility,0,1,0.5881942243550548
41,Other,114/97,232,39.9,Yes,No,4,6,Home,0,0,0.42742532992812526
55,Male,154/79,217,30.8,No,Yes,6,4,Nursing_Facility,0,1,0.5833099738640469
32,Other,142/74,172,19.6,No,Yes,2,3,Home,0,0,0.4432517151552627
79,Female,116/100,251,38.5,Yes,No,6,3,Home,0,0,0.43678551710047775
62,Other,145/71,194,23.0,Yes,Yes,4,4,Home,0,0,0.4996686030350353
73,Other,136/91,223,28.7,No,Yes,6,6,Home,0,0,0.4518960866842091
82,Female,122/86,216,20.9,No,Yes,2,5,Rehab,0,1,0.5988636813402615
83,Other,127/89,259,19.4,No,Yes,4,10,Home,0,0,0.4667221455171146
41,Male,153/96,295,23.3,No,No,9,5,Home,0,0,0.42846796849129715
47,Female,152/73,196,26.2,Yes,Yes,3,5,Home,0,0,0.46943261832166894
74,Other,115/75,252,24.8,Yes,Yes,5,7,Home,0,0,0.4936540163564347
83,Male,146/89,284,34.5,Yes,No,1,9,Home,0,0,0.4474708618959752
28,Male,139/79,202,21.8,No,No,1,10,Home,0,0,0.40442455703394675
89,Female,158/99,158,38.7,Yes,No,2,2,Home,0,0,0.41788373864195394
49,Other,145/91,264,27.5,Yes,No,0,8,Home,0,0,0.4453996901612543
21,Other,148/79,252,32.3,Yes,No,4,1,Rehab,0,1,0.5929708341952605
77,Male,112/95,155,18.7,Yes,No,0,7,Home,0,0,0.4334660785867371
69,Female,125/78,161,20.7,No,Yes,8,10,Home,0,0,0.45086565630472863
58,Female,116/71,227,37.8,No,Yes,7,8,Home,0,0,0.43209016701137976
61,Other,135/74,288,19.2,Yes,Yes,0,8,Home,0,0,0.48652151716287917
86,Other,155/93,239,33.1,No,Yes,9,5,Home,1,0,0.4492859116763126
19,Female,152/73,224,33.3,Yes,Yes,1,4,Home,0,0,0.4602858579423527
53,Male,155/82,265,23.2,No,No,1,5,Nursing_Facility,0,1,0.5510555456989268
85,Female,142/90,155,23.1,No,Yes,7,9,Home,0,0,0.4389961220778759
90,Male,116/86,242,22.9,Yes,No,2,4,Nursing_Facility,0,1,0.5887488334884329
82,Female,149/77,268,38.4,No,Yes,1,10,Rehab,1,1,0.577198726035839
80,Male,134/89,196,30.8,Yes,No,7,10,Home,0,0,0.4397281074883967
23,Female,125/83,238,18.8,No,Yes,4,7,Rehab,0,1,0.6146513201450962
79,Other,151/72,188,33.7,Yes,Yes,1,10,Nursing_Facility,0,1,0.6064706734505877
64,Other,130/97,296,35.0,No,No,10,1,Home,0,0,0.41670677948316076
26,Male,154/74,176,28.5,No,Yes,2,3,Home,0,0,0.4241092581902701
19,Female,137/96,240,39.5,Yes,Yes,5,3,Home,0,0,0.46845612348055155
83,Female,132/86,195,32.8,No,Yes,10,6,Home,0,0,0.43117119462068965
67,Male,119/95,289,30.9,Yes,Yes,9,2,Home,0,0,0.48751414850436303
78,Female,159/84,296,20.9,No,No,10,10,Home,0,0,0.43143263791497
44,Other,111/98,264,35.0,Yes,No,0,10,Nursing_Facility,1,1,0.574548498761779
81,Male,113/92,164,22.8,No,Yes,6,3,Rehab,0,1,0.5924076413172507
28,Male,157/87,159,26.3,No,No,1,4,Home,0,0,0.4001658522294516
46,Female,158/83,238,30.1,Yes,Yes,8,9,Home,0,0,0.47496731177881873
53,Male,115/94,255,28.7,Yes,Yes,9,2,Home,1,0,0.4846142250455965
63,Male,153/82,298,39.9,Yes,No,5,5,Rehab,1,1,0.5947045158298876
52,Female,127/87,295,24.2,Yes,Yes,6,3,Home,0,0,0.48148416710177067
22,Male,145/96,177,21.5,Yes,Yes,1,8,Home,0,0,0.4799322150781631
26,Other,150/89,263,19.0,Yes,No,8,4,Home,1,0,0.45766300011190547
47,Male,148/94,174,39.4,Yes,Yes,2,9,Home,0,0,0.44666379887022883
84,Male,156/99,220,18.8,No,Yes,8,6,Home,0,0,0.4585687834283797
45,Male,116/74,249,35.0,No,Yes,4,9,Home,0,0,0.42948952420027897
22,Female,143/96,281,35.6,Yes,Yes,4,10,Home,0,0,0.46965441114812695
29,Male,160/80,198,24.4,Yes,No,8,4,Home,0,0,0.44495700320542364
66,Female,159/88,265,35.4,No,No,10,10,Home,0,0,0.3988182233380003
80,Male,113/83,225,38.6,No,No,0,4,Rehab,0,1,0.5554962235904936
38,Female,156/88,256,35.3,No,Yes,3,9,Home,0,0,0.4399182237743244
25,Other,153/79,166,33.4,Yes,No,3,9,Home,0,0,0.4402157721534741
35,Female,158/97,245,30.3,Yes,No,4,2,Home,0,0,0.4522109523221785
73,Other,139/87,154,29.1,Yes,Yes,4,1,Rehab,0,1,0.6354862317893455
78,Female,128/84,274,27.9,No,No,3,10,Home,0,0,0.4014979373300843
68,Other,133/91,276,27.4,Yes,Yes,9,7,Home,0,1,0.501130296179261
38,Female,132/93,233,22.4,No,No,1,10,Home,0,0,0.4116057715916002
23,Male,117/80,191,20.9,Yes,No,1,6,Home,0,0,0.43999004148989374
59,Other,116/86,221,29.5,No,Yes,3,2,Home,0,0,0.4419005064919872
56,Male,147/80,238,28.8,No,No,9,5,Rehab,0,1,0.5613871500347833
89,Other,123/93,262,23.4,No,Yes,2,4,Home,0,0,0.4767748727038418
38,Male,128/85,164,26.6,Yes,No,2,5,Home,0,0,0.4327521584621863
66,Male,122/77,177,29.3,Yes,No,5,1,Rehab,1,1,0.5897751597739633
66,Female,134/100,294,29.8,No,Yes,5,1,Home,0,0,0.4539683914709659
36,Male,152/76,272,29.3,Yes,Yes,1,5,Home,1,0,0.48203618040527885
78,Male,124/100,218,31.5,Yes,Yes,4,9,Rehab,0,1,0.6218472244585072
79,Other,135/89,217,18.7,Yes,No,10,5,Home,0,0,0.4539482633871409
42,Male,134/72,171,37.8,No,No,1,6,Home,0,0,0.38154710708902867
90,Other,137/84,156,23.1,Yes,No,8,9,Nursing_Facility,0,1,0.59769433580557
53,Male,126/85,247,30.3,Yes,Yes,10,2,Rehab,0,1,0.6334481193403726
64,Other,131/85,161,23.0,No,No,7,4,Rehab,0,1,0.5635393212175149
75,Male,147/82,251,19.5,No,No,4,4,Home,1,0,0.4190345038112525
72,Male,153/74,245,23.3,No,No,4,3,Home,0,0,0.41861764152478925
57,Female,148/78,157,18.6,Yes,No,4,8,Home,0,0,0.44561158641721893
58,Other,160/91,297,34.7,Yes,No,8,3,Rehab,0,1,0.6091614161510781
83,Male,123/96,198,22.0,Yes,Yes,8,5,Home,0,0,0.47951412550764083
59,Male,124/71,238,34.0,Yes,No,10,2,Home,0,0,0.4319098952259588
75,Female,115/96,286,30.9,No,No,0,2,Home,0,0,0.4110732414316356
23,Other,126/98,225,22.3,No,No,8,9,Home,0,0,0.41864174616154687
73,Female,140/78,158,23.2,Yes,No,10,2,Home,0,0,0.4376452677717774
34,Male,141/92,236,29.4,Yes,No,3,7,Home,0,0,0.4287211104963034
87,Other,134/86,202,21.2,No,No,3,6,Home,0,0,0.4364072956023827
62,Male,149/100,195,35.5,Yes,No,3,10,Home,0,0,0.4250189162503775
74,Male,110/92,267,22.6,Yes,No,8,2,Home,0,0,0.4643509989859106
53,Female,124/78,291,31.7,No,No,3,2,Nursing_Facility,0,1,0.5402503967586899
84,Other,140/78,170,35.2,No,Yes,2,4,Home,0,0,0.4213763936537129
66,Other,122/87,248,35.6,No,Yes,7,4,Home,0,0,0.4294879408435521
43,Female,113/89,187,20.3,No,Yes,9,2,Home,0,0,0.4617437936486588
69,Other,147/72,207,21.0,Yes,Yes,1,2,Home,0,0,0.4990873589171617
28,Female,115/79,266,30.9,Yes,Yes,8,8,Home,0,0,0.4667794578115014
57,Male,111/80,196,36.1,No,No,6,1,Home,0,0,0.3989530978176757
18,Male,112/73,278,18.7,No,No,4,8,Home,0,0,0.43036704021776045
61,Other,125/91,262,28.6,Yes,No,5,7,Home,0,0,0.45661410781327744
22,Male,133/77,298,31.2,No,Yes,7,6,Rehab,0,1,0.6109672342808524
60,Other,160/83,274,24.6,Yes,No,5,6,Rehab,0,1,0.6097515904233994
47,Male,160/76,169,21.4,Yes,No,3,1,Home,0,0,0.4455112056444616
28,Female,130/72,191,21.1,Yes,No,6,3,Home,0,0,0.4505241940732177
66,Male,136/76,187,27.3,No,Yes,8,4,Rehab,1,1,0.6039993326274951
18,Male,138/75,284,31.6,No,Yes,6,4,Home,0,0,0.4271093501433207
79,Female,159/76,253,36.5,Yes,No,0,8,Home,0,0,0.42603464287024095
84,Male,137/100,240,30.6,Yes,No,2,7,Rehab,1,1,0.6019748725993815
20,Other,156/76,280,37.0,No,No,6,10,Rehab,0,1,0.5602123144837801
84,Female,115/77,280,29.7,Yes,No,4,2,Home,0,0,0.44664613548621485
86,Female,142/97,291,20.7,Yes,No,6,1,Rehab,0,1,0.6206461705824857
74,Female,159/71,238,36.8,No,Yes,5,4,Rehab,0,1,0.5913686165579108
67,Female,137/97,205,36.8,Yes,No,1,6,Home,0,0,0.4294337378450758
78,Female,142/89,279,20.1,No,Yes,5,8,Home,0,0,0.44837167141830553
62,Male,115/78,266,29.8,Yes,No,6,2,Home,0,0,0.4466286723268762
45,Other,144/98,250,22.9,No,No,7,5,Nursing_Facility,1,1,0.561336040979177
43,Other,155/81,210,30.7,No,No,8,1,Rehab,0,1,0.5667313152427991
45,Female,123/92,238,35.2,No,No,4,2,Rehab,0,1,0.5670506533990058
58,Male,123/74,173,39.0,No,Yes,0,3,Nursing_Facility,0,1,0.568682904150765
61,Male,111/76,259,26.8,No,No,7,6,Home,0,0,0.4043202102762744
26,Other,160/74,161,26.0,No,Yes,4,10,Home,0,0,0.4410123188807674
21,Male,122/88,213,33.2,No,Yes,8,9,Rehab,0,1,0.6103649564972946
41,Female,125/85,204,18.3,Yes,Yes,0,8,Home,0,0,0.48688622031786777
52,Male,117/76,246,26.8,No,No,9,6,Home,0,0,0.4107586304678602
49,Female,116/89,276,26.9,No,Yes,9,5,Home,0,0,0.4464591163116568
57,Male,121/78,177,31.5,No,Yes,4,1,Home,0,0,0.42673543172839834
90,Other,135/71,173,30.7,Yes,No,3,4,Home,0,0,0.4412713002331045
53,Male,132/80,224,21.3,Yes,No,1,9,Nursing_Facility,0,1,0.5959434286387972
29,Female,157/89,264,36.8,Yes,No,4,10,Home,0,0,0.42693626043819527
86,Male,137/85,153,24.4,Yes,No,7,4,Home,0,0,0.44913768031774515
48,Male,148/77,225,34.7,No,Yes,7,2,Home,0,0,0.43721646464447433
37,Female,129/78,168,18.9,No,No,3,6,Home,0,0,0.4149009629945277
72,Female,152/100,287,33.0,Yes,No,3,5,Rehab,0,1,0.5951973369261887
69,Female,140/95,216,22.2,No,No,2,8,Home,0,0,0.4126305978349212
20,Other,126/94,159,30.7,No,No,6,9,Home,1,0,0.39200376624374517
31,Female,120/75,267,27.0,No,Yes,5,6,Home,0,0,0.4465521140854568
28,Other,130/72,203,34.2,No,Yes,5,6,Home,0,0,0.4349358971308501
79,Other,132/71,217,37.7,No,Yes,1,5,Home,1,0,0.43272152555686816
74,Female,119/87,181,24.7,No,No,6,3,Home,0,0,0.4019619897384002
50,Male,124/90,291,37.3,Yes,No,9,8,Home,0,0,0.4321044282731976
43,Male,121/90,266,31.3,No,Yes,8,9,Home,0,0,0.4444690426861751
24,Other,157/85,228,35.6,No,No,9,3,Home,0,0,0.40224928099734103
68,Male,124/90,241,27.6,No,No,4,2,Rehab,0,1,0.5669914859890676
57,Male,143/71,291,31.9,Yes,No,3,9,Home,0,0,0.4404805471049493
65,Other,152/87,218,39.4,Yes,Yes,4,5,Home,0,0,0.4548105715660245
88,Male,138/78,213,36.4,Yes,Yes,10,9,Rehab,1,1,0.6135996606663068
62,Other,127/70,234,23.7,No,Yes,7,9,Home,0,0,0.44512070518742597
31,Female,124/89,213,25.9,Yes,No,6,1,Home,0,0,0.442362428800654
80,Male,157/78,186,33.1,Yes,No,0,4,Rehab,0,1,0.6092990669836347
24,Other,158/79,277,18.3,No,Yes,4,8,Rehab,1,1,0.6190703491988755
30,Male,151/98,220,33.6,No,No,5,4,Home,0,0,0.39260755229779665
20,Male,111/85,297,31.1,Yes,Yes,9,1,Home,0,0,0.47610989648485624
71,Other,137/91,191,32.2,No,Yes,1,8,Home,0,0,0.42881943791015764
20,Other,129/93,161,27.7,Yes,Yes,3,2,Home,0,0,0.4689377476901681
69,Female,128/71,191,28.6,No,Yes,5,7,Home,0,0,0.42987463850164714
77,Other,138/80,296,19.7,No,No,2,3,Home,0,0,0.43815134773200165
55,Other,146/72,267,37.1,No,No,1,9,Nursing_Facility,0,1,0.5442523825843026
74,Other,133/95,277,25.2,No,Yes,8,7,Nursing_Facility,0,1,0.5954791522098645
29,Male,140/70,221,39.0,Yes,No,1,7,Home,0,0,0.42567534343808594
43,Male,159/74,208,26.2,No,No,0,6,Home,0,0,0.3993256776830942
42,Male,117/82,240,26.2,No,No,8,6,Home,0,0,0.4088344397416424
38,Other,122/89,279,31.9,Yes,Yes,4,9,Home,0,0,0.4760701655381316
27,Male,118/94,263,30.5,No,Yes,4,4,Home,0,0,0.4283240046713792
33,Other,153/88,163,24.8,Yes,Yes,3,2,Nursing_Facility,1,1,0.6093875274447604
57,Female,147/73,249,35.5,No,Yes,2,2,Home,0,0,0.4413454323207442
37,Male,112/70,272,38.6,No,No,1,4,Rehab,0,1,0.5479251124336646
35,Male,112/73,252,32.4,Yes,Yes,4,8,Home,0,0,0.4755679213727892
24,Male,143/82,176,38.8,No,No,0,4,Rehab,0,1,0.5515761621098402
21,Male,152/87,170,24.2,No,No,6,4,Nursing_Facility,0,1,0.5366005322984393
76,Other,137/99,164,30.6,Yes,Yes,3,4,Home,0,0,0.4793886692060978
51,Other,112/90,300,27.0,No,No,4,10,Home,0,0,0.4305583090787124
64,Male,156/77,247,29.4,No,No,1,4,Rehab,0,1,0.5602784269998419
62,Male,123/75,259,23.0,No,Yes,8,4,Home,1,0,0.4481466107417849
67,Male,158/77,282,22.1,Yes,Yes,0,5,Home,0,0,0.48241693337652364
57,Male,111/87,275,27.1,No,Yes,10,4,Home,1,0,0.44514519396691216
59,Female,131/74,215,33.0,Yes,Yes,9,8,Home,0,0,0.46764868591350645
80,Male,133/71,282,26.1,Yes,No,5,4,Rehab,0,1,0.6043895913547912
87,Other,124/98,244,31.6,Yes,No,1,3,Home,0,0,0.4357290184437144
75,Other,150/96,294,21.3,Yes,No,1,9,Home,0,0,0.4601948198605391
77,Other,116/84,297,39.5,Yes,Yes,3,7,Home,0,0,0.4717690428652344
62,Female,143/85,181,26.9,No,No,7,2,Home,0,0,0.4023629397067135
51,Male,155/71,209,36.7,Yes,Yes,9,6,Home,0,0,0.45928115246517903
18,Female,118/96,170,35.2,Yes,Yes,1,6,Home,0,0,0.46542755460429247
37,Male,112/85,290,20.7,Yes,Yes,0,6,Home,0,0,0.4863366711731723
44,Other,156/76,266,23.9,Yes,Yes,4,5,Nursing_Facility,0,1,0.6293258276627669
80,Male,142/79,157,27.4,Yes,Yes,7,9,Home,0,0,0.474369985651793
45,Other,152/75,164,31.9,No,Yes,10,5,Home,0,0,0.43489930668357957
52,Other,111/88,270,31.0,Yes,Yes,4,5,Rehab,0,1,0.6357098430641052
84,Male,126/76,235,35.0,No,No,9,10,Home,0,0,0.39805351396042954
47,Other,132/89,220,38.3,No,No,0,8,Home,0,0,0.3924211828410123
43,Male,151/82,249,19.8,Yes,Yes,3,3,Home,0,0,0.4888544252045948
53,Female,159/100,240,33.5,Yes,Yes,9,7,Home,0,0,0.4784203100412311
36,Other,134/77,262,20.1,No,No,5,2,Home,1,0,0.43442925581901704
45,Other,117/99,179,29.3,No,Yes,7,2,Home,0,0,0.4366536102972317
42,Female,156/77,252,39.8,Yes,No,4,10,Nursing_Facility,0,1,0.5604269535991804
22,Male,155/90,233,31.0,No,No,3,6,Home,0,0,0.4059219188996982
54,Other,153/94,240,22.6,No,Yes,1,8,Home,0,0,0.454208808499228
43,Female,152/85,247,20.8,Yes,Yes,2,2,Home,0,0,0.48996464034756504
69,Female,138/89,268,39.1,No,Yes,7,9,Rehab,0,1,0.6010369836830312
42,Male,127/97,271,23.4,Yes,No,9,6,Rehab,0,1,0.6074063970530046
23,Other,127/72,163,28.3,Yes,Yes,4,1,Home,0,0,0.4758467483118292
47,Male,111/74,153,24.1,No,Yes,8,9,Nursing_Facility,0,1,0.5723672752093008
60,Female,143/79,180,29.5,Yes,Yes,6,9,Home,0,0,0.475353210042723
61,Male,120/86,216,23.7,No,Yes,4,8,Home,0,0,0.44946485712612577
42,Female,126/78,184,36.5,Yes,No,6,6,Rehab,0,1,0.5949286929078121
55,Other,130/97,159,28.7,No,Yes,8,9,Home,0,0,0.4373209306250923
71,Other,155/89,190,20.0,Yes,No,8,3,Home,0,0,0.4639873315224792
49,Male,122/85,281,25.5,Yes,No,2,2,Rehab,1,1,0.601257424889614
19,Other,118/100,190,20.4,No,Yes,3,10,Rehab,0,1,0.6138525427595364
62,Other,123/87,168,29.7,No,No,6,1,Home,1,0,0.4071695292386415
35,Female,132/87,292,25.9,Yes,Yes,1,2,Home,0,0,0.4873030445680538
45,Male,150/83,277,25.6,No,No,1,7,Home,0,0,0.4049775148381305
54,Male,159/88,243,30.5,Yes,Yes,0,9,Home,0,0,0.46470824008887635
68,Female,139/84,222,26.7,No,No,1,7,Home,0,0,0.4120526351920352
25,Male,153/75,150,24.8,No,Yes,3,3,Home,0,0,0.44448497504472795
20,Other,144/89,236,36.4,No,Yes,10,4,Home,0,0,0.44055085370089236
72,Male,128/93,268,23.8,Yes,No,3,7,Home,0,0,0.456002010871338
84,Female,153/74,232,22.6,No,No,2,6,Home,0,0,0.4179790030662896
54,Male,118/94,298,24.1,Yes,No,0,8,Home,0,0,0.4403825033149347
25,Male,137/71,184,22.4,Yes,No,2,3,Nursing_Facility,0,1,0.5719554808199647
65,Other,123/77,269,24.5,No,Yes,9,3,Home,0,0,0.4631563139890976
51,Other,139/93,260,36.1,No,Yes,0,6,Rehab,1,1,0.6105172003584811
67,Male,112/94,288,24.2,Yes,No,1,3,Home,1,0,0.44340138539572055
71,Female,114/82,295,38.7,No,No,4,3,Home,0,0,0.40723601231281714
34,Female,127/100,175,34.5,No,Yes,10,6,Home,0,0,0.422121690678839
57,Female,148/98,218,25.6,Yes,Yes,3,4,Home,0,0,0.4921667651987113
71,Male,122/76,296,28.9,No,Yes,9,5,Home,0,0,0.4421431238997024
44,Other,135/97,281,29.2,Yes,Yes,7,1,Home,0,0,0.4946234916119755
80,Other,116/77,163,24.0,No,Yes,4,8,Home,0,0,0.43977507321252635
55,Female,139/79,228,39.7,Yes,Yes,1,4,Home,0,0,0.4545714858320776
76,Female,136/82,150,19.6,No,No,6,10,Home,0,0,0.4043329918256596
62,Female,140/100,191,23.0,No,Yes,7,2,Nursing_Facility,1,1,0.5921368554161072
20,Male,147/94,280,38.4,Yes,No,2,2,Home,0,0,0.4395278170921837
36,Female,139/100,221,23.1,No,No,8,7,Nursing_Facility,0,1,0.5496161321282791
40,Other,134/82,255,24.2,Yes,Yes,9,3,Home,0,0,0.47900234313034035
30,Female,155/72,175,20.1,Yes,Yes,6,3,Home,0,0,0.47875710013984846
40,Other,150/79,258,35.1,No,No,2,7,Home,0,0,0.40962299709822814
60,Female,140/72,235,39.3,No,No,0,4,Home,0,0,0.4059064704185693
35,Other,155/97,175,37.8,Yes,Yes,3,10,Rehab,0,1,0.6095190464145758
80,Male,143/100,275,34.7,No,No,7,7,Nursing_Facility,1,1,0.5376534194147795
23,Female,140/94,192,32.1,Yes,Yes,6,2,Home,0,0,0.47136492188570417
75,Female,121/76,290,29.4,No,Yes,0,8,Rehab,0,1,0.6074225822860995
27,Female,141/77,300,35.3,No,No,9,10,Home,0,0,0.4056072697144386
35,Male,153/100,155,36.4,Yes,No,3,5,Rehab,0,1,0.57968646915705
53,Other,137/92,276,18.8,Yes,Yes,9,8,Home,0,1,0.5072572004414827
83,Other,142/97,281,38.5,No,No,10,4,Home,1,0,0.4054042378965115
55,Female,115/91,216,19.5,Yes,No,1,4,Home,1,0,0.45444235035627467
35,Female,139/88,236,32.1,Yes,Yes,10,10,Home,0,0,0.481829632618885
30,Female,156/90,203,37.6,No,Yes,7,4,Home,0,0,0.4372701264631158
38,Male,114/90,240,29.7,No,No,1,7,Home,0,0,0.3997532261975973
34,Female,154/90,255,26.0,Yes,Yes,4,4,Home,0,0,0.4794985940977193
46,Male,159/74,230,29.0,Yes,Yes,6,9,Home,0,0,0.4675921366213081
20,Male,119/86,162,21.6,No,Yes,0,7,Home,0,0,0.43850839630000116
44,Male,126/97,297,28.6,Yes,Yes,3,9,Home,0,0,0.4932253574380022
56,Male,126/90,275,26.7,No,Yes,6,5,Home,0,0,0.4501951471559326
45,Other,130/88,162,22.1,No,No,5,2,Home,0,0,0.4035030618017405
52,Male,131/80,268,24.3,No,No,2,8,Rehab,0,1,0.5760795889808643
48,Other,150/76,198,19.4,No,No,0,2,Rehab,0,1,0.5873794766442639
40,Female,126/76,248,31.4,No,Yes,8,2,Rehab,0,1,0.6010989863501814
64,Female,125/73,172,24.9,No,Yes,7,1,Home,0,0,0.4304524955330061
43,Female,115/85,255,35.9,No,Yes,6,10,Rehab,1,1,0.5996526351100361
33,Male,143/76,251,39.1,No,No,4,1,Rehab,0,1,0.549243391371607
70,Female,122/93,207,29.5,No,No,3,9,Home,0,0,0.40299316362653237
41,Male,125/85,164,21.5,Yes,No,2,1,Rehab,1,1,0.6042132608943095
39,Other,114/87,205,33.4,No,Yes,5,2,Home,0,0,0.4449973509069753
83,Other,132/87,264,33.7,No,Yes,3,3,Rehab,0,1,0.6041294165209233
80,Male,154/85,300,20.1,Yes,No,6,3,Rehab,0,1,0.623668424579271
29,Other,110/91,261,23.9,Yes,Yes,7,9,Nursing_Facility,0,1,0.6209074362293553
41,Male,145/98,194,28.3,Yes,Yes,8,2,Home,0,0,0.4652809846997058
64,Male,159/72,250,20.2,Yes,No,7,4,Nursing_Facility,0,1,0.6067777838585953
79,Other,131/96,155,24.3,No,No,2,2,Home,0,0,0.40790850771739595
89,Other,153/99,254,21.6,Yes,No,9,3,Home,0,0,0.46719525842882503
53,Other,129/97,181,32.3,No,No,2,10,Home,0,0,0.39109501994281615
40,Female,110/87,262,19.9,Yes,No,5,10,Rehab,0,1,0.6113393706879893
46,Male,150/94,198,31.9,Yes,Yes,7,9,Home,0,0,0.4692653493485366
18,Other,148/98,183,28.2,No,Yes,4,9,Home,1,0,0.4505085840460778
56,Other,125/96,271,18.5,Yes,Yes,5,2,Rehab,0,1,0.6542599382940824
38,Female,139/92,270,38.4,No,Yes,8,6,Nursing_Facility,0,1,0.5680221135113689
30,Female,113/72,197,32.0,No,No,1,9,Rehab,0,1,0.5527496428497457
24,Other,148/100,178,38.1,Yes,No,2,5,Home,0,0,0.42393453995251834
32,Male,148/85,275,26.9,Yes,Yes,1,2,Rehab,0,1,0.6396674536325341
35,Other,155/94,289,21.3,Yes,Yes,7,1,Home,0,1,0.5001363464308863
20,Other,148/93,179,29.7,Yes,Yes,10,5,Home,0,0,0.47161734416001394
52,Other,158/79,159,27.7,Yes,No,5,10,Nursing_Facility,0,1,0.5736432157187484
34,Male,133/83,208,20.1,No,Yes,8,7,Home,0,0,0.453549064504454
68,Other,121/77,261,21.3,No,Yes,0,4,Home,0,0,0.44952123886171524
41,Male,150/83,250,31.4,Yes,Yes,9,3,Home,0,0,0.46668143994963257
34,Other,155/93,243,19.7,No,No,8,10,Home,0,0,0.43100676912322233
22,Female,132/73,195,36.3,No,No,0,3,Home,0,0,0.40006318968934307
56,Other,127/92,162,20.4,No,Yes,9,1,Home,0,0,0.4607212438290341
77,Female,122/82,282,39.4,No,Yes,6,2,Home,0,0,0.4306615561440293
24,Female,118/72,204,29.4,Yes,Yes,1,7,Nursing_Facility,0,1,0.6190994718575199
87,Male,122/79,162,36.7,No,Yes,3,10,Home,0,0,0.41484505574318964
71,Female,137/94,292,27.1,No,Yes,6,7,Rehab,1,1,0.6069519039047055
29,Other,131/99,231,28.9,Yes,No,3,9,Home,1,0,0.4389424017688189
50,Female,154/97,296,31.1,Yes,Yes,4,2,Rehab,0,1,0.6356084970384693
80,Male,125/89,239,30.0,Yes,No,6,10,Home,0,0,0.44911792877438667
36,Male,150/85,265,21.2,Yes,Yes,2,5,Home,0,0,0.47967183301825345
71,Male,153/77,235,24.7,No,Yes,10,6,Home,0,0,0.4431831164648539
34,Female,149/72,172,24.6,No,No,0,10,Home,0,0,0.3992354617564393
71,Female,124/99,269,35.5,No,Yes,2,2,Home,0,0,0.43761977810693864
86,Male,146/93,254,30.5,Yes,Yes,4,1,Home,0,0,0.4830284364651418
83,Female,130/74,253,27.9,Yes,Yes,9,9,Home,0,0,0.48621426465995743
60,Female,120/79,257,39.8,Yes,Yes,5,8,Home,0,0,0.4661233159029783
23,Male,151/78,254,36.6,Yes,Yes,9,8,Rehab,0,1,0.6265684020436006
85,Male,139/95,258,23.4,No,No,8,7,Rehab,0,1,0.590516093699238
41,Male,125/83,192,27.0,Yes,Yes,3,5,Home,0,0,0.47172663290469735
55,Other,155/75,245,34.1,No,Yes,9,9,Home,0,0,0.4333839342738695
42,Other,133/100,185,35.6,No,Yes,8,2,Home,0,0,0.4223413771146328
56,Female,111/83,276,34.9,Yes,Yes,7,4,Home,0,0,0.47997376183538565
63,Other,157/83,267,38.5,Yes,No,9,10,Rehab,0,1,0.5919039502555962
55,Other,150/94,271,18.3,Yes,No,2,7,Home,0,0,0.4717272055608806
49,Other,153/100,190,34.0,Yes,No,3,3,Nursing_Facility,0,1,0.5783222642339958
45,Female,117/83,235,20.3,No,No,0,8,Home,1,0,0.4124306945932673
55,Female,118/80,243,28.7,No,No,0,7,Rehab,0,1,0.5643200170375635
34,Male,131/79,237,38.8,No,No,0,6,Rehab,0,1,0.5516189870982153
87,Other,131/86,293,24.8,Yes,Yes,4,4,Home,0,0,0.49803044137472124
50,Other,149/78,177,24.6,No,Yes,7,5,Home,0,0,0.44533219196295293
76,Male,132/75,274,24.8,Yes,No,9,6,Home,0,0,0.46210145608981223
72,Female,152/93,153,24.1,No,No,6,4,Home,0,0,0.40337538964403735
79,Female,130/82,253,32.4,Yes,Yes,5,5,Home,0,0,0.4702024560706665
73,Other,110/70,258,36.2,No,No,4,2,Home,0,0,0.403082465064905
87,Other,137/70,296,27.3,Yes,Yes,9,5,Home,0,1,0.5075583287193353
43,Male,158/96,232,35.0,Yes,Yes,7,10,Home,0,0,0.45825360964648054
37,Other,151/88,159,21.0,Yes,No,1,9,Home,0,0,0.44785674407903575
85,Other,135/93,239,39.7,No,No,7,9,Home,0,0,0.4030560879910984
88,Other,122/76,235,37.3,No,No,8,7,Nursing_Facility,0,1,0.5352802559067291
41,Other,127/70,201,28.4,No,No,7,5,Home,0,0,0.40125653894555796
38,Female,120/70,188,18.5,Yes,Yes,5,4,Home,0,0,0.4878322283367648
36,Male,115/74,153,33.0,Yes,Yes,7,5,Nursing_Facility,0,1,0.6019419634574836
60,Male,142/98,225,22.9,No,Yes,8,6,Home,0,0,0.4542489924908146
73,Other,129/72,255,28.7,Yes,No,7,10,Home,0,0,0.4536025880978062
79,Male,158/70,184,38.3,Yes,Yes,9,1,Home,1,0,0.4607903599821866
82,Female,125/86,164,19.3,Yes,No,9,4,Home,0,0,0.45688711675688914
65,Female,140/73,193,25.9,No,No,0,5,Rehab,0,1,0.5647427619238138
52,Other,134/74,164,37.5,Yes,Yes,4,5,Nursing_Facility,0,1,0.5972301228682325
68,Female,143/70,266,38.6,No,Yes,4,10,Home,0,0,0.41683325513732244
84,Female,140/92,292,22.3,No,No,0,2,Rehab,0,1,0.5900828472426658
49,Female,160/88,166,34.0,No,Yes,4,10,Home,0,0,0.4199371459789803
51,Male,150/93,258,34.9,No,No,2,4,Home,0,0,0.39182556561894333
34,Male,158/90,225,34.0,Yes,Yes,7,3,Home,0,0,0.4685008790926107
52,Male,140/96,192,18.8,No,No,4,7,Nursing_Facility,0,1,0.562916738633671
60,Female,143/91,252,26.4,Yes,Yes,0,10,Home,0,0,0.4738868011064333
19,Other,141/74,172,21.9,Yes,No,1,1,Rehab,0,1,0.6106972264347544
56,Female,158/85,161,24.9,No,Yes,4,8,Home,1,0,0.43895368258198836
71,Male,124/73,252,30.5,No,Yes,2,6,Home,0,0,0.4276957384154155
58,Other,131/82,248,36.0,No,Yes,8,1,Home,0,0,0.43565240213502354
29,Female,139/97,209,22.8,Yes,Yes,7,3,Home,0,0,0.4881082736162128
24,Male,121/92,253,18.8,No,Yes,9,1,Home,0,0,0.4571512623985177
35,Other,152/85,191,40.0,No,Yes,7,10,Home,0,0,0.42224983818591516
56,Other,155/72,198,24.6,No,No,6,8,Home,1,0,0.4105094542076545
44,Other,114/83,188,27.9,No,Yes,8,9,Home,0,0,0.4486035448796009
71,Other,131/84,200,38.7,Yes,Yes,4,7,Home,0,0,0.4548026165983411
34,Male,129/84,248,31.2,Yes,No,8,9,Home,0,0,0.44576806104891986
88,Male,132/70,170,22.0,Yes,No,3,2,Home,0,0,0.44901894391377295
47,Female,141/100,199,26.9,No,Yes,0,2,Home,0,0,0.44899735533151264
30,Male,135/92,183,34.3,No,Yes,0,7,Rehab,0,1,0.5768513085153488
59,Female,125/84,179,27.5,No,Yes,1,3,Home,0,0,0.4351195127311652
66,Female,150/98,262,24.2,Yes,Yes,7,10,Rehab,0,1,0.6380124194577717
46,Male,160/74,269,33.9,Yes,No,0,4,Nursing_Facility,0,1,0.5788835606313941
21,Male,121/97,294,24.9,No,Yes,5,6,Home,0,0,0.45857657243129984
63,Male,155/95,158,35.3,No,No,4,8,Home,0,0,0.3805888357884613
20,Other,125/93,203,29.4,Yes,No,9,6,Home,1,0,0.46129505258543085
48,Other,142/85,282,33.2,Yes,Yes,6,7,Home,0,0,0.4718824623587589
77,Female,153/90,300,20.2,Yes,Yes,2,3,Nursing_Facility,0,1,0.6378603887103157
34,Male,136/94,252,33.7,No,Yes,1,9,Home,0,0,0.42920550572895033
90,Male,128/100,195,36.7,No,Yes,0,4,Home,0,0,0.4121657400638516
67,Other,136/87,193,22.4,Yes,No,4,8,Home,1,0,0.4524666792841201
65,Female,141/92,269,35.6,No,Yes,2,3,Home,1,0,0.4276332111845688
42,Male,155/71,232,18.4,No,Yes,6,4,Home,1,0,0.45472923686480754
76,Female,159/96,259,35.6,Yes,Yes,10,7,Home,0,0,0.4720113942378205
38,Male,136/96,184,24.6,Yes,No,6,5,Home,1,0,0.4410534029218285
48,Other,154/83,292,19.5,Yes,Yes,10,9,Rehab,0,1,0.6584802075260613
31,Other,119/87,300,37.4,Yes,Yes,4,4,Rehab,0,1,0.6259581934362305
74,Other,126/86,164,33.7,Yes,Yes,1,10,Rehab,1,1,0.6199597318228406
51,Other,158/79,153,18.3,Yes,No,3,6,Home,0,0,0.4470822010215238
26,Female,128/73,264,23.6,No,No,7,3,Home,0,0,0.41778969957839035
29,Other,125/78,292,35.8,No,Yes,6,4,Home,0,0,0.45011223264283523
26,Female,136/75,177,24.3,Yes,Yes,2,1,Home,0,0,0.477084360939891
90,Other,140/92,215,33.4,Yes,Yes,6,1,Home,0,0,0.4819193918934589
41,Male,140/95,241,25.9,No,No,7,4,Nursing_Facility,0,1,0.552418528755079
38,Female,160/93,151,22.3,Yes,No,2,9,Home,0,0,0.43029460122273994
90,Male,145/96,186,39.6,Yes,Yes,10,4,Home,0,0,0.46274881438934823
83,Female,144/72,220,26.1,No,No,4,3,Home,0,0,0.40516557509282314
86,Other,157/93,221,23.9,No,Yes,2,8,Home,0,0,0.4529351051126046
53,Female,140/95,229,25.4,No,Yes,10,1,Home,0,0,0.4498451749821139
20,Other,136/79,252,25.3,No,No,3,4,Rehab,1,1,0.5827043296262335
75,Female,125/90,285,25.6,Yes,Yes,8,1,Home,0,1,0.5044975786801773
90,Male,119/97,293,39.5,No,No,3,6,Rehab,0,1,0.5584802449572029
81,Male,113/84,175,24.1,Yes,Yes,8,4,Nursing_Facility,0,1,0.6043750855087869
55,Female,152/88,181,36.6,Yes,No,8,6,Home,0,0,0.4218270967750268
53,Other,157/90,219,22.0,No,No,1,2,Home,1,0,0.4240658906745363
74,Male,157/96,210,30.6,No,Yes,7,7,Home,0,0,0.42978325610854623
36,Other,134/75,154,24.8,Yes,No,1,3,Nursing_Facility,0,1,0.5730710979582351
40,Other,116/95,191,19.4,No,No,2,9,Home,0,0,0.42175461821107973
31,Female,117/91,233,29.6,Yes,No,7,5,Nursing_Facility,0,1,0.5897920709026845
46,Female,110/92,191,18.2,No,No,2,9,Rehab,0,1,0.580459199321966
55,Male,160/97,176,28.6,No,No,6,10,Rehab,0,1,0.5721436634534851
77,Other,127/100,265,23.3,No,No,0,1,Home,0,0,0.4217422147715426
67,Female,116/84,245,30.5,No,Yes,10,9,Home,0,0,0.44071275992156506
44,Other,145/87,260,34.1,Yes,Yes,7,6,Home,1,0,0.46829885807711785
44,Female,159/96,226,18.7,Yes,Yes,8,7,Home,0,0,0.4914514708841983
23,Female,128/83,226,22.0,Yes,No,10,7,Home,0,0,0.4578812609462569
66,Male,145/75,179,27.5,No,No,6,6,Home,0,0,0.3866845781866059
59,Other,157/76,154,24.7,Yes,Yes,7,7,Home,0,0,0.48383765554435376
85,Female,111/79,169,22.7,No,No,6,1,Home,0,0,0.4157385018221471
76,Female,129/95,271,26.9,No,Yes,3,2,Home,0,0,0.44215877916411944
54,Other,158/85,196,33.8,No,Yes,1,8,Home,1,0,0.4337293575226641
85,Female,124/86,275,18.1,No,No,1,10,Home,0,0,0.42632762200891944
52,Female,136/90,295,22.0,Yes,Yes,3,7,Home,0,0,0.4885289410001111
57,Other,135/95,229,20.5,No,No,1,10,Home,0,0,0.4456992918340775
70,Other,135/96,272,18.2,Yes,Yes,1,9,Rehab,0,1,0.6583669814576804
23,Other,110/95,190,25.2,No,Yes,1,8,Home,0,0,0.4541345490842307
49,Other,159/78,220,36.1,No,No,5,5,Home,0,0,0.4078931345721019
76,Female,154/93,216,19.9,No,Yes,10,8,Home,0,0,0.45034605406254885
59,Male,153/94,177,31.5,Yes,Yes,4,4,Home,0,0,0.4635013175593661
43,Other,143/88,249,39.4,Yes,No,3,10,Home,0,0,0.42347572864017313
62,Other,110/72,150,20.4,Yes,No,10,4,Home,0,0,0.4589367849003681
85,Male,153/94,203,37.4,No,Yes,5,6,Home,0,0,0.42391155938396463
83,Male,114/70,266,21.5,Yes,No,4,4,Home,0,0,0.46012594491807857
64,Female,125/77,181,20.5,Yes,No,1,4,Nursing_Facility,0,1,0.5829539192298234
22,Female,111/100,258,20.5,No,Yes,2,8,Home,0,0,0.4517479639077854
60,Other,118/85,276,32.2,Yes,Yes,0,4,Home,0,0,0.47575419957772874
21,Male,124/96,194,30.4,Yes,Yes,8,7,Home,0,0,0.4592225937826456
37,Other,160/87,194,25.4,No,No,4,10,Home,0,0,0.398551029319742
32,Male,132/90,164,21.6,Yes,No,3,6,Home,1,0,0.43567609591146966
54,Female,128/94,251,26.2,Yes,Yes,7,7,Home,0,0,0.47401230371892056
79,Other,110/77,215,35.8,Yes,No,9,4,Home,0,0,0.4334552780220326
90,Male,129/88,290,32.4,No,No,10,10,Home,0,0,0.4048120014203248
66,Male,119/96,278,22.2,No,No,8,5,Home,0,0,0.41613378768769693
83,Female,152/100,252,39.8,Yes,Yes,2,7,Rehab,0,1,0.6127668271853364
62,Female,126/86,234,36.3,No,Yes,10,8,Home,0,0,0.4313408331779496
49,Female,128/93,161,18.3,Yes,Yes,6,10,Rehab,0,1,0.6426231422674792
30,Male,147/70,195,34.7,No,Yes,1,2,Rehab,0,1,0.5914956605905767
42,Other,143/71,250,22.8,No,No,5,9,Home,0,0,0.42240082113287575
44,Female,154/87,281,23.9,Yes,Yes,2,7,Home,0,0,0.4938273057309181
72,Female,160/98,284,38.1,Yes,Yes,6,6,Home,0,0,0.47609805093351
25,Other,152/96,231,39.3,Yes,No,10,8,Home,0,0,0.4210108604535491
43,Female,112/95,178,37.1,No,No,5,10,Rehab,0,1,0.5345758770276058
47,Other,137/75,283,37.1,Yes,No,7,4,Home,0,0,0.4397965499354782
22,Other,149/70,221,35.3,No,No,9,8,Home,0,0,0.40421443710885147
19,Male,158/97,276,24.0,No,No,7,8,Home,0,0,0.4272005706786921
64,Other,125/82,231,29.4,Yes,No,1,1,Rehab,1,1,0.6116079055339223
78,Male,121/97,290,29.0,Yes,No,9,2,Rehab,0,1,0.6174401318726485
63,Male,151/98,270,34.4,Yes,Yes,5,2,Home,0,0,0.46816756886490035
60,Male,110/77,202,18.4,Yes,Yes,5,6,Nursing_Facility,0,1,0.6210573291647711
38,Male,124/74,258,31.5,Yes,Yes,10,3,Rehab,0,1,0.631816158476458
59,Female,121/80,168,36.0,No,No,1,8,Home,0,0,0.39308111250601746
38,Female,153/81,261,21.6,No,No,6,3,Home,0,0,0.4147535544421947
57,Male,153/87,287,26.7,No,Yes,5,5,Home,0,0,0.44587182578306117
74,Female,152/71,257,18.1,No,Yes,9,6,Home,0,0,0.4572302528077272
24,Other,128/83,215,33.2,No,Yes,10,9,Rehab,0,1,0.602370728392259
83,Female,149/84,220,21.0,No,No,1,1,Home,0,0,0.4184748799480143
80,Other,135/83,168,22.2,Yes,Yes,3,8,Home,0,1,0.5062111635586415
22,Male,112/72,154,25.5,No,Yes,8,5,Home,0,0,0.4382240872662617
51,Male,156/94,206,38.1,Yes,Yes,6,7,Rehab,0,1,0.6218282289233934
46,Other,129/87,291,33.2,No,No,8,8,Home,0,0,0.41177250842722046
83,Male,146/94,257,29.0,Yes,Yes,2,4,Home,0,0,0.4736558000617993
24,Male,138/74,257,29.5,No,Yes,10,3,Nursing_Facility,0,1,0.5746643007099763
38,Other,113/84,267,25.9,No,Yes,6,8,Rehab,0,1,0.5998773527240816
89,Female,147/77,273,39.9,No,Yes,9,2,Home,0,0,0.4527183864381978
52,Other,155/85,236,21.7,No,No,2,8,Nursing_Facility,0,1,0.5543628327903759
61,Female,139/97,230,30.9,Yes,No,4,3,Home,0,0,0.444021832264822
47,Female,115/91,248,34.9,No,No,10,3,Home,0,0,0.4053469290455332
27,Female,153/90,243,39.0,Yes,Yes,10,3,Home,0,0,0.46469931795089836
71,Female,149/92,224,38.4,Yes,No,5,5,Nursing_Facility,0,1,0.5668311735698495
73,Other,141/99,207,22.3,No,No,2,9,Rehab,0,1,0.5688964355252742
79,Male,134/73,299,35.1,Yes,Yes,8,10,Rehab,0,1,0.6293171947638905
57,Female,123/91,184,36.8,No,No,8,9,Nursing_Facility,0,1,0.5191070731203682
76,Female,114/79,220,31.8,No,Yes,0,2,Rehab,0,1,0.596179606532639
74,Other,117/97,258,25.1,No,No,4,2,Home,1,0,0.42498557652520885
26,Other,119/98,230,29.7,No,Yes,2,6,Home,0,0,0.4583174083339553
41,Female,150/95,290,26.5,No,Yes,0,7,Home,0,0,0.438325956627575
23,Female,149/99,294,18.6,No,No,6,6,Home,0,0,0.4247879695342546
24,Male,119/73,200,27.7,Yes,Yes,5,3,Home,1,0,0.4717877283938647
40,Female,155/76,207,23.9,No,No,6,3,Rehab,0,1,0.5673478846267
73,Other,134/73,240,39.4,No,No,0,2,Rehab,0,1,0.555514192916127
76,Male,139/76,232,38.8,Yes,No,7,7,Home,0,0,0.43234937851675553
63,Other,155/90,275,22.8,Yes,No,1,2,Home,0,0,0.4683723126845001
28,Other,114/93,183,33.0,Yes,No,0,1,Home,0,0,0.43315813974170836
38,Other,153/98,275,29.2,Yes,No,5,7,Home,0,0,0.4521987962771877
21,Male,113/92,178,24.8,Yes,Yes,1,4,Rehab,0,1,0.6190969020689946
30,Other,143/70,223,20.2,Yes,No,4,2,Home,0,0,0.44765649307526145
21,Female,117/93,220,25.9,No,Yes,1,7,Rehab,0,1,0.5945024235467222
42,Other,124/87,176,23.3,No,Yes,3,2,Home,0,0,0.43711426160700856
45,Female,133/82,292,29.2,Yes,No,10,6,Rehab,0,1,0.605299919826959
79,Other,153/74,195,29.0,Yes,No,1,5,Nursing_Facility,0,1,0.5841440182547146
28,Female,144/80,286,29.0,Yes,No,7,4,Home,0,0,0.46104803436579245
32,Male,110/80,219,30.3,No,No,0,4,Home,0,0,0.40292266394303006
63,Other,125/72,226,32.1,Yes,Yes,7,4,Rehab,1,1,0.6350767630481589
54,Male,156/93,284,29.0,Yes,No,5,10,Home,0,0,0.4533771271103803
86,Female,148/73,299,35.3,No,Yes,10,4,Home,0,0,0.445065602329062
75,Male,141/78,222,28.7,No,No,10,10,Home,0,0,0.4136258774444467
90,Other,114/79,205,27.3,Yes,Yes,1,10,Home,0,0,0.479354070821158
54,Other,129/95,220,38.0,No,No,3,8,Home,0,0,0.38717048669388576
69,Female,118/85,223,37.9,No,No,6,3,Home,0,0,0.3907286755507824
42,Other,120/93,181,24.3,Yes,Yes,6,4,Home,0,0,0.4786821813471586
64,Other,128/78,259,31.2,No,Yes,1,10,Home,0,0,0.4439091381732661
48,Female,122/76,240,39.5,Yes,Yes,3,5,Home,0,0,0.45120004034231154
65,Female,127/94,200,33.8,Yes,No,3,9,Nursing_Facility,0,1,0.5721812823913828
75,Female,129/93,214,20.2,No,Yes,6,4,Rehab,0,1,0.6088833699613113
40,Other,144/99,283,29.4,No,No,2,5,Home,1,0,0.4115489690076741
30,Male,112/94,182,27.5,No,No,8,8,Home,0,0,0.39041743452669964
57,Male,112/85,178,18.4,Yes,Yes,0,2,Home,0,0,0.4783697021109218
22,Female,135/81,237,36.2,No,Yes,3,4,Home,0,0,0.42423846229671325
59,Other,158/71,237,34.6,Yes,No,2,5,Rehab,1,1,0.5944435963757484
90,Female,125/91,278,35.0,Yes,No,8,6,Home,0,0,0.446624841234392
74,Other,121/76,206,23.1,Yes,No,6,10,Home,0,0,0.45545952380627996
53,Other,113/81,221,26.6,Yes,Yes,6,1,Nursing_Facility,0,1,0.6277932443232922
59,Male,133/94,226,33.7,No,Yes,8,10,Home,0,0,0.426726219831985
77,Female,134/85,222,37.9,Yes,Yes,1,8,Home,0,0,0.4662410520229063
71,Female,145/98,295,30.4,Yes,Yes,6,5,Rehab,0,1,0.6333185158443766
69,Male,134/86,288,20.5,Yes,Yes,8,5,Home,0,1,0.5124420530573326
73,Male,143/77,275,35.1,Yes,Yes,2,9,Home,0,0,0.4697073134133692
38,Female,125/100,271,24.7,No,No,2,3,Rehab,0,1,0.5659710299392866
61,Other,131/99,182,39.6,No,Yes,1,3,Home,1,0,0.41930866830468155
29,Male,157/84,206,27.3,Yes,No,4,10,Home,0,0,0.4320326939335798
45,Male,160/77,235,29.7,No,No,5,3,Home,0,0,0.4032695197861685
54,Male,112/86,224,27.6,No,Yes,5,8,Rehab,0,1,0.5967338437125284
76,Other,144/99,171,29.3,No,No,8,9,Nursing_Facility,1,1,0.5409298473758758
64,Female,146/100,215,33.1,Yes,Yes,10,8,Home,0,0,0.4695497369063209
71,Other,136/76,194,18.1,No,Yes,5,3,Home,0,0,0.46663115420873924
24,Male,132/86,280,35.7,No,No,5,6,Rehab,0,1,0.556235938428707
65,Other,158/80,194,18.7,No,Yes,7,8,Rehab,0,1,0.6307182074223998
90,Other,143/94,278,32.0,No,Yes,9,3,Nursing_Facility,0,1,0.5805841992133847
49,Other,112/70,277,18.7,Yes,No,5,1,Home,0,0,0.4653863643079969
23,Male,120/80,170,38.3,Yes,No,10,8,Rehab,0,1,0.5797830359600035
38,Female,129/74,182,25.3,Yes,Yes,9,6,Home,0,0,0.4814279554485841
71,Male,153/72,186,31.4,No,Yes,1,3,Home,0,0,0.42499308486921383
20,Female,151/96,170,30.6,No,No,0,4,Nursing_Facility,0,1,0.5284578181191664
63,Other,110/90,256,20.9,No,Yes,10,2,Home,0,0,0.4704164430144945
22,Male,148/92,257,24.1,No,Yes,3,3,Rehab,0,1,0.6115092547626697
28,Other,114/82,281,32.4,Yes,No,2,9,Home,0,0,0.4488901881468241
54,Other,153/74,247,23.6,Yes,Yes,5,4,Rehab,0,1,0.6498664021139738
37,Female,127/100,247,22.3,No,Yes,6,8,Home,0,0,0.44703812014226657
89,Female,118/70,173,25.5,Yes,No,10,3,Home,0,0,0.44396273946848624
30,Other,111/84,193,25.3,Yes,Yes,2,3,Home,0,0,0.471788372764199
70,Male,134/100,256,31.7,No,Yes,9,6,Home,0,0,0.4440052483047593
50,Male,117/96,217,23.2,No,No,2,9,Home,0,0,0.4046954213310185
30,Male,156/81,152,21.9,No,Yes,8,6,Rehab,0,1,0.5893368259297947
21,Female,140/98,269,21.4,No,Yes,2,5,Home,0,0,0.4543641163980049
73,Female,160/94,241,28.6,Yes,Yes,8,3,Home,0,0,0.4808072561840712
86,Female,114/99,197,35.1,No,Yes,1,1,Home,0,0,0.42637062478323634
27,Male,136/80,207,34.9,No,Yes,10,7,Home,0,0,0.43570631465241205
65,Male,122/100,186,20.4,No,Yes,0,10,Home,0,0,0.4408065304493187
54,Other,126/77,203,32.6,Yes,Yes,7,8,Home,0,0,0.48010187949996397
59,Female,150/90,177,31.5,No,No,1,5,Home,0,0,0.40947883340849706
86,Other,118/71,246,27.1,No,No,10,5,Home,1,0,0.40904965749133637
60,Other,130/83,182,22.6,No,No,1,4,Home,0,0,0.4048268495534795
72,Male,125/82,236,38.8,No,No,10,9,Home,0,0,0.39856411597537406
53,Other,152/72,260,38.2,Yes,No,9,6,Home,0,0,0.4290267073481069
53,Other,124/93,176,35.2,No,No,2,1,Home,1,0,0.39737868082726324
84,Male,113/75,244,19.6,No,Yes,9,1,Rehab,1,1,0.6207021812029808
21,Other,134/82,256,28.8,No,Yes,5,2,Home,0,0,0.4349389917465017
51,Male,139/97,297,23.4,Yes,No,5,8,Nursing_Facility,1,1,0.6003967885692669
26,Female,146/88,298,30.3,No,Yes,6,8,Rehab,0,1,0.600590450604575
36,Male,142/75,256,33.5,No,Yes,1,5,Rehab,1,1,0.5842536861632873
24,Male,137/98,266,27.5,Yes,No,7,8,Home,0,0,0.45592539507942426
43,Female,140/89,261,18.2,Yes,Yes,9,3,Home,0,0,0.4912680990477745
83,Other,139/77,153,20.3,No,Yes,9,7,Home,0,0,0.44083821589704547
36,Other,123/95,165,39.6,Yes,Yes,1,7,Home,0,0,0.4528849978185142
34,Other,126/98,282,36.5,No,No,9,5,Home,0,0,0.40735200979249286
38,Male,124/84,273,23.2,Yes,Yes,8,1,Rehab,0,1,0.6466111979339629
45,Male,123/99,234,20.4,No,No,5,6,Home,0,0,0.4264861129101493
41,Other,116/83,250,39.0,No,No,1,1,Home,0,0,0.38921887702428076
31,Female,119/93,216,23.7,No,No,3,7,Home,0,0,0.415361984057522
64,Other,145/91,235,25.9,No,Yes,0,3,Home,1,0,0.44673009872865677
77,Male,157/73,154,37.2,No,Yes,10,7,Rehab,0,1,0.5792809682977224
76,Female,151/88,265,32.9,No,No,2,5,Home,0,0,0.40768795192811863
63,Other,128/79,258,28.4,No,No,6,6,Home,0,0,0.4128124766006192
83,Male,153/87,156,32.3,No,Yes,5,2,Home,1,0,0.4233544539480522
43,Female,128/96,226,30.0,No,Yes,3,7,Home,0,0,0.4420593998283356
57,Other,151/90,159,20.9,Yes,No,4,8,Home,0,0,0.4557212996186261
42,Other,116/82,178,20.2,Yes,Yes,2,4,Home,0,0,0.4797195671226639
38,Male,144/94,208,29.5,No,No,10,5,Home,0,0,0.4143516139511216
88,Female,129/96,264,22.7,Yes,No,4,2,Rehab,0,1,0.6141116196770237
84,Other,111/71,187,31.6,Yes,Yes,1,7,Nursing_Facility,0,1,0.6056862831278608
32,Other,117/72,219,39.8,Yes,No,0,3,Home,0,0,0.4351199448582646
63,Female,114/71,161,30.8,No,Yes,9,2,Home,0,0,0.430150362452267
77,Male,140/82,179,26.4,Yes,No,8,2,Home,0,0,0.4426621990044434
37,Female,131/87,287,31.6,No,No,0,10,Home,0,0,0.40693220148133236
86,Female,122/94,250,38.6,Yes,Yes,8,2,Rehab,0,1,0.6296921954409375
59,Other,124/91,216,36.3,Yes,No,4,4,Home,0,0,0.425743573526311
58,Female,138/95,254,31.8,Yes,Yes,10,6,Nursing_Facility,0,1,0.624489491543504
60,Male,131/100,211,27.8,No,No,0,7,Home,0,0,0.407275747945038
54,Other,120/96,197,30.6,Yes,No,5,4,Nursing_Facility,1,1,0.5807854574184242
18,Female,111/89,264,38.3,No,Yes,3,6,Home,0,0,0.4287199643913599
47,Male,154/92,207,21.5,No,No,0,9,Home,0,0,0.4058232035938734
55,Male,151/92,228,34.7,Yes,No,10,1,Home,0,0,0.42901699386390424
21,Other,138/83,188,21.9,No,No,2,8,Rehab,0,1,0.5808231522288336
58,Other,145/86,246,20.6,No,No,5,5,Rehab,0,1,0.5776761189031661
46,Other,131/98,164,27.4,No,No,4,6,Home,1,0,0.4095353957865316
76,Other,124/71,284,37.2,No,Yes,10,3,Home,0,0,0.43991949183309775
76,Other,111/86,211,40.0,Yes,Yes,8,7,Rehab,0,1,0.6284383906249166
22,Female,140/74,150,36.3,No,No,7,5,Rehab,0,1,0.5453470304759378
77,Female,149/77,253,33.9,No,No,4,2,Rehab,0,1,0.5535128824035135
42,Other,143/76,277,20.0,Yes,No,4,1,Home,0,0,0.46453889380662955
56,Other,114/92,195,34.6,No,No,10,3,Home,0,0,0.39887090740920805
62,Male,147/93,154,27.5,No,Yes,4,7,Home,0,0,0.4268338684180211
77,Other,115/96,284,21.4,No,Yes,4,10,Home,0,0,0.4627653111042111
20,Other,124/71,226,26.7,No,Yes,0,3,Home,0,0,0.4410799735703374
71,Male,132/100,219,29.7,No,No,3,5,Home,0,0,0.39773046979860094
43,Female,114/76,230,26.9,Yes,No,2,7,Home,0,0,0.4478404676201761
18,Other,119/86,232,29.1,Yes,Yes,4,2,Nursing_Facility,0,1,0.6220799813479722
26,Other,120/77,290,24.3,Yes,Yes,1,8,Home,0,0,0.48999369498817025
37,Male,129/88,221,28.3,Yes,Yes,5,1,Home,1,0,0.470134743498735
62,Male,150/86,153,35.5,No,No,6,8,Rehab,0,1,0.5374520153984019
50,Other,114/94,245,28.7,No,Yes,8,4,Home,0,0,0.442923211902066
18,Female,147/70,263,38.3,Yes,Yes,6,5,Rehab,0,1,0.6300615310102257
65,Male,124/85,155,31.1,Yes,No,6,1,Home,0,0,0.4211693442157894
88,Female,126/81,182,21.9,No,Yes,5,8,Home,0,0,0.4443192037388095
50,Female,152/93,181,31.3,No,No,7,5,Rehab,0,1,0.5541936874800716
23,Other,125/99,166,26.8,Yes,No,3,7,Home,1,0,0.43489863026738385
34,Other,121/75,198,31.8,Yes,No,5,2,Home,1,0,0.44299234129615356
88,Other,127/86,186,31.7,Yes,No,6,7,Home,0,0,0.43506313056263884
26,Male,158/96,259,18.4,No,Yes,4,9,Nursing_Facility,0,1,0.5915953351879316
80,Female,132/91,259,20.7,Yes,Yes,8,6,Home,0,0,0.49738389787667664
40,Male,112/77,155,39.8,No,No,9,1,Home,0,0,0.3840160445427593
28,Male,129/75,277,26.6,Yes,Yes,8,3,Rehab,0,1,0.6559125343211634
40,Male,155/80,173,39.5,No,No,0,7,Home,0,0,0.38179645800429346
72,Other,128/91,170,37.5,Yes,No,6,3,Home,0,0,0.43570932676305085
44,Other,152/93,278,26.4,Yes,Yes,4,1,Home,0,0,0.48898167718373015
90,Male,152/100,225,24.4,Yes,Yes,6,2,Home,0,0,0.47727648009923057
41,Male,117/84,221,38.6,Yes,Yes,6,4,Home,1,0,0.45307179857654317
63,Other,130/78,153,35.2,No,No,3,8,Rehab,0,1,0.547667506334057
27,Female,122/100,159,24.2,No,No,3,10,Home,0,0,0.39973121238605097
36,Female,149/82,183,28.5,No,Yes,3,10,Home,0,0,0.43316932736628794
67,Female,154/98,270,28.1,No,No,5,2,Nursing_Facility,0,1,0.5602806454049107
74,Other,158/86,164,38.5,No,Yes,4,7,Rehab,0,1,0.5824658866850437
84,Other,128/100,203,33.5,Yes,Yes,0,1,Home,0,0,0.4610482073217576
59,Male,119/83,257,20.7,Yes,No,4,10,Home,0,0,0.4827527002575279
63,Male,119/88,228,37.7,No,Yes,10,5,Rehab,0,1,0.5963796112974937
54,Other,138/83,214,23.8,No,No,9,8,Home,0,0,0.4266993893905254
29,Male,120/84,285,19.5,No,No,4,2,Home,0,0,0.42085900327385106
85,Other,147/81,281,35.1,Yes,Yes,6,1,Rehab,0,1,0.6403555173219393
40,Male,132/85,250,22.0,Yes,No,7,10,Nursing_Facility,1,1,0.5839654993177601
49,Male,131/74,261,37.6,No,Yes,10,9,Nursing_Facility,0,1,0.570615832456109
54,Other,152/99,290,31.9,No,No,7,7,Home,0,0,0.4071544900809828
37,Other,155/98,268,33.2,Yes,Yes,3,10,Home,0,0,0.4838021309875219
85,Other,129/92,152,37.6,No,No,5,7,Home,1,0,0.394191129697966
42,Male,134/71,241,22.9,Yes,Yes,0,10,Home,0,0,0.4780044235938001
88,Male,142/81,281,34.5,No,Yes,2,5,Home,0,0,0.4363272843819786
78,Male,122/71,279,39.3,Yes,No,8,2,Home,0,0,0.44892775015057684
26,Other,121/83,200,38.5,Yes,No,1,1,Home,1,0,0.4166784685116913
48,Male,153/98,173,20.2,Yes,Yes,7,10,Home,0,0,0.47977198739226457
33,Female,125/83,174,34.2,Yes,No,7,1,Home,0,0,0.4297748041063501
72,Male,140/82,274,33.3,No,No,10,7,Nursing_Facility,0,1,0.549124485636208
68,Other,138/98,163,27.6,No,No,7,8,Rehab,0,1,0.5709585090774577
26,Female,120/94,173,27.6,Yes,Yes,0,3,Home,0,0,0.4634400992432015
88,Other,134/86,258,29.4,No,No,9,6,Home,0,0,0.4340285527922316
51,Other,120/76,235,24.6,No,Yes,4,3,Home,0,0,0.45398475196487653
51,Male,135/86,180,23.2,Yes,No,3,7,Home,0,0,0.448439288903661
76,Female,147/84,185,25.7,Yes,Yes,5,6,Nursing_Facility,0,1,0.6094185435925831
80,Male,116/71,253,34.3,Yes,No,7,3,Home,0,0,0.44292859343777247
23,Other,123/80,196,21.5,Yes,No,1,2,Rehab,0,1,0.6042560089495157
75,Female,150/79,182,22.7,Yes,Yes,6,10,Home,0,0,0.4840520877614361
72,Male,153/71,276,19.0,No,No,4,8,Home,0,0,0.4254540737982561
89,Female,141/82,233,23.7,No,Yes,6,3,Home,0,0,0.44339878866690313
79,Male,142/79,276,19.4,No,Yes,7,1,Home,0,0,0.4711132889944208
55,Female,139/96,252,34.7,No,Yes,2,9,Rehab,0,1,0.6087387162187177
44,Female,136/78,173,18.2,Yes,Yes,3,3,Home,0,0,0.4911030488897934
39,Other,126/70,225,38.1,Yes,No,4,7,Rehab,0,1,0.5952215808099752
60,Female,154/79,233,27.3,Yes,No,0,2,Home,0,0,0.4503964324427222
43,Female,113/83,214,30.7,No,No,2,5,Home,0,0,0.40749914698179235
37,Other,119/72,154,18.5,Yes,Yes,5,10,Home,0,0,0.4914706848522685
60,Female,149/82,290,21.0,Yes,Yes,10,7,Nursing_Facility,0,1,0.6378002003992619
51,Male,129/89,250,29.3,No,Yes,7,7,Nursing_Facility,0,1,0.5877002568910675
20,Female,114/82,195,21.0,No,No,4,2,Home,1,0,0.4195343134198069
85,Other,150/83,277,21.1,Yes,No,8,1,Home,0,0,0.4617401896821378
56,Female,119/99,238,38.7,No,Yes,4,8,Home,1,0,0.435537483403012
19,Other,152/80,168,36.7,No,Yes,5,1,Home,1,0,0.4223611423351499
43,Male,120/93,270,25.3,Yes,Yes,2,3,Rehab,0,1,0.6369315530991262
26,Male,123/73,254,39.5,No,No,2,6,Rehab,0,1,0.5381958123416389
78,Other,155/83,286,23.0,No,Yes,3,8,Home,0,0,0.46067599019341293
87,Other,146/92,194,18.8,Yes,No,5,5,Home,1,0,0.4589032336562265
77,Female,132/95,241,20.4,No,No,10,1,Home,0,0,0.42200234378689927
74,Male,130/76,170,24.0,Yes,No,9,3,Home,0,0,0.4451270895077317
33,Male,124/73,269,33.4,No,Yes,7,6,Home,0,0,0.426186240655617
29,Male,139/82,204,18.5,Yes,No,10,4,Home,0,0,0.45177280360495675
49,Other,150/88,240,23.1,No,Yes,5,4,Rehab,0,1,0.6155367962568824
50,Female,134/92,262,22.0,No,No,9,5,Home,0,0,0.4214892354777217
37,Other,146/78,160,19.6,Yes,No,6,6,Home,0,0,0.44947076391479585
88,Male,139/73,202,25.7,Yes,No,0,10,Rehab,0,1,0.5931763032521067
84,Other,158/78,180,27.2,No,Yes,6,5,Home,0,0,0.44033784686592997
38,Female,160/90,150,21.4,Yes,Yes,3,3,Rehab,1,1,0.6375770369704647
41,Female,126/84,300,23.9,Yes,No,1,7,Home,0,0,0.46457580577291174
54,Other,148/83,259,26.7,No,Yes,5,7,Nursing_Facility,0,1,0.6007147152867868
66,Other,146/86,240,32.9,No,Yes,5,6,Home,0,0,0.4275963383855406
24,Male,133/91,271,26.8,No,No,3,2,Rehab,0,1,0.5820207778442493
24,Male,147/76,237,38.7,Yes,No,10,7,Home,0,0,0.4183700832029428
72,Female,147/76,270,24.0,No,Yes,1,1,Home,0,0,0.44691238331931155
59,Female,140/91,254,32.8,Yes,Yes,4,9,Home,0,0,0.4743814380569692
26,Female,121/77,276,36.4,Yes,Yes,3,10,Rehab,0,1,0.6127313653631725
45,Male,112/98,254,39.3,Yes,No,8,2,Nursing_Facility,0,1,0.5720660540857411
66,Other,133/87,271,28.4,No,Yes,8,2,Nursing_Facility,0,1,0.5905183350498717
76,Other,136/96,200,39.0,No,Yes,9,7,Home,0,0,0.4301060797351182
29,Male,142/99,163,29.7,No,No,10,1,Home,0,0,0.3941007025166356
32,Female,155/83,279,38.6,No,No,8,4,Home,0,0,0.3992717485586724
36,Male,132/82,299,35.5,No,Yes,9,10,Rehab,0,1,0.5875757255119884
21,Male,132/84,250,30.2,Yes,Yes,2,6,Home,1,0,0.4655702825843948
26,Male,144/91,242,29.1,No,Yes,10,10,Rehab,1,1,0.6018927934480062
55,Other,157/79,237,18.9,Yes,Yes,0,7,Rehab,1,1,0.6558355285600908
57,Male,150/87,280,23.6,Yes,Yes,2,2,Rehab,0,1,0.6420258950352818
23,Other,156/80,227,35.3,Yes,No,3,10,Home,0,0,0.43303153218643736
70,Male,142/72,286,32.1,No,Yes,1,5,Rehab,1,1,0.5921581050954802
26,Male,133/88,191,30.2,No,Yes,3,1,Nursing_Facility,1,1,0.571216190404094
43,Male,135/93,206,22.0,Yes,No,7,10,Rehab,0,1,0.6091659399709132
31,Other,127/88,211,26.4,No,No,3,10,Home,0,0,0.40844311068038447
42,Female,158/85,299,22.0,No,Yes,8,8,Rehab,0,1,0.6207440891422396
75,Male,157/75,185,18.4,No,Yes,8,1,Home,0,0,0.46219305060448823
56,Male,112/89,224,19.8,Yes,Yes,8,9,Home,0,0,0.4840024225117532
19,Male,136/71,216,22.2,Yes,Yes,9,10,Home,0,0,0.48113553775940376
41,Male,154/98,163,29.3,No,No,4,10,Home,0,0,0.3967139926186788
34,Female,156/83,201,18.5,Yes,No,0,9,Home,0,0,0.45269210962929796
72,Female,117/98,235,24.0,Yes,Yes,7,1,Home,0,0,0.48979671498791877
66,Other,152/79,176,30.3,No,No,5,7,Home,0,0,0.4006796477041474
70,Female,119/96,198,35.1,Yes,No,4,8,Home,0,0,0.4192842052227419
36,Female,160/91,177,33.0,No,Yes,8,7,Home,0,0,0.42855025583255896
43,Other,144/75,225,23.6,No,No,3,6,Home,0,0,0.4092463762918235
58,Other,135/77,202,28.5,Yes,No,1,9,Home,0,0,0.4476808766296523
85,Other,143/82,246,21.1,No,No,0,10,Home,0,0,0.435082094308029
45,Male,114/93,208,31.0,No,No,0,6,Home,0,0,0.3963906822469314
53,Female,158/99,286,37.5,Yes,No,8,9,Rehab,1,1,0.5931095013779452
47,Female,138/72,205,26.9,Yes,No,4,8,Rehab,0,1,0.5915919031897946
41,Other,138/72,158,24.8,Yes,Yes,0,7,Rehab,0,1,0.6253173765718839
37,Female,150/98,187,38.8,No,No,8,6,Home,0,0,0.38246012973017435
85,Other,115/88,172,23.6,Yes,No,4,6,Home,0,0,0.4372242433867452
66,Male,119/89,229,25.9,No,Yes,7,6,Rehab,0,1,0.5980032125394481
37,Male,154/96,218,34.6,Yes,Yes,5,8,Home,0,0,0.45245884183711715
45,Other,157/93,224,34.2,Yes,Yes,2,1,Home,0,0,0.473875892342005
34,Female,112/94,224,29.8,Yes,No,4,1,Rehab,0,1,0.5889531269135185
68,Other,127/83,192,24.9,Yes,No,8,7,Rehab,0,1,0.6056623686201339
24,Male,159/88,273,20.5,No,Yes,1,5,Home,0,0,0.4503022087571813
47,Female,154/81,213,27.1,No,No,4,10,Home,0,0,0.40943254718836797
26,Male,151/84,158,32.5,No,No,1,9,Rehab,0,1,0.5412343604093455
41,Male,146/94,283,28.5,Yes,No,6,1,Home,0,0,0.4451291081426157
60,Other,116/86,210,21.4,Yes,No,4,5,Home,1,0,0.45255750277147533
72,Other,117/96,161,23.5,Yes,No,7,8,Home,0,0,0.4425951984865405
40,Female,113/79,184,23.7,Yes,No,3,1,Home,0,0,0.4391273679281746
66,Female,153/99,277,35.2,No,Yes,0,1,Home,0,0,0.4385865118978538
56,Female,145/73,297,36.4,No,Yes,8,6,Rehab,0,1,0.591655021818913
34,Other,149/94,172,33.1,No,Yes,2,8,Home,0,0,0.4324717048783984
42,Female,124/83,186,20.2,No,Yes,3,3,Home,0,0,0.45001812802495683
19,Male,138/77,269,24.6,No,No,4,5,Home,0,0,0.41847729633849223
53,Other,130/99,172,27.8,No,No,7,9,Home,0,0,0.4133630413263043
54,Other,157/80,162,27.7,No,Yes,2,7,Home,0,0,0.44357814771312
51,Male,146/92,172,27.5,No,Yes,6,2,Home,1,0,0.4351244943995472
78,Female,136/94,202,22.8,Yes,No,5,7,Home,0,0,0.446907656684427
38,Other,138/74,270,23.9,No,No,5,1,Home,0,0,0.41648945160765755
30,Female,115/72,262,22.8,No,Yes,7,9,Rehab,0,1,0.6244164260961539
18,Female,120/72,300,21.5,Yes,No,5,7,Home,0,0,0.4572003470866842
27,Other,128/78,174,23.6,No,No,6,3,Home,0,0,0.41518441555134794
33,Female,131/88,214,38.2,No,Yes,10,6,Home,0,0,0.42988648562148857
79,Female,134/71,269,21.8,Yes,Yes,8,1,Rehab,0,1,0.6513902036381553
18,Female,128/92,224,22.4,Yes,No,5,6,Nursing_Facility,1,1,0.5899510361605449
58,Other,127/92,283,32.2,Yes,No,10,10,Rehab,0,1,0.6134605536322915
56,Female,152/74,168,25.7,No,Yes,2,1,Home,0,0,0.44257404824134466
22,Male,114/71,293,34.7,Yes,No,4,3,Home,0,0,0.43485922258617626
42,Female,160/75,172,26.4,No,Yes,8,8,Home,0,0,0.43799186246380556
24,Male,140/70,258,34.3,No,Yes,9,6,Rehab,0,1,0.6003455539800912
26,Male,137/92,265,26.5,Yes,No,9,6,Rehab,0,1,0.6107046782644424
28,Female,151/78,160,24.6,No,No,1,10,Home,0,0,0.40386414475619453
22,Other,143/75,222,22.5,Yes,No,5,1,Home,0,0,0.4569691034547371
61,Female,117/91,235,29.2,No,No,10,2,Rehab,1,1,0.5791228504330971
61,Male,150/86,259,35.4,Yes,No,6,3,Home,0,0,0.42853449062624654
63,Female,153/86,167,24.4,No,Yes,10,10,Home,1,0,0.44974919155204973
22,Male,148/94,169,35.1,Yes,Yes,7,4,Home,0,0,0.456464382396253
18,Male,142/72,236,36.7,No,No,1,4,Home,0,0,0.3845770249922039
90,Other,110/84,262,35.1,No,No,2,1,Home,0,0,0.4112944683309846
54,Female,131/93,290,29.9,Yes,Yes,5,8,Rehab,0,1,0.6486741049426917
36,Female,147/95,216,26.4,No,No,3,9,Nursing_Facility,0,1,0.5462251183669381
65,Male,157/85,254,29.1,No,Yes,5,4,Home,0,0,0.4410436723950821
79,Female,151/94,201,28.2,No,Yes,7,5,Rehab,0,1,0.6003375514610968
58,Male,116/99,225,34.3,Yes,No,2,9,Home,0,0,0.4299360281586711
74,Other,137/71,274,29.0,Yes,No,6,9,Home,0,0,0.44080119536326057
78,Female,129/93,253,18.9,Yes,Yes,6,7,Rehab,0,1,0.6469124191000921
73,Male,114/91,253,38.6,Yes,No,8,7,Home,1,0,0.42832631595544857
62,Female,148/99,161,22.5,No,No,0,9,Home,0,0,0.40759363156679274
53,Other,159/79,200,24.3,Yes,No,2,7,Home,0,0,0.4455769364353358
28,Female,151/92,196,26.1,Yes,No,2,8,Home,0,0,0.4312891304316651
63,Other,154/80,164,38.5,No,No,6,8,Home,0,0,0.374183833044477
89,Male,151/84,220,32.6,No,Yes,2,1,Home,0,0,0.4306741699074817
68,Male,150/95,290,34.8,Yes,No,2,6,Home,0,0,0.4271066421303348
25,Female,159/85,238,28.8,Yes,Yes,1,6,Home,1,0,0.47484344051914534
38,Female,123/79,154,31.9,Yes,No,10,7,Nursing_Facility,0,1,0.5699073223177671
29,Other,138/78,246,24.3,Yes,No,7,7,Home,0,0,0.4478176934967088
28,Male,134/82,195,24.7,No,No,9,7,Rehab,0,1,0.5516060226340972
28,Male,148/90,163,21.8,Yes,Yes,7,3,Nursing_Facility,1,1,0.6039295558853982
30,Other,116/90,294,24.1,No,Yes,0,3,Home,0,0,0.4636764094398049
19,Other,119/97,288,33.8,Yes,Yes,4,8,Rehab,0,1,0.6365449610520143
57,Male,149/78,296,19.8,Yes,Yes,3,5,Nursing_Facility,0,1,0.6326253522485882
63,Male,141/82,154,31.6,Yes,Yes,10,10,Home,0,0,0.4512728544096218
38,Male,136/74,268,21.7,Yes,Yes,10,6,Rehab,0,1,0.6377776569081471
85,Male,124/96,244,21.8,No,No,10,6,Home,0,0,0.41477420456426217
42,Male,153/74,209,39.8,No,No,9,3,Home,1,0,0.3905650093936376
31,Other,112/80,210,35.4,No,No,8,4,Home,0,0,0.40356979956770106
53,Male,160/71,246,25.5,Yes,Yes,5,3,Rehab,0,1,0.6294102027892335
34,Male,131/88,290,26.4,No,No,10,1,Home,0,0,0.42435845670534794
33,Other,120/79,299,36.3,Yes,No,3,10,Rehab,0,1,0.6040928913363875
32,Male,148/99,203,22.3,Yes,Yes,1,9,Home,0,0,0.4789584090112
75,Female,155/76,206,30.4,No,No,2,8,Home,0,0,0.3953819963053111
52,Male,153/70,297,22.7,No,No,2,10,Rehab,0,1,0.5891060739397472
52,Other,116/82,196,26.2,No,Yes,0,7,Home,0,0,0.43600232682483925
63,Female,129/97,277,34.3,Yes,No,3,8,Home,0,0,0.43050386802184604
65,Male,123/100,228,24.2,Yes,No,7,1,Rehab,0,1,0.6047435245822148
60,Other,146/78,198,21.0,No,Yes,8,7,Nursing_Facility,0,1,0.5939463560664305
39,Other,147/95,267,31.8,No,Yes,5,3,Home,0,0,0.44687828102379645
45,Other,119/93,244,18.4,No,No,1,10,Home,0,0,0.43054133434041153
39,Other,140/74,289,21.8,Yes,Yes,4,5,Home,0,0,0.4994207124834408
75,Female,130/85,216,31.1,No,No,8,6,Home,0,0,0.3928966950321039
82,Female,160/83,277,25.6,No,No,4,5,Rehab,0,1,0.5703474600563477
38,Other,124/77,297,29.8,Yes,Yes,9,3,Nursing_Facility,0,1,0.6399511933499561
74,Male,135/96,178,23.1,No,Yes,1,7,Rehab,0,1,0.6015159068034382
50,Male,160/92,286,36.3,Yes,No,3,5,Home,0,0,0.43085896968780213
29,Other,150/92,165,27.0,Yes,No,4,8,Home,0,0,0.4348539328587378
55,Other,142/90,155,30.1,No,No,5,2,Rehab,0,1,0.5606178069576525
40,Male,124/96,278,21.4,Yes,No,8,9,Nursing_Facility,0,1,0.5904435282977472
64,Male,151/78,249,33.8,Yes,Yes,0,3,Home,1,0,0.4721565303061026
82,Male,118/95,159,30.8,No,No,8,6,Nursing_Facility,0,1,0.5342918698256213
79,Female,115/94,204,22.7,Yes,Yes,6,9,Home,0,0,0.4854037821075254
37,Male,114/90,274,37.4,No,No,5,9,Home,0,0,0.3934458427091129
49,Male,125/88,265,24.9,Yes,No,9,10,Rehab,0,1,0.5958147037335966
19,Other,140/76,193,35.7,Yes,Yes,4,5,Rehab,0,1,0.6213060042206173
27,Other,155/86,210,27.6,Yes,No,4,4,Rehab,0,1,0.6093375832802719
33,Male,123/77,180,36.5,Yes,Yes,6,6,Home,1,0,0.4561490010105325
80,Female,122/87,166,35.0,No,Yes,2,2,Home,0,0,0.41377957843996116
56,Male,123/75,271,34.2,Yes,No,4,6,Nursing_Facility,0,1,0.5710123802515157
90,Male,132/91,155,24.8,Yes,No,3,5,Home,0,0,0.439987660745319
36,Female,128/94,293,27.2,No,No,2,6,Rehab,0,1,0.5659977036773824
31,Female,120/80,171,36.8,Yes,Yes,5,6,Home,0,0,0.45739466367026216
34,Female,148/71,169,34.5,Yes,Yes,10,1,Home,0,0,0.4654853426368768
78,Other,158/98,228,25.5,No,No,7,7,Home,0,0,0.4160849248309495
35,Other,159/85,185,20.6,Yes,Yes,0,9,Home,0,0,0.48472409508377556
77,Other,153/90,230,19.2,No,Yes,8,4,Rehab,0,1,0.6232602311189227
20,Female,111/75,280,31.2,No,Yes,9,3,Home,0,0,0.4452686351350288
61,Female,140/71,213,32.9,Yes,Yes,4,4,Home,0,0,0.4669099443100874
51,Other,132/84,294,21.9,Yes,No,4,4,Home,0,0,0.4605874978664304
21,Other,121/75,151,38.7,No,No,2,10,Home,0,0,0.38680702717163423
90,Male,124/71,296,39.8,Yes,No,6,6,Rehab,1,1,0.5873199132540059
78,Female,113/91,191,34.9,Yes,Yes,8,1,Home,0,0,0.47241000898243185
26,Female,150/95,182,24.0,No,No,4,3,Home,0,0,0.398257721238408
23,Other,145/77,165,18.4,Yes,Yes,1,3,Home,0,0,0.49440198022632365
65,Female,131/70,257,37.7,No,Yes,9,2,Home,0,0,0.4242442858698489
71,Male,121/86,277,25.2,No,No,1,8,Home,0,0,0.41931787836141077
20,Male,143/91,290,38.4,Yes,No,8,10,Home,1,0,0.4265362149368792
34,Female,116/88,159,38.0,No,Yes,1,9,Home,0,0,0.41258647921755043
73,Female,150/80,190,34.5,No,Yes,2,10,Home,0,0,0.44304126041491326
67,Female,132/79,274,35.0,No,Yes,7,9,Home,0,0,0.42816629827656444
22,Female,137/95,191,26.8,No,Yes,9,5,Home,0,0,0.44984327095253224
49,Other,130/100,270,23.6,No,Yes,2,3,Home,0,0,0.46048798643547045
54,Other,145/89,295,19.3,Yes,No,7,2,Nursing_Facility,0,1,0.6074870443544532
87,Male,132/74,262,31.3,No,Yes,9,9,Home,0,0,0.43288078215821046
18,Male,153/99,195,27.1,No,Yes,6,5,Home,0,0,0.43746769821251424
26,Female,110/77,211,22.8,Yes,Yes,10,6,Home,1,0,0.47863692755196974
24,Female,143/73,300,25.5,Yes,Yes,6,3,Home,0,0,0.49119876643037846
31,Male,126/74,224,31.2,Yes,Yes,2,2,Home,0,0,0.4674001840451098
50,Female,160/96,298,31.3,Yes,No,7,8,Rehab,0,1,0.5970940516512978
54,Male,115/93,157,24.3,No,Yes,0,2,Home,0,0,0.42972792593759784
67,Other,147/86,284,38.3,No,No,4,3,Home,0,0,0.4090403084203166
39,Male,126/96,222,30.7,Yes,Yes,10,3,Home,0,0,0.4676244001917749
64,Female,126/73,167,36.6,No,Yes,6,9,Rehab,1,1,0.5765196778516405
69,Other,159/100,258,22.2,Yes,Yes,6,7,Home,1,1,0.5030676058451843
60,Other,133/77,182,39.6,Yes,Yes,10,1,Home,0,0,0.4722904423291908
85,Male,125/89,172,38.5,Yes,No,7,3,Home,0,0,0.4317702558743009
86,Male,118/79,277,31.3,No,Yes,8,4,Home,1,0,0.4323930949990401
41,Male,142/76,154,24.9,No,No,9,2,Home,0,0,0.4039271150091573
46,Other,122/90,247,39.2,No,No,2,9,Home,0,0,0.39479003737429624
31,Male,130/80,289,27.9,Yes,No,4,7,Home,0,0,0.4404171120461322
57,Other,120/74,219,30.9,No,No,9,7,Home,0,0,0.40483185821034284
86,Female,148/83,200,22.8,No,No,10,9,Home,0,0,0.42208971577338666
51,Male,142/70,283,21.3,No,No,4,1,Home,0,0,0.41872477047443624
33,Other,115/98,177,36.8,No,Yes,3,7,Home,0,0,0.4191965894973732
69,Male,133/85,253,26.4,Yes,No,1,7,Home,0,0,0.449342669980873
60,Other,144/99,287,33.1,No,No,2,10,Rehab,0,1,0.5642704600933863
59,Other,143/90,216,33.1,No,No,5,10,Nursing_Facility,0,1,0.5326747648831227
77,Male,124/73,255,22.7,No,Yes,10,9,Nursing_Facility,1,1,0.583733963066129
38,Male,127/94,261,37.4,Yes,No,9,1,Nursing_Facility,0,1,0.5782309997387718
53,Other,139/77,173,23.6,No,Yes,1,10,Rehab,0,1,0.590917052877873
48,Other,113/84,294,20.9,No,No,4,6,Home,0,0,0.4184149730352175
31,Female,138/73,297,19.7,No,Yes,3,5,Home,0,0,0.4529570380324352
29,Other,155/71,251,22.2,Yes,No,7,3,Home,0,0,0.4597166695655
86,Male,143/99,268,20.9,No,No,2,9,Home,0,0,0.4099737190475964
45,Male,115/81,264,18.5,Yes,No,2,3,Home,0,0,0.4595237416098483
73,Other,160/90,236,25.3,Yes,Yes,4,2,Home,0,0,0.4936485202817978
81,Male,150/94,242,31.4,No,Yes,6,3,Home,0,0,0.4450102237591145
20,Male,116/99,157,28.3,No,Yes,9,7,Home,0,0,0.4325822258460543
79,Female,115/80,188,32.1,No,No,9,9,Nursing_Facility,1,1,0.5388661288063948
86,Male,119/100,290,39.9,Yes,Yes,7,9,Nursing_Facility,1,1,0.598373007791019
36,Other,127/72,296,31.1,Yes,No,2,5,Home,0,0,0.4519729496201672
28,Female,126/72,230,23.5,No,Yes,5,10,Rehab,0,1,0.6201514152464642
79,Other,114/93,233,30.7,No,No,10,5,Home,0,0,0.41399847747361834
67,Male,155/75,212,29.9,Yes,No,1,3,Home,0,0,0.4283955627660247
77,Other,116/73,185,19.9,No,No,0,7,Home,0,0,0.41963687979268477
61,Male,158/93,228,40.0,Yes,No,3,1,Home,1,0,0.42208065781988763
22,Other,135/71,236,37.8,No,No,9,6,Rehab,0,1,0.5624721369960373
81,Female,143/79,284,38.0,Yes,Yes,10,10,Rehab,0,1,0.6354312162904284
48,Female,149/78,150,39.0,No,No,6,10,Home,0,0,0.37863855267514274
37,Female,127/84,213,20.0,Yes,No,1,8,Home,0,0,0.44513341063760203
25,Male,137/95,186,33.3,No,Yes,6,7,Home,0,0,0.4350437892759808
84,Female,142/83,210,20.2,Yes,No,10,7,Rehab,0,1,0.614907441524291
50,Male,118/82,167,22.0,Yes,Yes,5,1,Rehab,0,1,0.6302184964969522
45,Male,128/78,276,24.3,Yes,No,9,7,Home,0,0,0.45447239775234904
72,Male,128/93,231,25.4,Yes,Yes,2,9,Nursing_Facility,0,1,0.6211582372923995
28,Female,136/74,206,35.3,Yes,Yes,8,9,Home,0,0,0.4505764206017955
52,Male,122/93,286,31.1,Yes,No,6,3,Home,0,0,0.44650366921600854
40,Female,144/94,240,39.3,Yes,No,0,4,Home,1,0,0.43528610452150196
69,Other,112/94,173,28.8,No,Yes,9,5,Home,0,0,0.4315792197285754
22,Female,143/74,250,28.4,No,No,1,2,Home,0,0,0.40041141716875833
73,Other,154/88,237,35.1,Yes,No,8,5,Home,0,0,0.44251617364970647
76,Other,121/93,217,23.6,No,Yes,4,5,Rehab,0,1,0.6133371386897477
63,Male,129/73,159,26.1,No,No,10,3,Home,0,0,0.4134975314247604
18,Female,150/75,171,37.4,Yes,No,3,2,Nursing_Facility,0,1,0.5697208876505016
80,Other,153/70,152,28.1,Yes,Yes,2,2,Nursing_Facility,0,1,0.6237989454219824
84,Other,117/84,158,20.1,No,Yes,0,5,Rehab,0,1,0.603699872447058
54,Male,133/84,204,35.1,No,No,1,6,Rehab,0,1,0.5500300148134932
34,Female,145/89,219,24.7,No,Yes,4,5,Home,0,0,0.43912876607066376
83,Female,160/83,164,28.9,No,Yes,2,5,Home,0,0,0.42432768169075924
54,Other,113/97,241,34.3,Yes,No,7,7,Home,0,0,0.43516763732042174
80,Other,143/89,171,30.8,No,Yes,2,9,Home,0,0,0.43991584189413074
89,Male,133/92,282,20.7,No,Yes,2,1,Home,0,0,0.4692696208443545
21,Female,145/99,260,24.9,Yes,No,9,3,Rehab,1,1,0.6070099894245675
88,Other,131/84,229,25.9,Yes,Yes,10,3,Home,0,0,0.4840999992831246
71,Male,130/89,277,18.8,No,Yes,10,5,Home,1,0,0.46497075235678553
61,Female,126/97,156,31.5,No,No,5,4,Home,0,0,0.4082812834058184
63,Other,153/100,195,35.2,Yes,No,3,1,Home,0,0,0.4376711032017058
26,Female,135/93,199,28.4,Yes,Yes,0,7,Nursing_Facility,0,1,0.6129065617088089
45,Other,152/75,167,38.3,No,No,1,1,Home,0,0,0.3898659369063852
79,Other,133/97,258,24.6,No,Yes,10,9,Home,0,0,0.4590879161702584
84,Male,139/97,181,23.5,No,No,9,1,Home,0,0,0.41735483103773463
87,Other,135/97,151,32.5,No,Yes,2,1,Home,0,0,0.4374734293718824
89,Female,133/95,215,25.8,Yes,No,6,5,Home,1,0,0.44163360339849117
78,Other,151/84,224,29.8,No,No,4,8,Home,1,0,0.4062241183462652
26,Male,127/75,262,29.3,Yes,Yes,3,7,Rehab,0,1,0.6244510781197313
90,Other,155/77,248,18.3,Yes,Yes,3,1,Nursing_Facility,0,1,0.6391750623513521
36,Other,146/92,266,30.6,Yes,Yes,9,6,Home,0,0,0.48340865305334146
55,Female,152/89,162,20.2,No,Yes,7,5,Home,0,0,0.44861251106082783
88,Other,110/99,151,27.0,No,Yes,2,9,Home,0,0,0.4386517709580751
40,Female,150/87,237,18.8,No,Yes,4,9,Home,0,0,0.4508359886465988
18,Other,126/88,158,20.2,Yes,Yes,4,1,Home,0,0,0.48198003436099784
31,Other,144/84,236,31.3,Yes,Yes,0,7,Rehab,1,1,0.6330199415804215
74,Female,159/75,281,18.4,Yes,Yes,3,2,Home,0,0,0.4952457951237385
66,Other,119/78,218,26.8,Yes,No,10,8,Home,1,0,0.4520596366369748
25,Male,158/86,151,25.2,Yes,Yes,4,7,Home,0,0,0.4666955064430271
74,Male,111/77,217,39.9,No,Yes,8,3,Home,0,0,0.42618779299732235
74,Male,124/91,295,32.0,No,Yes,10,4,Home,0,0,0.4380431884970435
50,Male,149/84,240,30.4,No,Yes,5,6,Home,1,0,0.43660598461909006
19,Male,138/90,224,21.3,Yes,No,2,5,Nursing_Facility,0,1,0.5828048993682128
59,Other,146/76,293,31.2,Yes,Yes,7,5,Home,0,0,0.4943374534087141
68,Male,116/74,214,31.0,No,No,7,10,Home,0,0,0.3997075286242615
73,Male,117/75,248,23.2,Yes,Yes,9,10,Home,0,0,0.49499484352236217
60,Female,134/91,216,32.3,No,No,0,1,Home,0,0,0.4094775795712039
27,Male,135/77,197,34.3,No,No,10,8,Home,0,0,0.400297344978688
49,Male,130/90,150,32.0,Yes,No,10,6,Home,0,0,0.42696451738174684
69,Female,153/86,193,21.8,Yes,No,7,3,Home,0,0,0.45993152931288783
84,Male,131/73,265,20.0,No,No,9,4,Home,0,0,0.42573857485973066
32,Other,114/72,224,26.1,Yes,Yes,1,10,Rehab,0,1,0.6273452177333839
87,Male,127/81,152,28.9,Yes,No,9,2,Nursing_Facility,1,1,0.5713726466080478
53,Male,137/97,164,25.3,No,Yes,0,5,Home,0,0,0.4386775531223463
50,Female,154/85,202,19.1,Yes,Yes,7,8,Rehab,0,1,0.6439267373597863
47,Female,117/87,233,37.7,Yes,Yes,10,6,Home,0,0,0.46718280176277066
76,Other,145/83,204,23.9,Yes,Yes,1,10,Rehab,0,1,0.6329701601504364
62,Male,141/74,260,18.6,No,No,4,7,Home,0,0,0.4267437933885804
60,Other,139/86,176,36.7,No,No,8,10,Home,0,0,0.3860118482775026
44,Male,112/94,256,28.9,Yes,Yes,3,7,Home,0,0,0.46416522184992653
24,Male,130/86,258,18.6,No,No,5,10,Home,0,0,0.4157597699083663
40,Male,125/98,214,39.0,No,Yes,10,5,Rehab,0,1,0.5866375844586272
26,Male,115/80,238,27.1,No,Yes,9,10,Home,0,0,0.4409707211242544
37,Other,154/75,196,38.4,Yes,Yes,2,4,Home,0,0,0.46635917786016384
26,Male,132/97,275,19.4,Yes,No,10,4,Nursing_Facility,0,1,0.6075223063234078
75,Female,153/91,190,39.3,Yes,Yes,7,6,Rehab,0,1,0.6199281803389393
25,Female,150/99,201,28.4,No,No,5,5,Home,0,0,0.3979468724911465
30,Female,150/86,258,37.9,Yes,No,1,2,Home,1,0,0.4231005473466422
65,Male,132/96,266,23.5,Yes,No,2,1,Rehab,0,1,0.6066847029731924
34,Male,136/95,251,29.8,Yes,Yes,9,7,Rehab,0,1,0.6301701618898069
77,Male,120/73,193,26.4,No,No,6,8,Home,0,0,0.40776365488187044
76,Male,147/90,271,36.1,Yes,Yes,4,6,Rehab,0,1,0.6175701479878865
22,Other,160/77,287,36.6,Yes,No,0,10,Home,0,0,0.43384878423378936
30,Other,122/89,273,23.6,No,No,0,6,Rehab,0,1,0.5779977986916527
56,Female,154/90,277,20.5,Yes,No,8,4,Home,0,0,0.45954153985595675
78,Other,123/77,255,39.0,No,Yes,4,3,Home,0,0,0.4372048113336725
37,Other,144/98,151,20.8,Yes,Yes,1,2,Home,0,0,0.4776453944996458
30,Male,141/85,300,25.0,Yes,Yes,3,4,Nursing_Facility,0,1,0.6182324382444463
61,Other,118/82,265,37.6,No,Yes,10,4,Home,0,0,0.43524961080730407
77,Female,136/83,293,32.8,No,Yes,2,7,Home,0,0,0.4466401074040628
75,Female,150/95,178,31.9,No,No,3,3,Home,0,0,0.3877502164775619
70,Other,114/92,210,39.3,Yes,Yes,6,2,Rehab,0,1,0.6191974156172801
83,Female,160/86,210,28.8,Yes,Yes,0,6,Rehab,0,1,0.636617625103465
49,Other,116/81,158,18.4,No,No,9,8,Home,0,0,0.42186034413845835
49,Other,141/99,280,32.4,Yes,Yes,2,3,Home,0,0,0.47366960908392775
84,Male,125/77,225,27.8,No,Yes,3,10,Home,0,0,0.4328678648042263
45,Male,134/72,282,21.3,Yes,Yes,7,6,Home,0,0,0.4918201554307177
25,Other,159/100,157,30.7,No,Yes,3,3,Nursing_Facility,0,1,0.5815916846808877
49,Male,147/71,275,26.8,Yes,No,2,10,Home,0,0,0.444127649937447
90,Male,136/72,210,30.5,Yes,No,1,4,Home,1,0,0.43127461038215603
22,Other,121/72,196,29.2,Yes,No,3,6,Rehab,1,1,0.6058214671518548
46,Other,145/99,253,25.0,No,Yes,1,5,Home,0,0,0.44810097115447883
64,Other,127/70,223,39.6,Yes,No,5,10,Home,1,0,0.4187131351513047
47,Male,144/96,247,31.6,No,No,5,8,Home,0,0,0.3947920668332471
42,Other,140/86,244,26.6,No,Yes,8,7,Home,0,0,0.44957530166344983
80,Female,121/90,169,29.5,No,Yes,2,8,Home,1,0,0.43593691669935525
54,Other,131/81,275,33.2,No,Yes,7,7,Rehab,0,1,0.6099757507050367
25,Male,128/100,162,31.1,Yes,Yes,9,3,Home,0,0,0.4528609768581955
67,Female,145/83,235,24.4,Yes,No,8,3,Home,1,0,0.44547230337225435
18,Female,151/87,298,18.3,No,No,0,5,Home,0,0,0.4213847170991864
60,Male,121/91,276,30.6,No,Yes,3,9,Home,0,0,0.4403046885540138
44,Male,147/75,279,21.5,No,No,2,9,Home,0,0,0.40945021024455724
26,Other,147/80,164,34.3,Yes,No,0,5,Home,0,0,0.420050401390186
83,Female,155/77,170,23.4,Yes,No,9,5,Home,1,0,0.44380328487224746
30,Other,110/85,268,20.9,No,Yes,2,10,Home,0,0,0.46150327642258987
48,Female,119/81,202,28.8,No,Yes,2,8,Home,0,0,0.4375336799965053
34,Female,144/83,152,21.6,Yes,No,3,9,Home,0,0,0.45173904954720406
28,Female,154/80,178,31.9,Yes,No,3,2,Home,1,0,0.41368513230491355
36,Other,148/78,295,20.5,Yes,Yes,6,5,Home,0,1,0.5018381838635567
83,Female,140/100,273,21.6,No,No,9,8,Home,0,0,0.42892089929895494
66,Female,156/84,262,24.7,Yes,No,6,1,Rehab,0,1,0.6154435256389342
28,Other,120/94,253,20.9,Yes,Yes,3,8,Rehab,0,1,0.645292239471175
82,Female,139/91,252,35.2,Yes,No,0,10,Home,0,0,0.44375004369074306
68,Female,122/73,153,19.6,No,Yes,3,2,Home,0,0,0.4503147686541494
79,Other,145/81,213,27.8,No,Yes,1,7,Rehab,0,1,0.6049944416729686
38,Female,146/100,188,35.6,No,Yes,6,6,Home,0,0,0.4254668487808141
38,Male,129/73,194,30.7,Yes,No,9,5,Home,0,0,0.4426267890714029
86,Male,157/86,224,36.8,Yes,Yes,5,7,Nursing_Facility,0,1,0.6013486030078784
56,Other,154/98,238,39.3,Yes,Yes,1,8,Home,0,0,0.4665597067415053
51,Other,122/88,290,33.5,Yes,No,10,2,Home,0,0,0.47485598712730054
44,Male,129/81,286,34.8,Yes,Yes,6,10,Home,0,0,0.4735762424981131
24,Female,137/100,192,30.7,Yes,No,1,1,Home,0,0,0.43818818892543565
39,Other,142/84,161,30.9,No,No,9,6,Home,0,0,0.4006316777940009
73,Other,122/87,224,19.8,No,Yes,5,4,Nursing_Facility,0,1,0.5907860964317736
40,Male,119/96,205,27.0,Yes,No,0,9,Home,0,0,0.42677832578247704
35,Female,110/80,294,19.3,Yes,No,4,5,Home,0,0,0.46705283152589533
90,Male,146/97,172,29.9,No,Yes,6,7,Home,0,0,0.4230404608738611
74,Female,133/97,287,26.0,Yes,Yes,8,10,Home,0,0,0.4882908202311658
25,Female,137/99,197,35.5,No,Yes,0,10,Home,0,0,0.4290457072695105
51,Male,124/94,235,19.8,Yes,Yes,8,2,Home,1,0,0.49123574020675703
28,Female,125/74,163,38.2,Yes,No,2,10,Home,0,0,0.40206253069524517
48,Female,135/73,214,32.7,Yes,Yes,4,8,Home,0,0,0.4953797165037538
52,Female,125/87,231,38.5,Yes,Yes,2,8,Home,0,0,0.45011960428621406
41,Female,143/84,214,23.5,No,No,2,9,Home,0,0,0.4141446627493511
84,Other,116/77,217,18.9,Yes,No,2,10,Home,0,0,0.4532750186052838
26,Male,151/74,158,37.9,No,Yes,1,8,Nursing_Facility,0,1,0.5471243955457353
20,Other,132/87,245,33.5,No,Yes,10,4,Rehab,0,1,0.6021787160152152
37,Female,141/98,255,39.7,No,No,7,8,Home,0,0,0.40074133030259695
26,Male,110/84,181,36.8,Yes,Yes,9,10,Rehab,1,1,0.6140672727845518
76,Other,147/88,250,28.9,No,Yes,1,2,Home,1,0,0.4673004580664246
18,Other,147/79,214,33.1,Yes,Yes,6,5,Home,0,0,0.4741280044764741
55,Male,132/79,274,23.1,Yes,Yes,9,5,Home,0,0,0.48172668921061573
30,Female,143/92,205,23.8,No,No,9,10,Rehab,0,1,0.5630134232318459
58,Male,145/78,206,31.6,Yes,Yes,7,3,Home,0,0,0.4842881136478029
73,Male,119/77,252,37.9,No,Yes,7,3,Rehab,0,1,0.5832511886648136
38,Other,155/74,287,34.9,No,No,7,6,Home,0,0,0.4205191988728004
88,Other,150/90,151,19.0,Yes,No,2,10,Home,0,0,0.4644950389609118
43,Male,113/76,278,27.0,No,Yes,0,8,Home,0,0,0.44612468219599116
60,Other,153/83,181,19.6,Yes,Yes,10,1,Nursing_Facility,0,1,0.6259638861202353
74,Other,126/88,287,31.9,Yes,No,1,6,Home,1,0,0.44485131481280377
48,Female,147/100,180,24.3,No,No,5,3,Rehab,0,1,0.5578731769489506
63,Female,154/71,254,25.8,No,No,2,2,Home,0,0,0.4184823008483574
57,Other,143/80,235,32.6,No,No,2,2,Home,0,0,0.410286910470516
28,Male,122/81,298,32.8,Yes,Yes,10,5,Home,0,0,0.4879512598819344
56,Other,138/98,255,22.7,Yes,No,6,4,Rehab,0,1,0.6242554103429087
31,Male,115/87,264,22.7,Yes,Yes,5,7,Home,0,0,0.4922441145605473
89,Female,158/88,237,21.8,Yes,Yes,8,4,Nursing_Facility,1,1,0.6239283579332723
29,Male,129/92,256,22.4,No,No,6,9,Home,0,0,0.4197347029536671
48,Other,112/81,153,21.7,Yes,Yes,4,9,Home,0,0,0.47670103105225275
79,Male,144/95,154,26.8,Yes,Yes,5,3,Home,0,0,0.46653641913412336
19,Other,154/83,237,20.3,Yes,Yes,7,1,Home,0,0,0.4961213077277918
73,Other,112/71,249,38.3,Yes,Yes,10,10,Rehab,0,1,0.6198482284941195
56,Male,125/92,255,19.9,Yes,Yes,7,3,Home,0,0,0.4922827606346961
20,Male,153/90,154,23.7,No,No,3,1,Home,0,0,0.4038825140159059
46,Male,119/74,212,35.6,No,Yes,4,7,Home,0,0,0.4340654670360616
47,Female,121/92,237,19.6,No,Yes,10,7,Home,0,0,0.4543135718471851
85,Other,117/100,223,20.9,No,No,5,9,Home,0,0,0.4164741709988006
59,Male,131/84,248,22.0,Yes,Yes,1,5,Rehab,0,1,0.6356108272989621
24,Other,146/99,224,26.7,Yes,No,4,4,Home,0,0,0.44649098724987407
66,Male,129/73,269,33.1,Yes,No,1,1,Home,0,0,0.447812900438461
74,Other,145/71,295,27.0,No,No,8,6,Home,0,0,0.43892069926227656
84,Female,116/80,219,22.0,No,Yes,8,3,Home,0,0,0.45135234409970576
90,Other,149/100,164,19.8,No,No,6,2,Home,0,0,0.42463531997794113
75,Other,130/76,207,27.3,No,Yes,0,3,Home,0,0,0.44716550547553613
60,Other,128/86,169,37.0,No,No,4,9,Nursing_Facility,0,1,0.5398581750519161
38,Male,134/96,232,37.5,Yes,No,0,4,Home,0,0,0.42229424873041327
81,Other,140/96,171,32.7,Yes,No,9,3,Home,0,0,0.44548747261946803
86,Male,136/73,212,24.0,No,Yes,0,6,Nursing_Facility,0,1,0.5812129380829578
40,Other,123/96,248,29.7,No,Yes,3,6,Nursing_Facility,0,1,0.5827529821275786
33,Male,143/72,174,35.1,No,No,3,9,Home,0,0,0.3831060097130216
23,Other,116/75,237,38.4,Yes,No,4,5,Home,0,0,0.4320095484671763
24,Female,142/94,251,37.1,No,No,10,8,Home,0,0,0.3956754097337187
64,Other,123/79,189,32.1,No,No,5,6,Rehab,0,1,0.5627492852304682
36,Male,128/89,217,38.0,No,Yes,9,5,Home,1,0,0.42930905689327753
83,Other,142/76,279,30.0,Yes,No,4,5,Home,0,0,0.4515324873071258
43,Male,127/89,177,35.2,No,Yes,5,1,Home,0,0,0.4277751216433341
68,Male,145/99,155,29.2,No,No,6,3,Rehab,0,1,0.551997732444707
83,Male,124/75,175,30.8,Yes,No,7,9,Home,0,0,0.42513204550415434
61,Female,156/93,253,25.4,Yes,Yes,10,3,Rehab,1,1,0.6532436342642514
84,Male,132/82,213,22.7,Yes,No,0,8,Home,0,0,0.43603878074980046
52,Female,123/90,265,23.6,No,Yes,3,10,Nursing_Facility,0,1,0.5838776959277241
22,Male,148/93,273,29.6,No,Yes,5,7,Home,0,0,0.4382855758783781
76,Male,154/94,169,26.0,No,Yes,8,2,Home,0,0,0.43665736537659716
71,Male,147/93,234,27.0,Yes,Yes,6,7,Home,0,0,0.4738941224288901
18,Other,116/79,295,36.4,No,No,2,7,Nursing_Facility,0,1,0.5417886863953413
82,Male,141/90,203,22.8,No,No,0,4,Rehab,0,1,0.5729519751368934
29,Male,127/83,205,31.7,Yes,Yes,3,3,Rehab,0,1,0.6206442707116738
83,Male,131/93,262,21.7,Yes,No,1,6,Home,0,0,0.46563052523239795
27,Male,134/87,216,32.7,Yes,No,9,7,Home,0,0,0.43318200322450373
56,Other,111/74,260,20.6,No,No,6,5,Home,0,0,0.42509368527080715
36,Male,134/83,255,25.7,No,Yes,2,3,Home,0,0,0.439667700526243
61,Male,143/90,245,21.5,Yes,No,4,5,Nursing_Facility,0,1,0.5833387462488732
21,Other,129/88,265,37.0,Yes,Yes,0,10,Home,1,0,0.4620610330416048
18,Male,124/100,239,32.7,Yes,Yes,10,10,Home,0,0,0.46417888395788565
86,Other,128/75,227,39.5,Yes,No,8,7,Home,0,0,0.4295938729060449
27,Male,141/74,241,35.3,No,No,7,4,Home,0,0,0.40058910429947997
28,Female,113/76,299,33.8,No,Yes,2,2,Home,0,0,0.4435417566059117
36,Female,133/87,214,31.2,No,No,7,9,Home,1,0,0.39397346683505996
36,Male,133/73,206,25.0,Yes,Yes,0,2,Home,0,0,0.4685431215363492
71,Female,124/97,214,34.3,No,No,6,2,Home,0,0,0.4090002579969731
54,Female,122/91,262,35.9,No,No,5,7,Home,1,0,0.39548897148430545
25,Other,115/94,207,27.4,Yes,Yes,9,8,Home,0,0,0.48359179128886415
20,Female,112/90,294,35.8,No,Yes,6,5,Home,0,0,0.44682889354974875
64,Other,145/73,249,31.5,Yes,Yes,1,3,Home,0,0,0.47225717622632535
75,Other,148/77,282,39.6,No,Yes,9,6,Nursing_Facility,0,1,0.5855752616160141
34,Female,128/90,226,31.3,No,No,0,6,Home,0,0,0.41260767844165686
41,Male,136/75,246,28.6,No,Yes,3,6,Home,0,0,0.4413499537434617
54,Male,110/100,264,23.5,Yes,No,2,7,Home,0,0,0.44232650420526043
39,Female,148/86,219,22.5,No,No,3,4,Nursing_Facility,0,1,0.5506919573319339
30,Female,117/71,219,23.6,No,No,0,1,Home,0,0,0.41143448886092293
58,Female,143/75,193,35.7,No,No,8,2,Home,0,0,0.3962336181351708
68,Female,153/97,228,26.2,Yes,Yes,8,6,Home,0,0,0.48884969189386457
26,Female,145/77,241,31.6,No,No,5,5,Home,0,0,0.41081849896333056
56,Other,128/93,202,29.0,No,No,9,8,Home,0,0,0.4143597418813233
25,Other,124/70,170,18.1,No,Yes,3,9,Home,0,0,0.4442717538742669
41,Other,128/85,265,23.2,No,Yes,10,10,Home,0,0,0.45929249907140746
84,Other,134/70,164,36.8,Yes,Yes,4,7,Home,0,0,0.4522353694081103
59,Other,121/96,286,37.2,Yes,Yes,0,5,Home,0,0,0.46319789953860174
74,Male,145/80,248,21.1,Yes,Yes,2,9,Home,0,0,0.4866391807728793
25,Female,131/76,176,31.5,Yes,Yes,7,8,Home,0,0,0.46209234442254804
32,Male,115/86,220,18.5,Yes,Yes,6,3,Home,0,0,0.490891992950561
41,Male,111/71,289,38.2,No,Yes,4,2,Home,0,0,0.4282211098907977
63,Other,143/89,169,20.6,No,Yes,5,10,Home,0,0,0.4555285549872665
86,Other,141/98,276,28.1,No,No,8,2,Home,0,0,0.43189287404852666
18,Male,116/78,267,36.7,Yes,No,1,7,Rehab,0,1,0.5943112314851232
37,Male,152/89,163,21.7,Yes,No,5,3,Home,0,0,0.4443259274654323
87,Other,154/82,257,35.7,No,Yes,8,9,Nursing_Facility,0,1,0.5715081057893585
32,Female,156/89,202,24.0,No,No,3,1,Home,0,0,0.4097653925901645
90,Female,149/87,248,21.7,Yes,Yes,8,8,Home,0,0,0.4870738883201798
79,Female,128/91,189,22.2,No,Yes,7,10,Home,0,0,0.4528325241063034
63,Other,125/85,198,22.9,Yes,Yes,10,6,Home,0,0,0.49159435010728764
90,Other,127/85,267,40.0,Yes,No,10,10,Home,0,0,0.44064104528761583
73,Other,134/72,256,25.8,Yes,No,7,3,Home,0,0,0.4574114296133083
28,Female,133/79,194,30.6,Yes,No,9,10,Nursing_Facility,0,1,0.5695333149055931
64,Female,120/77,187,26.8,Yes,Yes,0,4,Home,0,0,0.4705214069111937
50,Other,128/100,246,19.2,Yes,Yes,2,4,Rehab,0,1,0.6433368200301389
85,Male,119/94,243,21.6,No,No,3,6,Nursing_Facility,0,1,0.5550881152156044
49,Other,119/84,196,24.4,Yes,Yes,9,4,Rehab,0,1,0.6566827697521427
89,Male,124/79,272,40.0,No,Yes,0,7,Home,0,0,0.43178385151876225
79,Male,153/77,266,33.8,No,Yes,6,7,Home,0,0,0.4311232010296458
47,Female,133/79,281,19.7,Yes,No,9,1,Home,1,0,0.46155041174532135
64,Other,126/88,152,28.3,No,No,10,10,Nursing_Facility,1,1,0.5417543653509002
44,Male,157/75,206,27.4,No,No,10,7,Home,0,0,0.4138650350191451
51,Other,142/83,266,27.3,Yes,No,9,6,Home,0,0,0.4565507412720029
48,Female,143/87,191,18.4,No,Yes,2,9,Home,0,0,0.44702770514465945
61,Male,124/74,151,25.3,No,No,0,6,Rehab,0,1,0.5556229618589279
38,Female,130/87,193,29.2,Yes,Yes,2,2,Rehab,0,1,0.6332840386529762
60,Female,120/96,180,23.4,Yes,No,4,6,Home,0,0,0.4418704760647073
48,Female,128/98,241,18.8,Yes,No,2,4,Home,0,0,0.45189188405082253
51,Male,141/85,182,22.8,No,Yes,3,6,Home,0,0,0.43197397647713737
44,Other,132/84,256,34.0,Yes,No,1,2,Home,0,0,0.43634188406283525
73,Other,133/82,275,37.0,Yes,No,5,9,Nursing_Facility,0,1,0.5760868659347439
75,Male,138/100,260,30.5,Yes,Yes,5,2,Rehab,0,1,0.6347647059723285
57,Female,152/90,279,34.0,No,No,0,3,Home,0,0,0.3937788411794826
86,Male,145/73,229,37.9,Yes,No,8,5,Home,0,0,0.4219829583299908
67,Female,157/79,229,31.6,Yes,Yes,0,1,Home,0,0,0.4776405047212239
83,Other,138/96,160,21.3,Yes,No,0,6,Home,0,0,0.4491442067008693
57,Other,112/80,185,18.3,Yes,Yes,5,1,Home,0,0,0.4963073962303166
53,Male,155/71,239,25.1,Yes,No,5,9,Nursing_Facility,1,1,0.5844468688823701
75,Other,111/75,168,24.4,No,No,0,6,Home,0,0,0.4097646912004282
44,Male,144/86,168,31.8,No,Yes,3,10,Nursing_Facility,0,1,0.559688094279748
33,Female,123/97,208,32.6,Yes,Yes,0,2,Rehab,0,1,0.6156316263405714
38,Female,118/75,221,39.5,Yes,No,0,9,Home,0,0,0.41411195854162997
41,Male,113/71,171,18.6,Yes,Yes,8,2,Home,0,0,0.4854363459853291
74,Other,160/76,162,18.5,No,No,5,9,Home,0,0,0.42025308692201735
34,Male,156/99,150,27.0,Yes,Yes,4,7,Home,0,0,0.4669580196175681
66,Female,134/70,205,30.4,Yes,Yes,8,2,Home,0,0,0.4654885718393908
78,Male,149/73,250,33.6,No,Yes,2,1,Rehab,1,1,0.5931938969040862
42,Other,118/80,252,20.8,Yes,No,4,3,Home,0,0,0.46136637212341386
22,Female,148/100,203,31.9,Yes,Yes,1,9,Home,0,0,0.46252094417001205
54,Female,146/87,299,32.2,Yes,No,7,9,Home,0,0,0.4377156408408725
37,Male,129/96,204,39.0,Yes,No,4,6,Home,0,0,0.41680838876005233
54,Female,129/80,164,23.7,Yes,No,2,8,Home,0,0,0.4475765484310712
20,Male,121/71,210,22.8,No,Yes,1,9,Home,0,0,0.44648376539174583
27,Female,127/82,265,28.2,No,No,1,10,Home,0,0,0.40029677324822327
52,Other,123/80,247,34.7,Yes,No,1,3,Rehab,0,1,0.5917097260872958
35,Female,111/83,164,21.9,Yes,Yes,3,1,Rehab,0,1,0.6410734359230208
69,Female,133/86,203,25.8,Yes,Yes,2,4,Home,0,0,0.46660441422436305
30,Male,122/79,211,21.9,Yes,Yes,8,1,Home,0,0,0.48273437449401874
60,Other,111/82,245,19.8,Yes,Yes,0,10,Rehab,0,1,0.6570343909076809
53,Male,117/91,242,23.3,No,No,10,1,Home,0,0,0.42776865857576096
21,Female,155/71,174,37.6,Yes,Yes,10,1,Home,0,0,0.45690020947990817
80,Female,112/99,198,23.6,Yes,No,6,5,Home,1,0,0.44080629830227086
19,Other,134/79,288,39.6,No,No,2,3,Nursing_Facility,0,1,0.5348102912872273
73,Male,138/98,191,25.6,No,Yes,6,7,Home,0,0,0.4447595707643456
55,Female,150/74,247,27.5,Yes,Yes,1,3,Home,0,0,0.4844268870391722
55,Male,121/86,259,22.7,No,No,10,2,Home,0,0,0.4274717335817388
81,Male,134/78,249,33.3,No,Yes,0,10,Home,0,0,0.42245499088431376
25,Female,126/73,161,25.9,No,No,5,9,Nursing_Facility,0,1,0.5373717896657721
53,Other,120/81,243,30.6,No,No,8,9,Home,0,0,0.4099722952527938
42,Other,157/98,252,29.3,Yes,Yes,10,6,Home,0,0,0.4832006600049194
73,Male,157/94,211,25.1,No,Yes,10,4,Home,0,0,0.4514178897523731
22,Male,138/86,176,22.9,Yes,No,9,2,Home,0,0,0.4416317703789644
78,Other,111/70,169,38.9,Yes,Yes,3,7,Home,0,0,0.46939095182015533
20,Female,120/98,164,28.7,Yes,Yes,5,8,Home,0,0,0.4673419678941813
69,Male,114/81,192,34.7,Yes,Yes,4,1,Home,0,0,0.4639878119018982
39,Other,134/95,177,27.1,No,Yes,6,3,Home,0,0,0.45155256587120074
68,Other,153/92,238,21.8,Yes,Yes,6,2,Home,0,0,0.4951945484292502
79,Male,146/78,189,19.1,No,No,6,9,Home,0,0,0.41266378096779094
60,Male,129/86,191,23.6,No,Yes,0,7,Home,0,0,0.43388276558265876
49,Male,137/97,161,20.6,No,No,0,5,Home,0,0,0.4115874273724114
85,Other,140/91,201,31.0,No,No,1,7,Home,0,0,0.408159053134514
88,Female,125/94,236,23.9,Yes,Yes,9,3,Home,0,0,0.48862675402046823
24,Other,149/74,175,30.3,No,No,3,5,Home,0,0,0.39437207745580893
80,Other,141/89,226,21.8,Yes,Yes,7,2,Home,0,1,0.5015580584670751
45,Male,139/70,292,22.1,No,Yes,10,10,Home,0,0,0.46391424341947457
49,Male,112/96,239,28.5,Yes,Yes,7,1,Nursing_Facility,0,1,0.6172666773862461
28,Male,147/94,202,35.4,No,No,7,2,Home,0,0,0.4029069950581575
21,Male,149/89,177,22.3,No,No,7,10,Rehab,0,1,0.5648468795636541
33,Female,119/93,193,33.7,Yes,Yes,0,10,Rehab,1,1,0.6209777577572358
60,Male,130/89,221,21.0,No,No,6,2,Home,0,0,0.41951660857443474
54,Female,138/91,209,21.2,No,Yes,6,6,Home,0,0,0.4444920122545091
20,Female,144/97,219,39.6,No,No,2,6,Home,0,0,0.39280252997705084
90,Other,142/90,187,18.9,Yes,Yes,1,6,Home,0,0,0.48866556419029455
83,Male,130/95,294,24.7,No,No,2,6,Nursing_Facility,1,1,0.5625858847622593
35,Male,146/73,170,37.4,Yes,Yes,4,8,Nursing_Facility,0,1,0.6052512685404757
34,Female,123/98,195,26.0,No,No,10,4,Home,0,0,0.40574025690355375
72,Female,152/70,241,33.6,No,Yes,7,8,Rehab,0,1,0.5976405214415298
65,Other,140/72,271,35.8,No,No,5,9,Home,0,0,0.42132263617216714
54,Other,122/98,264,25.8,Yes,Yes,3,6,Home,0,0,0.4838789938577441
66,Other,131/78,175,20.8,Yes,Yes,3,10,Rehab,0,1,0.6395136708505028
81,Other,120/74,189,37.6,Yes,No,10,8,Nursing_Facility,0,1,0.5671765061763339
78,Male,160/84,185,24.4,No,No,0,7,Home,0,0,0.4024827576128511
40,Other,155/75,258,38.2,Yes,Yes,2,4,Rehab,0,1,0.6200672908959176
61,Male,114/79,179,28.4,No,No,2,5,Rehab,0,1,0.5595576838815678
59,Female,144/70,299,30.6,Yes,No,3,5,Rehab,0,1,0.5982507566809747
58,Male,133/84,277,23.2,No,No,2,4,Home,0,0,0.4196602135032677
51,Female,126/93,286,29.9,Yes,Yes,8,8,Home,0,0,0.4725150522004727
73,Other,133/86,285,22.0,Yes,No,0,7,Rehab,0,1,0.6108160489512885
27,Female,137/82,260,31.3,Yes,Yes,7,9,Home,0,0,0.46764583059330667
70,Female,134/100,243,19.7,Yes,Yes,0,6,Home,0,0,0.49310339344734044
69,Male,128/81,218,31.6,No,Yes,7,7,Home,0,0,0.43356893135714814
19,Female,122/90,292,33.6,No,Yes,7,7,Home,1,0,0.43913739619505804
59,Other,157/96,217,34.5,Yes,Yes,9,3,Nursing_Facility,0,1,0.6092600293059601
56,Other,157/95,201,32.5,Yes,Yes,1,5,Home,1,0,0.47447687856380505
61,Male,135/82,155,36.3,No,No,2,5,Rehab,0,1,0.5497661986241174
63,Female,135/93,152,18.3,No,No,7,6,Rehab,0,1,0.5788475785454813
45,Other,154/79,167,27.7,Yes,No,10,3,Home,0,0,0.45064976415378305
80,Female,115/79,218,35.3,No,No,10,10,Home,0,0,0.3885413734600539
51,Other,137/76,176,28.3,Yes,Yes,6,3,Home,0,0,0.47260999994720787
46,Female,149/87,184,31.8,No,No,7,8,Home,0,0,0.3928176636618866
77,Female,112/72,195,34.8,Yes,No,5,10,Rehab,1,1,0.5896356916337383
88,Male,122/83,236,37.7,Yes,No,1,4,Home,0,0,0.4215655469780243
60,Female,142/77,213,20.2,No,No,3,8,Rehab,0,1,0.5693035963993406
37,Male,128/97,230,30.1,No,No,4,10,Home,0,0,0.39649730933417887
20,Male,131/98,192,18.6,No,No,0,3,Home,0,0,0.41738821814058974
62,Male,115/87,291,36.5,No,Yes,0,3,Home,0,0,0.4405053865491117
87,Other,140/89,235,39.0,No,Yes,8,5,Home,0,0,0.4272300886610814
81,Female,158/82,297,30.6,No,Yes,2,5,Home,0,0,0.4486083894685842
28,Female,155/76,299,27.8,Yes,Yes,10,1,Rehab,0,1,0.6415530564407043
62,Other,155/73,218,27.7,Yes,Yes,3,2,Home,0,0,0.4757581067192165
53,Male,141/81,152,22.8,Yes,No,6,10,Home,0,0,0.4404880310121725
84,Male,136/71,204,35.0,No,No,8,4,Home,0,0,0.39724781112766205
45,Male,113/96,210,27.9,No,No,1,8,Home,0,0,0.40646722963642246
76,Other,142/89,168,25.2,Yes,Yes,3,6,Home,1,0,0.4664852898787154
31,Other,138/71,215,26.0,Yes,No,2,8,Home,0,0,0.4372171796484695
50,Female,159/75,245,20.8,No,Yes,3,8,Home,0,0,0.4479107594634314
38,Male,110/100,236,32.2,No,Yes,8,9,Rehab,0,1,0.5856134218632704
37,Male,124/97,182,33.8,No,No,4,7,Nursing_Facility,0,1,0.5396124861508776
60,Female,122/72,260,18.7,Yes,Yes,4,8,Rehab,0,1,0.6526394391032312
83,Other,111/88,237,24.3,Yes,No,5,3,Home,0,0,0.4531368861898211
33,Male,155/75,295,34.9,No,No,10,5,Home,0,0,0.39919502245063804
69,Other,137/78,184,22.4,Yes,Yes,6,7,Home,0,0,0.4883608272627092
77,Female,150/97,201,39.4,No,No,4,2,Home,0,0,0.39435688953696196
63,Male,132/73,235,20.7,No,Yes,8,1,Home,1,0,0.4675790844259448
47,Other,153/96,276,29.6,No,No,1,3,Rehab,0,1,0.5805909587192095
81,Other,136/78,194,35.3,No,Yes,9,8,Home,0,0,0.4403360604385671
54,Male,115/77,293,20.9,Yes,No,4,7,Home,0,0,0.45609691805350466
59,Male,120/84,204,32.4,Yes,No,10,10,Home,0,0,0.42567593855977787
53,Other,135/90,257,18.3,Yes,Yes,4,8,Rehab,0,1,0.6556947549787341
32,Other,110/97,279,25.4,No,No,5,5,Home,0,0,0.4253419496134147
59,Other,145/77,287,35.0,Yes,Yes,4,7,Nursing_Facility,0,1,0.6249421736096112
87,Other,136/96,192,34.1,No,No,6,10,Rehab,0,1,0.5598093817850959
31,Female,129/73,271,27.6,Yes,Yes,2,2,Rehab,0,1,0.6474469636352973
58,Male,122/91,217,21.9,No,Yes,4,9,Home,0,0,0.4413200384967791
82,Other,120/86,205,22.8,No,Yes,5,1,Home,0,0,0.4617960827673307
51,Other,157/87,263,37.5,Yes,Yes,8,9,Rehab,0,1,0.6315422800903807
51,Other,148/79,200,39.2,Yes,Yes,3,9,Home,0,0,0.44731263290615864
42,Other,152/97,227,21.9,No,No,7,4,Home,0,0,0.4306627419985613
61,Other,131/96,188,23.7,No,Yes,7,7,Home,0,0,0.4458657166933944
24,Male,135/73,171,33.0,No,No,1,4,Rehab,0,1,0.5775820670176682
22,Female,160/75,260,28.7,No,No,5,1,Rehab,0,1,0.5724359173222078
66,Female,136/80,295,25.7,No,No,10,3,Home,0,0,0.4326734972098934
51,Male,110/100,299,23.9,Yes,Yes,2,5,Home,0,0,0.48128395378403505
32,Male,115/90,264,25.0,No,Yes,7,3,Home,0,0,0.45071274818632245
88,Female,128/73,177,36.5,No,No,2,6,Home,0,0,0.38662774553561186
67,Male,156/89,222,30.4,Yes,No,8,6,Home,0,0,0.43652075287433434
81,Male,152/87,222,37.3,No,No,2,8,Home,0,0,0.3820202698413206
85,Male,142/84,260,34.4,Yes,Yes,9,5,Home,1,0,0.47131314263997015
69,Male,123/90,158,33.4,No,No,2,3,Home,0,0,0.383239328893188
56,Female,148/71,169,34.5,No,Yes,8,7,Home,0,0,0.4279071185341247
66,Other,157/83,188,22.2,Yes,Yes,3,1,Rehab,0,1,0.6402504340957762
27,Male,123/70,251,38.0,No,No,1,10,Home,0,0,0.3874475207376621
83,Other,133/87,174,29.2,Yes,Yes,3,4,Home,0,0,0.46802448492997506
70,Male,135/92,174,27.8,Yes,No,4,9,Home,0,0,0.4294759788620223
73,Female,157/86,261,35.1,No,No,0,9,Home,0,0,0.3978961618880163
66,Other,114/87,172,39.2,Yes,Yes,6,9,Rehab,0,1,0.6230262197305608
44,Female,159/78,288,34.7,Yes,No,7,9,Rehab,0,1,0.605243661232613
74,Other,135/85,282,28.4,Yes,No,9,1,Rehab,0,1,0.6231535943024703
64,Female,123/82,276,29.9,Yes,Yes,0,8,Home,1,0,0.4748048198395396
20,Other,150/75,225,22.1,No,Yes,2,5,Home,1,0,0.46197168862812527
73,Male,134/80,258,33.1,No,Yes,5,5,Nursing_Facility,0,1,0.5789714924874925
42,Male,148/96,183,38.9,Yes,Yes,10,6,Rehab,1,1,0.6022078040943244
39,Female,121/94,300,35.3,Yes,Yes,7,10,Home,0,0,0.4807809904736686
67,Male,118/96,163,38.3,No,No,10,3,Rehab,0,1,0.5571689988254648
45,Other,124/89,203,19.8,Yes,Yes,5,8,Home,0,0,0.48692021252944395
28,Male,148/89,170,40.0,Yes,No,1,1,Home,1,0,0.40779894790056176
73,Male,154/76,170,28.7,No,Yes,10,4,Rehab,1,1,0.6092420321930833
25,Male,139/99,244,36.6,No,No,9,10,Home,0,0,0.3998332585140938
36,Female,140/76,208,24.0,No,Yes,3,4,Home,0,0,0.44346077921903737
78,Male,111/77,151,25.1,Yes,Yes,0,6,Home,0,0,0.46979436766846244
64,Male,124/92,262,29.9,No,No,5,6,Home,1,0,0.41720355269529785
65,Other,134/95,168,34.2,Yes,No,10,6,Rehab,0,1,0.6009413089364142
81,Male,121/82,207,28.6,No,No,8,6,Home,0,0,0.40747693996117174
75,Male,116/71,191,24.3,No,No,1,2,Home,0,0,0.4132895386219782
24,Female,113/82,214,18.3,Yes,No,1,9,Home,0,0,0.45178454332721474
27,Female,155/70,235,36.8,No,No,7,10,Home,0,0,0.3978574044771557
84,Male,133/81,300,29.8,Yes,Yes,6,7,Home,1,0,0.4717202803563749
25,Male,128/73,154,22.8,No,Yes,6,10,Home,0,0,0.4329456088009572
74,Female,110/85,275,39.3,Yes,Yes,6,2,Rehab,0,1,0.6291368936074317
55,Other,155/99,272,37.5,No,Yes,3,7,Home,0,0,0.4447817966845715
81,Other,157/77,297,35.4,No,No,0,1,Home,0,0,0.40599817749496436
25,Female,154/71,253,37.8,No,Yes,6,3,Nursing_Facility,1,1,0.5746942710077696
84,Male,145/74,182,31.9,Yes,No,10,6,Rehab,0,1,0.6072501003463054
24,Male,142/99,169,22.8,No,No,7,3,Home,0,0,0.40247536996783495
85,Other,126/97,154,24.3,No,No,9,5,Home,0,0,0.42686234419709945
60,Other,146/83,178,24.3,Yes,Yes,10,10,Home,0,0,0.48612854975755104
60,Male,147/92,166,21.3,Yes,Yes,2,4,Home,0,0,0.47286714809720637
83,Female,129/84,237,29.8,No,No,0,1,Rehab,0,1,0.5756698617652782
48,Male,135/94,244,23.1,Yes,No,6,1,Home,0,0,0.4493483383934356
49,Other,148/71,278,38.8,Yes,Yes,8,1,Home,0,0,0.47812308601254155
73,Female,131/71,200,22.8,Yes,Yes,1,4,Home,0,0,0.4823743071749728
78,Female,127/93,255,33.0,Yes,No,2,1,Home,0,0,0.4447954648026177
50,Male,142/86,277,20.7,Yes,No,2,7,Home,0,0,0.4475007771091533
22,Female,145/82,211,19.9,Yes,No,0,2,Rehab,0,1,0.6131140184693541
45,Female,155/72,171,34.3,No,Yes,8,8,Home,0,0,0.4210258098187786
70,Female,137/89,198,28.6,Yes,Yes,0,4,Home,0,0,0.4701872035843849
81,Male,128/88,221,20.9,No,No,6,3,Rehab,0,1,0.594137922701247
54,Female,136/84,286,28.2,Yes,Yes,1,1,Home,1,0,0.48469060892800514
53,Other,150/95,277,26.8,Yes,Yes,0,4,Nursing_Facility,1,1,0.6183036235859484
78,Male,111/72,285,32.5,Yes,No,7,4,Home,0,0,0.44219681377891407
30,Male,114/79,288,38.4,No,No,3,5,Home,0,0,0.39810671745667864
50,Female,110/88,226,39.8,No,Yes,1,4,Home,1,0,0.41301801738429383
44,Male,152/86,199,39.9,Yes,No,2,1,Home,0,0,0.422976478029586
73,Female,137/73,210,19.8,Yes,No,3,10,Home,1,0,0.44534820498908984
67,Male,151/92,263,35.3,No,No,6,2,Home,0,0,0.3966511042313484
59,Other,124/100,269,32.8,No,Yes,4,7,Home,0,0,0.44094037137040043
26,Female,158/76,283,18.4,No,No,1,7,Home,0,0,0.42268987151857523
33,Male,152/71,280,33.6,No,Yes,2,7,Home,0,0,0.42873002429192475
80,Male,138/85,213,27.1,Yes,No,0,4,Home,0,0,0.4349936520691826
73,Male,124/97,238,21.5,Yes,Yes,8,7,Home,0,0,0.49709313083234286
70,Male,136/95,239,21.4,No,No,8,8,Home,1,0,0.4158880619711394
71,Other,115/70,193,18.1,Yes,Yes,5,2,Home,0,0,0.4958738935310684
80,Male,127/81,234,25.8,Yes,Yes,4,2,Home,0,0,0.47682597383435954
67,Male,119/91,262,24.9,No,No,8,8,Rehab,0,1,0.5799379078696196
45,Male,130/85,232,22.4,Yes,Yes,4,3,Home,0,0,0.47248358684806635
34,Other,131/92,268,35.5,No,No,0,4,Rehab,0,1,0.559249400880079
83,Male,152/95,265,28.2,Yes,Yes,1,8,Rehab,0,1,0.6291485266389548
76,Other,159/78,244,38.2,Yes,Yes,1,10,Home,0,0,0.4728922061147364
60,Male,148/92,232,32.6,No,Yes,1,9,Home,0,0,0.4342891738001633
75,Other,115/76,228,33.5,Yes,No,5,5,Nursing_Facility,0,1,0.5786064388817312
24,Female,137/85,290,34.1,Yes,No,0,8,Home,0,0,0.44534452189522583
56,Female,150/95,183,35.6,No,Yes,0,8,Home,0,0,0.41120507485715263
66,Other,151/95,249,36.8,Yes,No,3,7,Home,0,0,0.43387303960174445
64,Female,137/72,154,36.3,Yes,Yes,6,1,Nursing_Facility,1,1,0.5901401123304204
60,Other,146/92,159,24.8,Yes,No,2,4,Home,0,0,0.4429737693259087
48,Male,126/72,232,20.8,No,No,0,3,Home,1,0,0.43217699031321105
19,Other,112/70,253,31.0,No,No,8,3,Home,0,0,0.4082880861924941
90,Female,127/92,235,36.1,Yes,Yes,7,8,Home,0,0,0.4722538760979692
31,Male,155/94,228,38.2,Yes,No,1,4,Rehab,0,1,0.5795657805040473
20,Other,157/94,171,18.5,No,No,10,7,Home,0,0,0.4259585768459543
87,Male,150/79,257,24.5,No,No,2,1,Home,0,0,0.4232587351420999
20,Female,116/73,207,33.4,No,No,0,4,Rehab,0,1,0.5547419738349988
82,Other,121/84,205,32.8,Yes,No,3,6,Home,0,0,0.4276147508385378
74,Male,160/79,223,31.3,No,No,4,10,Home,0,0,0.4019429549924987
49,Female,132/93,179,27.5,Yes,No,0,7,Rehab,1,1,0.5920801304511782
77,Female,143/87,282,18.2,No,No,0,10,Rehab,0,1,0.5843100714544106
21,Female,115/75,182,34.1,Yes,Yes,2,2,Rehab,1,1,0.6215058339542063
60,Other,116/96,281,33.5,No,Yes,0,1,Home,0,0,0.44083010942592304
62,Other,114/91,158,21.1,Yes,Yes,8,4,Rehab,0,1,0.6423836677137061
62,Other,146/96,154,32.2,Yes,Yes,7,4,Home,0,0,0.48345860268268476
64,Female,160/97,266,21.6,No,No,0,2,Home,0,0,0.43794598510440774
44,Other,119/96,279,21.3,No,No,9,8,Rehab,0,1,0.5823795687127127
38,Female,121/82,216,19.6,No,No,5,9,Rehab,0,1,0.5785903573758473
77,Other,122/89,180,28.6,Yes,Yes,3,9,Rehab,0,1,0.627616927580208
42,Male,154/97,233,32.5,Yes,Yes,9,2,Home,0,0,0.4682372928596022
81,Female,111/98,198,23.4,Yes,No,5,3,Rehab,0,1,0.6039638747448125
25,Other,114/94,279,30.9,Yes,No,2,3,Home,0,0,0.4408535643612887
35,Male,139/79,176,31.1,No,Yes,5,5,Home,0,0,0.42529187980616023
73,Female,146/73,164,36.5,Yes,No,3,4,Home,0,0,0.43646976617336675
22,Other,126/74,279,37.8,No,No,0,1,Nursing_Facility,0,1,0.543261827591252
41,Female,113/75,229,25.7,Yes,Yes,7,4,Nursing_Facility,0,1,0.6228262256583137
46,Male,143/82,250,39.3,Yes,No,0,1,Home,0,0,0.4375982540519835
18,Female,148/88,175,30.5,Yes,No,8,8,Home,0,0,0.42138324132219845
53,Other,120/92,288,18.8,Yes,No,10,3,Home,0,0,0.47434952041112755
30,Other,144/98,202,28.8,Yes,Yes,0,9,Home,0,0,0.4675178581416435
27,Male,138/89,248,38.2,No,Yes,7,7,Home,0,0,0.43792019076952965
40,Male,160/91,193,39.1,No,Yes,5,5,Nursing_Facility,0,1,0.5602161018669684
41,Female,149/96,225,36.4,No,Yes,5,3,Rehab,0,1,0.5811303652556011
71,Male,123/89,170,25.6,No,No,1,6,Rehab,0,1,0.5554145845720418
72,Other,143/99,286,22.2,Yes,Yes,10,6,Home,0,0,0.4911090749361368
71,Male,154/80,261,34.9,No,No,6,4,Home,0,0,0.38646746778231367
88,Female,128/88,162,22.6,Yes,Yes,3,2,Home,1,0,0.49486098427760955
26,Male,151/91,185,24.1,No,Yes,7,1,Home,0,0,0.43572714221734526
69,Male,118/99,205,19.5,No,Yes,3,4,Home,0,0,0.4399990518512176
21,Male,136/90,181,32.1,No,Yes,3,10,Home,0,0,0.4189824516745194
46,Male,116/75,236,39.1,Yes,Yes,1,3,Home,1,0,0.4579962698997742
22,Female,146/75,289,34.9,Yes,No,10,10,Nursing_Facility,1,1,0.5733258562114597
47,Other,117/91,231,31.4,No,Yes,7,3,Home,0,0,0.45253267599685787
90,Other,141/74,194,22.6,No,Yes,3,6,Home,1,0,0.45479936987210706
73,Other,126/97,211,36.9,Yes,No,5,4,Home,0,0,0.447315088541193
67,Male,119/99,210,39.3,Yes,No,0,9,Home,0,0,0.4278238181607205
55,Female,142/89,167,29.2,Yes,Yes,1,10,Home,0,0,0.4507040759076452
46,Female,154/74,254,32.9,Yes,No,4,1,Nursing_Facility,0,1,0.5737146717983898
65,Female,132/97,285,35.1,Yes,Yes,3,5,Rehab,0,1,0.6355657008766893
63,Female,158/94,194,38.9,No,No,9,1,Home,0,0,0.3991531457458808
47,Other,118/97,258,25.6,Yes,Yes,2,1,Home,0,0,0.48492766668406256
36,Other,154/78,195,20.2,Yes,No,10,4,Nursing_Facility,0,1,0.6035289551709204
37,Female,137/87,265,31.1,No,No,4,1,Home,0,0,0.4145018206773389
36,Female,119/77,156,39.9,Yes,No,3,4,Rehab,0,1,0.5663912484378192
74,Other,138/75,247,25.1,Yes,Yes,5,7,Home,0,0,0.47498331624221346
42,Other,158/82,175,18.9,Yes,No,1,10,Home,1,0,0.4523029822851763
83,Other,127/82,172,32.0,Yes,No,1,1,Home,1,0,0.42921109210353847
54,Male,127/88,256,20.6,No,Yes,4,7,Home,0,0,0.45239746017917953
71,Other,113/90,203,21.4,Yes,No,3,9,Home,0,0,0.44840197669662046
19,Female,156/77,247,20.7,No,Yes,5,6,Home,0,0,0.44868512058042287
73,Male,147/91,223,29.6,Yes,Yes,6,5,Rehab,0,1,0.6359430925105597
61,Other,140/97,164,28.1,Yes,No,2,4,Home,0,0,0.43569718123352247
50,Female,134/96,260,21.1,Yes,Yes,10,7,Home,0,0,0.4911318825263893
37,Other,123/74,210,27.7,Yes,Yes,10,3,Home,0,0,0.495925729832347
56,Female,143/85,286,31.4,Yes,No,9,1,Home,0,0,0.4441757600883945
22,Other,125/79,295,18.4,Yes,Yes,3,3,Home,0,1,0.5003487381263303
74,Other,145/71,153,32.2,No,No,0,4,Rehab,1,1,0.5695482549410931
87,Female,134/88,180,32.5,Yes,Yes,2,9,Home,0,0,0.4642746754555311
87,Female,133/94,243,24.5,Yes,No,4,2,Home,0,0,0.44862945940334786
57,Female,123/84,163,19.0,No,Yes,9,7,Rehab,0,1,0.5986115092873385
18,Female,116/75,156,18.5,Yes,No,0,3,Home,0,0,0.4453944666759334
18,Other,137/76,223,31.2,Yes,Yes,0,7,Home,0,0,0.4676548200550552
80,Male,124/79,233,21.9,No,No,8,5,Rehab,0,1,0.584574914388758
30,Male,160/92,266,27.8,No,No,1,7,Home,0,0,0.40425002239085156
40,Female,120/78,239,27.8,No,Yes,4,2,Home,0,0,0.44538661717533673
54,Male,131/88,298,23.7,Yes,No,3,8,Home,1,0,0.4580133211969336
78,Female,146/73,244,38.8,No,Yes,4,2,Home,0,0,0.4442768697605368
86,Male,122/75,288,36.9,No,No,7,3,Home,0,0,0.39385408918855985
87,Other,159/87,191,20.6,No,Yes,9,6,Rehab,0,1,0.6164268036727154
54,Male,153/73,265,33.6,Yes,Yes,5,10,Home,0,0,0.4752828874423976
83,Other,153/93,211,33.0,No,Yes,9,10,Rehab,0,1,0.5982822906072436
88,Male,159/96,235,20.7,No,No,1,8,Home,0,0,0.41693736723169816
67,Female,127/94,162,32.9,No,No,3,9,Home,0,0,0.39381643157063806
75,Male,136/94,267,20.4,Yes,No,1,8,Home,0,0,0.45441117937258446
60,Female,122/70,293,39.2,Yes,No,9,8,Home,0,0,0.4221995605970049
48,Other,152/93,214,24.9,Yes,No,1,3,Home,0,0,0.446474901483252
85,Male,152/71,267,28.8,No,No,10,10,Rehab,0,1,0.5649477817525488
50,Other,123/95,268,38.8,No,Yes,4,8,Rehab,0,1,0.5936346312968658
55,Male,155/98,278,29.2,Yes,Yes,10,2,Home,0,0,0.4921929378577331
71,Other,148/85,265,38.0,Yes,No,8,1,Home,1,0,0.4432396833840628
57,Male,111/73,166,39.9,Yes,No,7,5,Home,0,0,0.4216358393045869
35,Male,138/87,206,29.9,Yes,No,10,6,Rehab,0,1,0.6006931459457645
60,Male,160/86,289,33.9,Yes,No,1,5,Rehab,0,1,0.604523145971579
75,Male,126/92,205,18.9,Yes,No,9,1,Home,0,0,0.4590341512371313
77,Female,126/87,264,35.6,Yes,Yes,6,1,Rehab,0,1,0.6184124917725858
79,Male,157/93,255,34.1,Yes,Yes,5,2,Home,0,0,0.4731480706430483
85,Female,130/81,300,36.4,No,No,4,5,Home,0,0,0.4151967572819454
32,Male,147/100,177,39.4,Yes,Yes,4,10,Home,0,0,0.43664950570175454
46,Other,152/100,239,36.2,Yes,No,10,6,Home,1,0,0.43218752170109526
56,Female,143/80,280,27.7,Yes,Yes,8,5,Home,0,0,0.4880829348471793
66,Other,150/75,269,22.8,No,Yes,6,2,Home,0,0,0.4721701359252856
85,Female,118/88,259,23.0,No,Yes,3,1,Home,0,0,0.45171755904428945
27,Male,146/85,152,36.8,Yes,Yes,5,3,Home,0,0,0.4586924240069375
65,Other,125/97,245,25.9,Yes,No,5,9,Nursing_Facility,0,1,0.5916021200830653
40,Female,139/82,195,26.1,Yes,No,10,6,Home,0,0,0.44035394131962363
89,Female,156/70,238,26.9,Yes,No,2,10,Home,1,0,0.45980207170906445
34,Other,127/79,270,22.1,No,Yes,10,4,Rehab,1,1,0.6272097561971467
36,Other,118/92,247,23.1,Yes,Yes,10,2,Home,0,0,0.4877983768510315
86,Other,132/87,292,38.2,No,No,8,10,Rehab,0,1,0.5666164453468526
75,Female,138/94,221,26.2,Yes,No,7,5,Home,0,0,0.46027463524320567
80,Female,144/79,197,26.9,No,Yes,2,4,Home,0,0,0.43578004538439674
74,Other,112/94,218,26.6,No,Yes,5,6,Home,0,0,0.4384087453936014
73,Other,130/92,223,18.3,Yes,No,3,6,Nursing_Facility,1,1,0.6090278327172814
41,Female,124/72,292,27.6,No,No,5,8,Rehab,0,1,0.5763868024703217
20,Other,133/82,210,27.7,Yes,Yes,4,4,Nursing_Facility,1,1,0.6146307977970499
72,Male,160/91,154,37.1,Yes,No,0,2,Nursing_Facility,1,1,0.5593500969727423
85,Other,149/100,178,24.2,No,Yes,3,6,Home,0,0,0.44989956955786403
67,Other,135/90,254,35.5,No,Yes,3,2,Home,1,0,0.4415385608198348
33,Other,126/85,189,25.5,No,No,0,7,Home,0,0,0.4065341012846193
69,Male,148/82,181,27.2,Yes,No,0,9,Home,0,0,0.42735919275927936
53,Female,159/90,284,35.5,No,No,6,7,Home,0,0,0.4058735965458725
35,Other,120/70,218,39.6,No,Yes,6,4,Rehab,0,1,0.5897298950530206
28,Female,144/89,224,21.1,Yes,No,1,4,Home,0,0,0.4534485097872102
37,Female,141/98,228,19.6,Yes,No,5,4,Home,0,0,0.4631945279217066
30,Female,146/86,268,37.0,No,Yes,4,10,Home,0,0,0.4154165645807918
80,Female,142/98,212,27.7,Yes,Yes,0,7,Nursing_Facility,0,1,0.6181055861041839
38,Female,110/82,254,26.2,Yes,No,0,5,Home,0,0,0.43138525116939225
19,Male,135/85,243,28.0,No,Yes,0,2,Home,0,0,0.4450853566919887
68,Male,146/71,209,37.9,No,Yes,5,4,Home,0,0,0.42989206942387587
72,Other,129/70,255,38.0,No,Yes,9,5,Nursing_Facility,1,1,0.5832211259723894
36,Other,146/90,286,34.2,No,Yes,5,1,Home,0,0,0.4444552347177801
47,Other,119/98,187,36.7,No,Yes,1,8,Nursing_Facility,0,1,0.582565692577923
37,Male,145/88,264,36.3,No,No,8,3,Nursing_Facility,0,1,0.5378271297583725
26,Other,122/74,175,37.0,Yes,No,4,8,Home,0,0,0.43169745428582756
54,Other,136/92,204,27.7,No,No,10,8,Rehab,0,1,0.5658204336254822
71,Other,146/93,257,37.9,Yes,Yes,2,7,Home,0,0,0.47471014785008
79,Other,155/76,165,25.7,No,Yes,2,6,Home,0,0,0.43733682733145046
43,Female,121/79,270,21.9,No,No,3,2,Home,1,0,0.4242945021981112
57,Other,154/96,192,21.6,No,No,2,5,Home,1,0,0.4090687017422512
77,Other,151/94,235,39.0,Yes,Yes,1,5,Home,0,0,0.46607400642810437
25,Female,125/100,286,38.9,No,Yes,2,6,Home,0,0,0.4185043093468155
54,Other,151/79,255,35.4,No,No,5,8,Home,0,0,0.4014369267182165
29,Male,152/87,174,29.0,No,Yes,4,5,Home,0,0,0.42162542531018293
68,Male,157/74,171,30.7,No,Yes,6,8,Home,0,0,0.43543203133082153
58,Female,120/80,189,25.3,Yes,Yes,3,2,Home,1,0,0.4797184364830589
85,Male,130/70,234,31.1,Yes,Yes,8,5,Home,0,0,0.47314048051653884
31,Male,138/81,268,33.0,Yes,No,2,4,Home,0,0,0.44290352279331
47,Male,156/75,238,29.1,No,Yes,5,9,Home,0,0,0.42525338998961293
40,Female,152/70,169,20.7,No,Yes,9,10,Home,0,0,0.4475064601836242
75,Female,157/99,187,31.2,No,No,10,8,Home,0,0,0.40542910253776304
25,Female,119/87,195,19.2,No,No,6,7,Home,0,0,0.4078132234491661
34,Male,133/93,264,22.9,Yes,No,4,5,Home,0,0,0.45663474190332215
70,Male,141/74,233,36.2,No,No,9,2,Home,0,0,0.4020935869695754
84,Other,131/96,173,24.8,No,Yes,8,8,Home,0,0,0.44331536406705907
49,Male,119/93,209,31.9,Yes,Yes,3,5,Home,0,0,0.47035392451618585
51,Female,157/72,241,27.5,Yes,No,6,8,Home,0,0,0.4341197167248546
70,Other,143/78,278,39.5,Yes,No,10,1,Home,0,0,0.4394146119191612
57,Female,160/73,221,29.0,No,No,2,9,Home,0,0,0.4010095351308177
66,Male,134/87,189,26.5,Yes,No,8,2,Rehab,1,1,0.6020895643229309
70,Male,139/94,153,38.1,Yes,No,4,2,Home,0,0,0.41993369907964817
83,Male,124/75,170,28.3,Yes,Yes,4,9,Home,0,0,0.46080675206578314
22,Female,159/83,150,34.3,No,Yes,2,4,Home,1,0,0.4087837864205034
60,Male,130/91,228,20.7,Yes,No,7,8,Rehab,0,1,0.60777938204122
49,Other,112/99,277,34.5,Yes,Yes,1,10,Home,0,0,0.4674306490944908
49,Female,132/78,221,25.9,No,Yes,1,6,Home,0,0,0.4467921388688448
73,Other,130/77,273,23.9,No,Yes,10,5,Rehab,0,1,0.6169452110353515
77,Female,117/76,276,27.8,Yes,Yes,5,5,Rehab,0,1,0.6401037219159667
77,Other,123/100,248,23.0,Yes,No,10,6,Rehab,0,1,0.6156547324931804
57,Male,130/86,266,20.1,No,Yes,3,9,Home,0,0,0.4492890842971148
54,Other,122/82,175,22.4,Yes,No,0,3,Home,0,0,0.4445653961859715
60,Other,133/88,258,31.4,No,Yes,6,1,Home,1,0,0.44718553279679996
36,Other,124/77,228,31.9,No,Yes,10,9,Nursing_Facility,1,1,0.5928910547455917
66,Other,123/86,212,24.8,No,Yes,6,6,Rehab,0,1,0.6146696691993041
30,Male,118/92,271,37.4,Yes,Yes,9,8,Home,0,0,0.45755566795499414
30,Female,116/72,273,20.4,No,No,2,8,Home,0,0,0.4299240507269461
50,Male,111/76,172,33.1,Yes,No,9,8,Home,0,0,0.4173931084335613
50,Other,145/78,159,23.4,Yes,Yes,8,1,Home,0,0,0.4995351347065893
80,Female,130/89,249,32.1,No,No,6,9,Home,0,0,0.4056594867437941
39,Other,135/86,272,21.3,No,Yes,0,10,Home,0,0,0.46645510891184944
37,Other,134/83,165,18.3,Yes,No,7,3,Home,0,0,0.45000642854817957
55,Male,121/93,286,23.6,No,No,10,4,Home,1,0,0.42465140045996674
43,Other,139/86,276,20.5,No,Yes,6,4,Rehab,0,1,0.6163464374618232
23,Other,146/90,166,35.0,Yes,No,7,10,Home,0,0,0.4245322631284578
37,Male,124/99,150,33.3,Yes,No,6,10,Home,0,0,0.42110934508190256
48,Female,132/98,244,37.6,No,No,10,3,Home,0,0,0.40047635249038516
88,Other,135/100,242,38.5,Yes,No,1,10,Home,0,0,0.42974948459717544
38,Other,124/91,265,37.5,No,No,4,8,Home,0,0,0.3933209909714552
68,Male,131/86,184,28.2,No,Yes,6,6,Home,0,0,0.43565304774304525
64,Other,143/84,191,35.7,No,No,6,10,Rehab,0,1,0.5600683901333445
46,Male,119/84,226,35.2,Yes,Yes,0,9,Rehab,0,1,0.631455742683475
73,Male,150/82,165,29.7,Yes,Yes,10,1,Nursing_Facility,1,1,0.608377874319659
19,Other,136/72,232,34.8,Yes,No,4,8,Home,0,0,0.43114046651481985
22,Other,122/86,202,37.5,No,Yes,2,9,Home,0,0,0.4134672060940031
22,Male,125/93,240,28.2,Yes,Yes,2,9,Home,0,0,0.48989832534246436
80,Female,128/79,222,28.9,No,No,9,9,Home,0,0,0.4029451588039156
62,Male,149/80,292,29.3,No,No,4,7,Home,0,0,0.41430781547889284
42,Male,155/70,216,20.1,No,No,7,1,Home,1,0,0.4237653304190051
53,Female,132/76,293,32.3,No,No,5,9,Rehab,0,1,0.5724910772152851
22,Other,125/86,251,36.6,No,Yes,4,9,Home,0,0,0.4386850133726654
34,Other,128/94,260,36.9,No,Yes,3,8,Rehab,0,1,0.5856370130082575
59,Male,123/83,216,34.5,No,Yes,9,3,Home,0,0,0.4303269558692878
44,Other,154/98,218,23.9,No,No,2,6,Home,0,0,0.41999545987064507
21,Female,130/98,153,25.3,No,Yes,2,1,Nursing_Facility,0,1,0.5668302089979994
45,Male,120/92,159,18.3,No,Yes,6,1,Home,0,0,0.4491686179126471
80,Other,137/77,280,35.2,Yes,Yes,3,3,Home,0,0,0.4930782831292731
45,Female,159/77,201,29.0,No,Yes,2,6,Rehab,0,1,0.5916251732059772
64,Female,157/72,182,20.2,No,No,8,7,Rehab,0,1,0.5649721168741771
86,Other,148/90,254,29.8,No,No,5,5,Nursing_Facility,0,1,0.5433811253137384
42,Other,125/82,275,34.6,Yes,No,3,4,Nursing_Facility,0,1,0.5898701986847262
59,Female,123/98,171,26.6,No,Yes,8,10,Home,0,0,0.43255498361698774
20,Male,141/99,230,19.9,No,No,6,6,Home,0,0,0.40980355033123544
44,Other,118/80,299,26.9,No,No,2,2,Nursing_Facility,0,1,0.5641683173551592
84,Male,153/96,283,36.3,No,No,9,4,Rehab,0,1,0.5691260924477708
22,Female,134/80,226,27.7,Yes,No,7,10,Home,0,0,0.4407229361210165
19,Other,142/79,244,35.2,No,No,5,3,Home,0,0,0.41162195826595704
48,Male,158/100,283,28.2,Yes,Yes,4,9,Rehab,1,1,0.6384343643821558
58,Female,137/98,283,27.2,No,No,2,10,Home,0,0,0.42398709298026166
82,Male,138/94,162,34.0,Yes,No,3,5,Rehab,0,1,0.5964837521192283
58,Male,134/84,153,24.6,No,Yes,6,8,Home,0,0,0.44251560767766995
42,Other,128/93,291,20.6,No,No,3,1,Home,1,0,0.4382095688610907
21,Other,125/95,158,21.2,No,No,4,3,Rehab,0,1,0.5843878549705902
81,Other,138/73,254,33.2,Yes,Yes,4,4,Nursing_Facility,0,1,0.6104437297046824
53,Female,112/70,158,29.5,Yes,No,10,10,Home,1,0,0.4263428735252314
87,Female,153/73,192,28.2,Yes,No,1,2,Home,0,0,0.44540876405479357
27,Other,119/86,248,35.9,Yes,No,5,2,Rehab,0,1,0.5999959441355197
70,Male,138/88,171,29.2,Yes,No,10,10,Home,0,0,0.4254449920485026
72,Male,122/74,172,37.8,Yes,No,1,10,Rehab,0,1,0.5818668716278997
57,Male,146/89,265,39.4,No,Yes,8,10,Rehab,0,1,0.5979898591601366
69,Other,144/81,188,21.1,No,Yes,1,7,Home,1,0,0.45029206769345703
89,Female,151/81,209,23.7,No,Yes,9,3,Home,0,0,0.441107559800019
63,Female,111/89,263,30.3,No,No,2,3,Home,0,0,0.4101428141415273
26,Other,123/100,162,36.3,No,No,7,2,Home,0,0,0.39014532854217776
19,Female,154/81,234,35.2,No,No,7,3,Home,0,0,0.4035241703719857
70,Other,159/75,247,31.5,No,Yes,8,1,Home,0,0,0.4441394697385165
46,Female,118/98,188,32.8,Yes,Yes,6,7,Home,0,0,0.45787347682826246
47,Male,155/80,238,39.2,No,Yes,8,1,Nursing_Facility,0,1,0.5717440230065138
31,Other,144/98,269,37.3,No,Yes,4,6,Home,0,0,0.431906943011253
78,Other,118/87,262,32.7,No,Yes,5,3,Home,0,0,0.44940738718004136
82,Female,118/73,297,25.5,Yes,No,1,5,Home,0,0,0.460051121839802
23,Female,112/81,250,31.5,Yes,No,2,9,Home,0,0,0.43226605714957317
34,Male,151/88,260,26.1,Yes,No,3,8,Home,0,0,0.44691045386546624
66,Female,151/75,262,30.6,No,No,6,3,Home,0,0,0.41130638094093713
83,Other,138/92,193,20.2,Yes,Yes,8,9,Rehab,0,1,0.6478157585539807
67,Female,113/88,237,25.7,Yes,No,1,5,Nursing_Facility,0,1,0.5769582920339702
37,Female,124/76,261,27.1,No,Yes,7,4,Home,1,0,0.45253364683013275
26,Female,128/89,206,38.0,Yes,Yes,0,4,Home,0,0,0.4599344021415125
51,Male,138/98,182,27.0,Yes,Yes,7,1,Home,0,0,0.4787371064346753
76,Male,111/74,227,19.7,No,No,8,8,Home,0,0,0.415431616064569
68,Female,119/87,285,26.5,No,Yes,7,8,Home,0,0,0.4437193804713617
56,Female,128/91,299,38.6,Yes,Yes,10,2,Home,0,0,0.48096688551755445
35,Female,160/97,282,36.3,No,No,0,2,Home,0,0,0.41634229854042754
85,Female,158/95,184,18.6,Yes,Yes,4,3,Rehab,0,1,0.6428735812301687
88,Other,154/98,193,31.5,No,Yes,9,8,Nursing_Facility,1,1,0.5845101910246258
55,Female,124/86,283,39.4,No,No,5,4,Home,0,0,0.39883080014019534
87,Other,114/76,235,31.1,Yes,Yes,5,2,Rehab,0,1,0.644438942907541
82,Other,147/96,260,31.5,No,Yes,9,2,Home,0,0,0.44353315095692813
90,Female,113/82,268,24.3,Yes,Yes,4,5,Home,0,0,0.49030979446632506
39,Male,140/80,189,22.5,No,No,1,6,Home,0,0,0.4087242173638056
48,Other,111/93,191,31.1,Yes,No,8,2,Nursing_Facility,0,1,0.5837874026427814
49,Male,148/84,167,20.6,No,Yes,7,6,Home,0,0,0.4376958534275469
37,Male,158/89,269,36.6,Yes,Yes,6,10,Rehab,0,1,0.6224584956942206
82,Female,119/90,174,33.4,No,Yes,4,5,Home,0,0,0.4239786723554632
57,Other,115/89,255,22.3,Yes,Yes,6,6,Rehab,0,1,0.6439289668372823
73,Female,147/75,207,28.5,Yes,No,7,6,Home,0,0,0.43100058035487804
46,Female,149/95,214,27.6,No,No,1,5,Nursing_Facility,1,1,0.5564664228426165
57,Male,112/76,162,38.6,No,Yes,2,9,Home,0,0,0.4128423260919366
59,Male,136/99,294,26.8,Yes,No,4,3,Home,0,0,0.43825369041065465
70,Male,135/92,217,33.2,No,No,3,5,Home,0,0,0.39427946402804487
77,Male,126/70,156,26.5,Yes,No,9,10,Rehab,1,1,0.5994274895242541
32,Male,115/82,290,22.7,Yes,Yes,1,8,Home,0,0,0.4783541324431665
31,Female,134/71,220,18.6,Yes,Yes,6,5,Rehab,1,1,0.6453717807137868
26,Female,153/93,201,40.0,No,No,7,8,Rehab,0,1,0.5446610693187671
19,Male,125/91,292,30.9,Yes,No,5,6,Home,0,0,0.44809501911268224
74,Male,132/82,275,23.0,Yes,No,10,3,Nursing_Facility,0,1,0.5913369132507699
42,Male,110/92,158,25.9,No,Yes,3,6,Home,0,0,0.43880022095647053
83,Female,149/96,197,22.5,No,Yes,7,3,Home,0,0,0.4421755942694407
29,Female,124/87,234,31.8,Yes,No,1,10,Rehab,0,1,0.580603876492726
90,Other,115/95,218,28.3,Yes,Yes,0,4,Home,1,0,0.486623683384075
31,Male,129/95,216,32.8,Yes,No,0,6,Rehab,0,1,0.5788999483209446
48,Female,121/73,224,21.4,Yes,No,2,7,Home,0,0,0.4669058614469858
63,Other,120/91,295,35.0,No,Yes,9,10,Home,0,0,0.4430903675456406
58,Other,119/85,182,37.7,Yes,No,1,1,Home,0,0,0.4176741712977124
70,Female,139/94,237,37.6,Yes,Yes,9,2,Home,0,0,0.4697563389452296
74,Female,134/93,183,27.7,Yes,No,3,7,Home,0,0,0.4297887214609379
70,Female,130/94,159,39.3,No,No,10,8,Home,0,0,0.39686642935652305
88,Male,139/75,189,37.6,Yes,Yes,7,6,Nursing_Facility,0,1,0.5997952208874404
86,Other,121/97,280,24.5,Yes,Yes,7,4,Home,0,1,0.5048010090611303
23,Male,124/79,240,37.3,No,Yes,3,4,Rehab,0,1,0.5911713649980377
86,Female,130/73,232,24.3,No,Yes,8,9,Home,0,0,0.44534690481769673
40,Female,117/72,253,34.7,No,Yes,9,3,Home,0,0,0.44600161088653223
88,Female,147/88,234,26.2,Yes,Yes,0,5,Home,0,0,0.4973743506716963
36,Other,118/79,294,27.5,Yes,Yes,9,1,Home,0,0,0.4822726008586916
40,Other,147/89,169,35.5,No,No,2,8,Home,0,0,0.38857705895910133
34,Female,154/77,196,35.8,No,Yes,10,6,Nursing_Facility,0,1,0.5547895459180908
77,Female,159/100,172,32.8,No,No,9,9,Nursing_Facility,0,1,0.5432960380471663
40,Male,144/95,294,19.1,Yes,Yes,10,7,Home,0,0,0.49523285814369056
89,Female,148/73,187,19.6,No,Yes,9,5,Nursing_Facility,0,1,0.59475901353042
60,Male,147/81,236,30.3,No,No,4,2,Home,0,0,0.40654316194157786
28,Female,152/82,165,18.6,Yes,No,7,9,Home,0,0,0.4361734029498226
19,Male,142/89,298,21.6,Yes,No,1,6,Rehab,0,1,0.6026273632623734
40,Male,122/81,267,25.9,Yes,No,5,1,Home,0,0,0.46033968918892154
89,Other,149/81,285,22.4,Yes,Yes,4,4,Home,0,0,0.49820885121254505
19,Female,147/100,293,29.9,Yes,Yes,4,1,Nursing_Facility,0,1,0.6119828096722902
72,Female,122/79,265,32.9,No,No,6,2,Home,0,0,0.4066137340652099
75,Male,118/82,193,23.6,No,No,1,6,Home,1,0,0.40179932010630526
68,Other,154/93,180,18.4,Yes,Yes,8,5,Home,0,0,0.48858968612659837
25,Other,139/82,157,23.5,Yes,Yes,0,7,Home,0,0,0.47300458136833257
83,Female,129/84,247,37.5,Yes,Yes,1,9,Home,0,0,0.47076109219204415
43,Female,156/70,256,35.8,No,Yes,1,3,Home,0,0,0.4487116686734763
52,Male,143/81,172,32.0,No,Yes,9,3,Home,0,0,0.4389114286792293
71,Male,117/97,220,31.5,Yes,No,9,8,Home,0,0,0.43683700422532185
33,Other,151/79,279,28.0,No,Yes,6,3,Home,0,0,0.4513465606569585
57,Other,121/86,207,19.0,No,No,8,1,Home,0,0,0.43343033456853713
38,Female,154/82,221,36.8,No,Yes,5,10,Home,0,0,0.41457827239634654
46,Male,111/83,243,30.0,No,Yes,6,4,Home,0,0,0.44562684175677847
43,Female,150/76,260,30.3,No,No,4,3,Home,0,0,0.41509712109285957
73,Male,113/72,271,31.9,No,Yes,3,10,Home,0,0,0.43720399109072106
68,Male,160/93,244,20.9,No,No,3,4,Rehab,1,1,0.5718329787933256
48,Female,147/99,186,24.2,Yes,Yes,0,7,Home,0,0,0.4742664634234234
42,Other,154/88,242,19.4,No,Yes,3,9,Home,1,0,0.4607998493478045
45,Other,129/91,245,22.7,No,No,10,9,Nursing_Facility,0,1,0.5601339914745934
78,Female,128/83,158,30.2,No,No,6,8,Home,0,0,0.40253327983673415
26,Other,154/90,178,39.3,Yes,No,10,7,Home,0,0,0.421825481218671
80,Female,131/86,281,24.7,Yes,Yes,8,5,Nursing_Facility,0,1,0.6311697827026361
40,Female,130/94,227,18.3,Yes,No,1,3,Home,0,0,0.4684014093166922
29,Male,141/74,182,21.1,Yes,Yes,2,1,Nursing_Facility,0,1,0.6217656790138643
80,Other,133/78,219,19.3,No,Yes,4,7,Home,0,0,0.4719657808966753
47,Female,147/73,293,24.6,No,Yes,10,6,Home,0,0,0.4652802370112808
42,Other,124/91,260,35.7,Yes,Yes,7,1,Home,0,0,0.4685170629537341
28,Male,140/91,252,29.0,No,Yes,3,1,Home,0,0,0.44537185495056203
54,Male,152/83,195,29.2,Yes,Yes,7,1,Home,0,0,0.46770910361877166
90,Female,120/78,209,27.7,Yes,No,10,6,Nursing_Facility,0,1,0.5865368133989743
22,Male,153/82,173,21.5,No,No,1,10,Rehab,0,1,0.5664122400876088
73,Male,113/84,242,18.1,Yes,No,9,10,Home,0,0,0.4447483573459563
54,Female,124/79,288,21.9,No,No,4,6,Home,0,0,0.4303142337133759
18,Male,157/77,154,27.6,Yes,Yes,10,7,Home,0,0,0.4596750502907931
59,Female,135/90,234,36.3,Yes,Yes,8,1,Rehab,0,1,0.6274967838667542
84,Male,110/71,158,38.2,No,Yes,0,6,Home,1,0,0.43826821874370175
76,Other,117/92,195,20.1,Yes,No,0,3,Home,0,0,0.4612070915587521
20,Other,141/91,261,38.7,No,Yes,8,1,Rehab,1,1,0.5865598267915441
26,Male,145/92,257,37.9,No,No,6,2,Home,0,0,0.3927098135142222
78,Male,137/81,294,30.2,Yes,Yes,6,2,Home,0,0,0.48221038909764996
77,Other,122/98,169,31.6,No,Yes,0,8,Home,1,0,0.42665124790673764
57,Other,151/100,245,27.4,Yes,No,2,10,Rehab,0,1,0.6091799192601023
71,Female,131/83,172,18.9,No,Yes,8,8,Rehab,0,1,0.6028580165849087
77,Male,119/99,161,26.1,Yes,No,4,5,Home,0,0,0.4461510449299687
29,Male,155/98,162,39.2,Yes,Yes,0,7,Home,0,0,0.4530844117004972
19,Male,131/73,286,21.7,No,No,0,1,Rehab,0,1,0.5793909506307361
54,Other,116/70,272,22.8,Yes,Yes,6,1,Rehab,0,1,0.6554975448191654
38,Male,118/78,150,24.3,Yes,No,5,3,Nursing_Facility,0,1,0.5792701108916222
90,Female,143/94,164,34.9,No,No,1,8,Home,1,0,0.37608722098922953
51,Female,120/97,170,26.4,Yes,Yes,4,4,Home,0,0,0.4806738709287095
38,Other,150/86,238,33.1,No,No,4,1,Home,0,0,0.40157408667570416
63,Other,117/76,185,28.4,No,Yes,3,3,Home,0,0,0.44061091332517127
45,Male,132/98,248,38.7,Yes,No,6,3,Home,0,0,0.4293977956113837
81,Other,127/77,255,38.7,Yes,Yes,2,6,Home,0,0,0.47941274239446097
82,Other,143/70,221,23.5,Yes,Yes,9,7,Home,0,0,0.4789427166478997
35,Other,159/71,184,26.9,No,No,1,1,Home,0,0,0.40978403234731153
55,Male,120/85,173,19.3,No,Yes,6,3,Home,0,0,0.45628822757266974
37,Female,113/91,199,30.5,No,No,3,4,Rehab,0,1,0.5653152353936987
77,Male,126/84,171,30.0,No,No,10,9,Rehab,0,1,0.5670620059291708
69,Male,138/74,276,27.8,Yes,Yes,4,8,Nursing_Facility,0,1,0.6100680928818552
53,Male,121/71,229,28.0,Yes,Yes,10,3,Rehab,0,1,0.6416053546664411
70,Male,133/97,176,36.9,No,No,3,2,Home,0,0,0.3888727919694139
54,Male,112/76,210,21.8,No,Yes,7,3,Nursing_Facility,0,1,0.5906466119153453
58,Female,119/87,262,27.7,No,No,2,2,Home,1,0,0.4053968056492778
72,Female,122/88,173,36.2,No,No,4,8,Nursing_Facility,0,1,0.5517394751340206
57,Female,111/75,181,37.0,Yes,Yes,5,1,Home,0,0,0.45907544909237497
80,Male,155/75,213,32.7,No,Yes,2,2,Rehab,0,1,0.5847042305301235
35,Female,140/100,228,19.7,Yes,Yes,8,8,Home,0,0,0.4923137047278749
40,Other,115/86,177,22.1,No,Yes,2,10,Nursing_Facility,0,1,0.5881649308926268
65,Female,120/77,205,33.4,Yes,Yes,2,3,Rehab,0,1,0.6224189417462412
30,Other,114/83,256,28.3,No,Yes,9,9,Home,0,0,0.4565562839971836
77,Other,151/96,298,27.4,No,No,5,4,Rehab,0,1,0.5788211980956885
33,Other,141/85,249,39.2,Yes,Yes,8,2,Home,0,0,0.46103439884178155
58,Other,126/91,287,21.1,No,No,3,6,Rehab,0,1,0.6008751215984012
82,Other,134/89,190,19.1,No,No,9,6,Home,0,0,0.4327653510087005
87,Female,139/72,184,32.1,Yes,Yes,4,1,Rehab,0,1,0.6408715651573844
28,Female,119/94,203,28.8,Yes,Yes,1,3,Home,0,0,0.4661905713219549
71,Female,141/81,189,29.9,Yes,Yes,2,10,Home,0,0,0.46916496625723053
25,Other,130/83,225,37.7,No,Yes,5,10,Nursing_Facility,0,1,0.5593862895545094
55,Male,148/76,253,30.7,Yes,Yes,7,8,Home,0,0,0.4672382523380101
26,Male,157/85,264,38.8,No,No,10,7,Home,0,0,0.39344069808767573
62,Other,118/85,257,23.8,Yes,No,10,5,Home,0,0,0.4566012697671949
39,Male,156/76,193,35.3,No,No,6,1,Rehab,0,1,0.5496597203451451
46,Female,119/73,279,23.3,No,No,3,4,Home,0,0,0.4213905602672418
41,Other,138/96,221,28.7,Yes,Yes,8,2,Home,0,0,0.4839064567671628
32,Male,118/71,271,34.3,Yes,No,0,8,Home,0,0,0.41932942151192004
53,Other,133/82,157,26.6,No,Yes,2,2,Rehab,0,1,0.5956288265560525
88,Female,146/74,158,29.8,No,No,5,4,Home,0,0,0.39371797149727095
41,Female,140/76,240,35.0,Yes,Yes,4,5,Rehab,0,1,0.6237532759334986
21,Male,155/82,194,37.9,Yes,Yes,6,5,Nursing_Facility,0,1,0.5888023859477091
24,Other,152/70,286,37.5,Yes,No,6,10,Home,0,0,0.4405710120499766
55,Male,126/97,280,19.4,Yes,Yes,4,8,Home,0,1,0.5068124065592597
74,Female,160/83,187,39.0,Yes,Yes,7,8,Rehab,0,1,0.6058690614190293
34,Female,121/87,156,18.7,No,Yes,7,9,Home,0,0,0.44586263715088365
45,Male,113/91,218,36.4,Yes,Yes,8,8,Home,1,0,0.46666111572342334
69,Female,112/97,278,22.8,No,Yes,7,5,Nursing_Facility,0,1,0.5979424714704735
67,Male,132/97,197,26.1,No,Yes,9,6,Rehab,0,1,0.605695960814459
72,Other,124/91,195,27.4,Yes,Yes,10,5,Home,1,0,0.47386019358625825
47,Female,128/95,208,36.4,Yes,Yes,7,6,Home,0,0,0.4662295692155978
25,Female,131/75,192,21.7,No,Yes,3,2,Rehab,0,1,0.6123837106057852
72,Male,124/81,246,21.8,Yes,Yes,1,6,Rehab,0,1,0.6512055858474165
29,Female,157/94,264,40.0,No,Yes,4,10,Nursing_Facility,0,1,0.5704252180637247
45,Other,110/85,186,27.5,Yes,Yes,0,6,Rehab,0,1,0.6347294897531244
46,Male,138/96,218,19.5,Yes,No,1,8,Home,0,0,0.4497482674188667
72,Male,139/82,238,37.2,No,Yes,7,3,Home,0,0,0.4279022930224042
68,Male,159/95,223,32.2,Yes,No,10,6,Rehab,0,1,0.5940774745051177
83,Female,156/89,238,37.7,No,Yes,7,3,Home,0,0,0.43042134947596744
85,Male,159/92,225,30.6,Yes,Yes,6,10,Home,0,0,0.4730588302181689
84,Male,115/74,283,25.8,Yes,No,10,6,Home,0,0,0.45818510334011625
61,Female,131/85,244,34.5,Yes,No,9,6,Rehab,0,1,0.5852494740511689
44,Female,110/81,179,24.7,No,Yes,1,4,Nursing_Facility,0,1,0.5695514683443653
62,Male,134/100,177,19.3,Yes,No,8,9,Home,0,0,0.45116301272952597
37,Male,117/96,186,38.9,No,Yes,9,10,Home,0,0,0.41290501716187544
79,Female,131/84,296,39.8,Yes,No,3,6,Home,1,0,0.42627958544880407
69,Other,113/91,256,23.3,No,No,5,6,Home,0,0,0.43089803568089363
71,Female,131/73,151,39.0,No,Yes,2,8,Home,1,0,0.4121021756976792
85,Other,142/95,223,39.8,Yes,Yes,1,10,Rehab,1,1,0.6228810299431821
22,Male,149/85,189,28.2,Yes,No,0,5,Home,0,0,0.4443782916035641
57,Female,142/94,243,28.5,No,Yes,7,4,Home,1,0,0.44313648880711354
79,Male,113/100,178,34.0,Yes,No,3,6,Rehab,0,1,0.599191863592242
23,Other,158/74,184,32.0,Yes,Yes,3,2,Home,0,0,0.4703787961418931
52,Male,144/89,170,18.0,Yes,Yes,3,9,Home,1,0,0.4832957143549039
29,Other,147/89,237,38.8,No,No,2,8,Rehab,1,1,0.5504931266259767
21,Other,131/77,245,26.6,No,No,7,10,Home,0,0,0.42107620064077106
41,Female,157/81,165,22.2,No,No,1,9,Home,0,0,0.40587449272413817
20,Female,118/96,276,24.6,Yes,No,8,5,Rehab,0,1,0.6234200031075312
55,Male,138/84,253,22.6,Yes,No,7,2,Home,0,0,0.45214032432343826
54,Male,152/75,291,26.3,No,Yes,4,4,Home,0,0,0.45022761413942025
36,Other,142/78,300,33.3,Yes,No,10,9,Home,0,0,0.442474572640333
68,Female,135/74,165,36.6,Yes,No,4,3,Home,0,0,0.4094687200171474
40,Male,125/92,260,19.4,No,Yes,2,8,Home,0,0,0.45305185258596536
72,Female,158/83,219,19.4,Yes,Yes,1,9,Home,1,0,0.48677388661046184
43,Male,118/99,230,23.6,No,No,5,5,Home,0,0,0.40270133623487264
53,Other,137/73,184,31.2,No,No,0,2,Nursing_Facility,1,1,0.5381995462246527
20,Male,150/75,156,39.3,No,Yes,4,4,Rehab,0,1,0.5804578002245865
23,Female,157/93,151,18.7,No,Yes,4,6,Home,0,0,0.44555734041739004
53,Other,141/78,200,27.7,No,No,4,1,Home,1,0,0.42010247896911024
66,Female,144/88,257,22.4,Yes,Yes,1,10,Home,0,0,0.4831375121399406
69,Male,157/74,212,20.8,No,Yes,5,3,Rehab,0,1,0.6164327848173555
25,Female,129/78,180,28.2,Yes,No,6,10,Nursing_Facility,0,1,0.5766169608323289
26,Male,117/79,245,33.4,Yes,Yes,4,2,Home,0,0,0.46571639198907777
71,Male,126/73,278,35.5,No,No,6,9,Home,0,0,0.3978012660551153
38,Male,111/75,213,37.5,No,Yes,0,6,Home,0,0,0.42020712295527685
60,Female,143/100,217,23.1,No,Yes,2,1,Home,0,0,0.4423258605415065
74,Other,148/89,162,22.2,No,Yes,7,2,Home,0,0,0.4450533988444583
71,Female,159/82,169,37.1,No,No,5,7,Home,0,0,0.3854097105132661
65,Other,110/98,197,39.8,Yes,No,10,4,Home,0,0,0.4241359441239916
80,Female,147/89,270,29.0,No,Yes,4,2,Home,0,0,0.44476973903243255
54,Female,157/98,298,21.1,Yes,No,2,6,Home,0,0,0.4584771197074272
43,Other,147/88,295,27.8,Yes,No,6,8,Home,0,0,0.4733705447538099
75,Male,153/99,207,24.4,No,No,10,5,Home,0,0,0.41394963550721536
29,Other,151/96,170,32.2,Yes,No,8,2,Nursing_Facility,0,1,0.5715557345338953
87,Male,144/95,291,19.2,No,Yes,7,10,Home,1,0,0.4589111870944323
86,Male,149/81,155,25.7,Yes,No,9,3,Home,0,0,0.43758423787627887
43,Other,129/86,256,24.3,Yes,Yes,6,8,Rehab,0,1,0.6418624599677052
29,Female,160/94,292,21.4,Yes,No,6,6,Home,1,0,0.4596657783400567
47,Male,150/86,267,38.0,Yes,No,0,5,Home,0,0,0.42104103908345747
81,Female,157/90,281,26.0,Yes,No,5,1,Home,0,0,0.4586382566285827
21,Male,147/73,228,22.1,No,Yes,2,10,Home,0,0,0.4517248434466479
64,Male,158/78,249,24.1,Yes,Yes,0,4,Rehab,1,1,0.6352748213422287
48,Female,121/75,177,30.3,No,No,6,5,Home,0,0,0.40265683621881276
72,Other,112/91,254,28.3,No,No,4,10,Rehab,0,1,0.5919680898902335
54,Female,140/71,239,23.5,Yes,Yes,1,4,Nursing_Facility,0,1,0.6224925844719917
68,Male,155/79,198,36.6,No,No,10,9,Home,0,0,0.3847493491944449
43,Male,138/90,290,18.0,No,No,1,4,Rehab,0,1,0.5813412373038432
83,Male,121/98,208,25.1,No,No,10,7,Home,0,0,0.4113074279472826
88,Female,140/72,244,32.3,No,No,8,2,Home,0,0,0.42371454678281656
52,Female,156/85,206,19.2,No,No,7,4,Home,0,0,0.413865518180173
87,Other,144/76,196,24.8,No,Yes,0,5,Home,0,0,0.4524498627745738
81,Female,158/92,292,24.3,Yes,No,2,9,Home,1,0,0.46173450871202953
84,Female,146/79,289,30.3,Yes,Yes,4,8,Home,0,0,0.48224625402647076
67,Female,155/94,206,19.5,Yes,No,3,4,Home,0,0,0.45031452331827043
20,Other,123/95,203,35.7,No,Yes,7,8,Home,1,0,0.4309000168616634
84,Male,138/75,299,21.0,No,No,10,6,Home,0,0,0.41540880916643697
30,Male,160/92,295,28.0,No,Yes,4,7,Home,0,0,0.44269061403666576
84,Male,147/78,295,23.1,No,Yes,8,5,Home,0,0,0.45411690251738057
21,Other,153/88,225,22.8,No,Yes,10,5,Rehab,0,1,0.6058726698638016
89,Male,157/95,181,28.3,No,Yes,4,1,Home,0,0,0.4412020885265328
77,Male,134/79,268,23.3,No,Yes,2,2,Home,0,0,0.44586872311439285
69,Male,122/73,243,37.6,Yes,No,6,9,Home,0,0,0.4310373272479496
49,Male,159/93,202,28.9,Yes,Yes,2,5,Rehab,0,1,0.6240923767677008
32,Other,111/89,201,20.2,Yes,Yes,1,10,Home,0,0,0.48640530187516684
20,Female,157/90,235,27.0,No,Yes,2,1,Nursing_Facility,1,1,0.587289241569049
65,Other,141/72,158,28.7,No,No,4,6,Home,0,0,0.39890546457275855
63,Female,132/85,220,25.1,Yes,Yes,0,3,Home,0,0,0.4714394548307671
57,Male,135/86,169,37.8,Yes,Yes,3,8,Home,0,0,0.4584926375931301
85,Female,136/83,242,26.0,No,Yes,9,1,Home,0,0,0.45739788823569827
87,Male,149/90,192,33.5,Yes,No,2,9,Home,0,0,0.4323176954822658
38,Male,113/76,287,21.7,Yes,Yes,8,5,Rehab,1,1,0.6515402578424292
61,Female,115/90,245,20.1,No,Yes,0,6,Home,0,0,0.4540371777765893
50,Female,133/74,182,36.1,No,Yes,9,7,Rehab,0,1,0.5850257140603548
30,Other,155/86,152,27.5,Yes,Yes,4,8,Home,0,0,0.47555028913375585
69,Other,146/70,282,37.1,Yes,Yes,1,5,Home,0,0,0.4653957739772411
21,Other,122/98,244,27.3,Yes,Yes,3,5,Home,0,0,0.47795328551897315
87,Male,144/84,179,27.8,No,No,9,4,Home,0,0,0.40633504587765135
48,Other,120/79,185,21.6,No,Yes,8,9,Nursing_Facility,0,1,0.5968215346744423
19,Female,155/97,175,34.2,Yes,No,3,2,Home,0,0,0.4200368809822923
27,Other,127/78,151,29.3,No,Yes,1,5,Home,1,0,0.428277653140633
82,Male,142/99,226,30.0,Yes,No,9,3,Home,1,0,0.4364654407413317
62,Male,127/73,151,31.8,No,No,8,1,Rehab,0,1,0.5595287231481073
85,Female,154/82,157,29.5,No,Yes,0,1,Home,1,0,0.421610670947138
88,Female,121/70,275,30.6,No,Yes,3,10,Home,0,0,0.43281476593169876
83,Female,130/88,215,25.6,No,Yes,9,5,Rehab,0,1,0.5945017054850008
51,Male,152/99,171,31.9,Yes,No,9,6,Rehab,0,1,0.5797527130949216
41,Male,127/87,300,26.9,Yes,Yes,2,5,Rehab,0,1,0.6302690128330407
53,Male,128/88,223,22.9,No,Yes,10,4,Home,0,0,0.46630721282077164
61,Female,131/97,239,39.6,Yes,No,9,4,Rehab,0,1,0.5951766143925072
38,Female,160/72,184,25.3,No,No,10,7,Home,0,0,0.402955549843074
61,Other,147/88,293,18.6,Yes,Yes,1,6,Home,0,1,0.5211054318672452
39,Other,135/80,274,23.7,No,No,0,10,Home,0,0,0.4276665598737528
53,Female,135/73,281,23.1,No,No,6,4,Home,0,0,0.4528517807044164
90,Other,156/88,204,39.3,No,Yes,3,9,Home,0,0,0.4350442707065132
29,Male,116/100,153,28.1,No,Yes,5,1,Nursing_Facility,0,1,0.5770616852846344
31,Other,124/93,155,18.4,No,No,1,2,Rehab,0,1,0.5774277535628695
89,Female,115/84,232,19.3,No,Yes,1,2,Rehab,0,1,0.613166501745395
45,Female,158/79,299,38.4,Yes,No,3,2,Home,0,0,0.4311695803210159
68,Female,141/76,230,30.8,No,Yes,5,1,Home,0,0,0.44846659948651335
28,Female,144/78,223,36.8,No,No,6,4,Nursing_Facility,0,1,0.5347059394672508
54,Other,137/83,241,25.2,No,Yes,7,2,Home,0,0,0.4648014330819141
74,Male,124/92,235,30.1,Yes,Yes,7,8,Home,0,0,0.4825704432101175
48,Female,118/96,245,29.6,No,No,10,3,Home,0,0,0.4223391502339193
85,Male,136/90,212,35.2,Yes,Yes,6,3,Home,0,0,0.4605481399738639
56,Other,159/84,285,29.6,No,Yes,9,2,Home,0,0,0.4586816143712049
81,Other,118/84,212,27.0,No,Yes,3,3,Rehab,0,1,0.6041879344111036
89,Female,127/78,178,31.8,Yes,Yes,0,1,Home,0,0,0.4612917886001203
19,Male,144/77,193,27.4,No,No,10,6,Home,0,0,0.4044481573105005
22,Female,135/83,220,38.2,No,No,10,1,Home,0,0,0.4181692235560861
22,Male,111/85,218,38.0,No,No,2,8,Home,0,0,0.3810902783199628
50,Female,142/89,212,27.1,No,No,5,2,Home,0,0,0.3974244682220035
79,Male,155/73,168,23.2,No,Yes,9,5,Rehab,0,1,0.5956905368941001
39,Female,143/88,258,21.4,No,No,1,5,Home,0,0,0.41355214492462694
76,Other,143/74,245,20.5,No,Yes,9,3,Home,0,0,0.4568058704149377
80,Other,116/95,238,18.7,Yes,Yes,4,3,Home,0,1,0.5035979142151654
28,Female,138/85,153,29.2,Yes,Yes,1,10,Rehab,0,1,0.6138312780301145
86,Female,139/94,269,22.3,Yes,Yes,9,7,Home,0,0,0.49582057177988664
47,Female,122/72,177,37.0,Yes,Yes,6,1,Home,0,0,0.4617131409000869
49,Other,140/99,235,30.1,No,Yes,6,1,Home,0,0,0.44267754292888734
64,Male,133/76,251,39.9,Yes,Yes,8,4,Home,0,0,0.46284940166228977
65,Other,115/77,266,33.2,Yes,No,8,3,Home,0,0,0.44562423536016293
86,Other,136/70,239,29.4,No,Yes,10,8,Home,0,0,0.45752104132622257
79,Male,160/91,190,24.4,Yes,No,5,6,Home,0,0,0.4430027469088807
68,Female,157/94,180,35.1,No,No,9,9,Home,0,0,0.39743402147243395
70,Other,126/83,253,20.2,No,Yes,0,7,Rehab,0,1,0.6172818776680273
63,Male,125/70,295,35.2,No,No,4,6,Rehab,0,1,0.5747389645908232
65,Male,159/88,232,35.2,Yes,No,2,2,Home,0,0,0.42705019503734937
19,Other,126/99,153,20.8,Yes,No,9,4,Home,0,0,0.4498816578963138
22,Male,156/72,238,27.4,Yes,Yes,5,9,Home,0,0,0.4853498655012917
86,Female,157/84,226,33.0,Yes,Yes,6,5,Home,0,0,0.46787755625176136
37,Male,153/73,278,18.9,Yes,Yes,10,4,Home,0,1,0.5044884037132297
52,Male,143/95,186,21.3,No,No,0,9,Home,0,0,0.4006883528683127
27,Other,157/89,257,28.7,No,No,2,8,Home,1,0,0.4095290506359049
25,Male,139/95,211,39.5,No,Yes,2,6,Home,0,0,0.42927361104298517
45,Male,136/71,194,21.8,Yes,Yes,10,1,Home,0,0,0.48512906585377547
30,Other,144/97,281,32.6,Yes,No,2,3,Home,0,0,0.45269758054388276
25,Male,139/76,214,35.7,No,No,1,1,Nursing_Facility,0,1,0.5390084543226609
34,Female,131/91,285,31.6,No,No,0,6,Home,0,0,0.4096699932396742
64,Male,122/74,178,35.4,No,No,9,3,Home,0,0,0.3997947125500712
76,Other,157/82,199,32.4,Yes,No,4,10,Home,0,0,0.43353090724943194
90,Female,124/83,299,36.2,No,No,8,4,Home,0,0,0.4104045101517874
25,Other,124/85,227,22.8,Yes,Yes,4,6,Home,0,0,0.4792446477651318
77,Female,112/88,208,30.9,No,Yes,9,8,Home,0,0,0.423958390015398
67,Female,114/70,263,29.0,No,No,3,2,Home,0,0,0.4154672644635684
24,Female,115/70,292,36.2,No,No,4,10,Rehab,0,1,0.559408651866424
32,Other,144/91,199,24.8,Yes,No,2,4,Home,0,0,0.45110580592620514
90,Male,119/98,280,26.8,No,Yes,9,10,Rehab,0,1,0.6243466587203009
77,Other,128/70,154,26.1,Yes,No,4,5,Home,0,0,0.4332364663588955
23,Male,127/73,246,34.4,No,No,6,4,Nursing_Facility,0,1,0.544858596264416
72,Female,148/77,217,19.2,No,No,7,4,Nursing_Facility,0,1,0.5690753705744084
79,Other,118/88,207,29.5,Yes,Yes,1,8,Home,0,0,0.47060058516248165
70,Other,146/82,218,19.5,No,Yes,3,1,Home,0,0,0.4679136045565323
84,Other,119/92,205,24.9,No,No,7,7,Home,0,0,0.40978144929002314
51,Female,112/76,211,38.1,No,Yes,8,7,Nursing_Facility,1,1,0.5663603238517397
60,Female,154/97,270,37.5,Yes,No,0,2,Home,0,0,0.42945732034164336
60,Female,122/84,294,22.4,Yes,No,2,6,Home,0,0,0.46475868804684384
22,Male,148/73,190,26.9,No,No,0,2,Home,1,0,0.40176534464615604
57,Male,134/75,274,25.1,No,No,8,8,Home,0,0,0.40715405170369057
83,Other,110/79,265,28.5,No,No,10,4,Home,0,0,0.4304109392412526
70,Female,146/84,234,21.1,No,No,8,2,Home,0,0,0.4222170070450016
83,Male,128/86,266,31.0,Yes,No,3,7,Home,0,0,0.44902643911077816
56,Other,160/90,287,22.6,Yes,Yes,9,5,Home,0,1,0.5046519996667861
79,Other,119/92,218,32.5,Yes,Yes,0,10,Home,0,0,0.4629499460784805
64,Female,110/77,252,39.0,No,Yes,7,2,Home,0,0,0.4265532216044128
31,Other,114/92,171,28.3,No,No,5,4,Home,0,0,0.4012714249171477
36,Other,130/90,241,39.2,Yes,No,8,8,Rehab,1,1,0.5916698354787517
28,Male,143/92,213,33.7,No,Yes,1,3,Home,0,0,0.42081062770296496
54,Male,114/78,194,29.4,Yes,Yes,9,5,Nursing_Facility,0,1,0.5974774396238335
30,Female,113/84,159,37.5,No,No,6,2,Home,0,0,0.373868379586258
44,Male,159/87,206,20.7,No,No,6,9,Home,1,0,0.41352834553886114
24,Female,147/92,239,33.5,Yes,Yes,0,7,Rehab,1,1,0.6195401588013473
62,Other,139/79,289,34.6,No,No,6,7,Home,0,0,0.40871678964023683
52,Other,132/99,200,36.3,Yes,No,0,9,Home,0,0,0.4319303595365823
45,Female,126/78,239,21.6,No,Yes,5,5,Rehab,1,1,0.6232732418187171
63,Male,117/82,168,29.3,Yes,Yes,6,5,Home,0,0,0.46368395588732075
41,Female,116/73,215,20.2,Yes,Yes,7,8,Home,1,0,0.4875963260222756
51,Female,122/94,179,31.3,No,Yes,10,3,Rehab,0,1,0.5974674617435517
82,Other,131/73,283,38.4,No,Yes,9,5,Rehab,0,1,0.5997518433638537
82,Female,141/70,278,38.8,No,No,1,2,Home,0,0,0.40295366578373654
25,Other,141/80,216,39.4,Yes,Yes,0,5,Home,0,0,0.45944503260879005
49,Male,156/79,202,19.6,No,No,8,6,Home,0,0,0.41587039187849356
26,Other,134/76,160,18.3,Yes,Yes,10,2,Home,0,0,0.486222156141161
23,Other,159/100,249,27.9,Yes,No,7,9,Home,0,0,0.45611141862977145
40,Male,119/85,220,24.7,No,No,0,6,Home,0,0,0.3971450106005223
38,Female,119/86,217,31.3,Yes,Yes,8,5,Rehab,0,1,0.6307570079227766
73,Female,130/78,256,20.2,No,Yes,9,5,Home,0,0,0.45751979057290526
34,Female,147/99,231,20.4,Yes,Yes,10,7,Home,0,0,0.49033846316275603
70,Female,148/97,259,30.0,No,No,10,8,Rehab,0,1,0.559476683440465
86,Other,124/85,281,36.5,Yes,Yes,5,10,Home,0,0,0.46632279038222846
71,Male,128/97,217,39.9,Yes,No,6,2,Home,0,0,0.4203987012150251
47,Female,146/82,254,30.3,Yes,Yes,0,7,Home,0,0,0.4796513448031141
64,Male,157/96,207,30.9,Yes,No,6,2,Nursing_Facility,1,1,0.5721533153349484
60,Other,150/75,253,22.0,No,Yes,8,4,Home,0,0,0.47107136938656974
71,Female,158/78,228,29.4,No,Yes,6,3,Rehab,0,1,0.5972469717100768
51,Other,121/71,228,34.8,No,No,6,1,Home,0,0,0.41191004246106516
59,Female,152/88,155,36.7,No,No,0,4,Nursing_Facility,0,1,0.521851178359113
86,Other,141/72,176,23.3,No,No,1,2,Home,1,0,0.41063627027292166
78,Other,131/75,285,36.7,No,No,1,2,Home,0,0,0.4156502544809924
69,Female,140/86,254,25.0,No,Yes,3,9,Home,0,0,0.44555024598084686
31,Female,156/85,239,24.7,No,Yes,9,4,Home,0,0,0.44344759260055877
24,Other,136/95,189,36.9,No,Yes,5,6,Home,0,0,0.4244330182513765
19,Other,145/98,194,27.8,No,Yes,3,7,Home,0,0,0.4328104605800296
81,Other,144/80,228,30.5,Yes,Yes,0,1,Home,0,0,0.49159097533499424
67,Other,159/70,233,31.1,No,No,1,9,Home,0,0,0.39617050293397055
24,Female,151/70,177,29.7,No,Yes,9,10,Home,0,0,0.4357644387653825
54,Other,139/82,270,34.8,Yes,No,1,4,Home,0,0,0.43926575951938357
78,Male,143/74,255,23.9,Yes,No,4,9,Home,0,0,0.44068421283130094
83,Other,159/88,258,38.9,Yes,No,8,9,Home,0,0,0.43236756033473445
44,Female,113/76,152,36.0,Yes,No,0,3,Home,1,0,0.4213659601161041
80,Male,147/83,285,37.7,Yes,No,4,5,Home,0,0,0.4362613736884063
26,Female,137/96,240,34.9,Yes,No,8,1,Home,0,0,0.44418194697632923
75,Female,157/70,271,31.0,Yes,No,4,6,Home,0,0,0.44178919780628567
26,Female,160/72,241,20.1,No,No,9,4,Rehab,0,1,0.5777834915248263
64,Other,132/80,265,34.9,Yes,No,10,7,Home,0,0,0.4529328732468099
49,Female,158/97,277,32.9,No,No,1,4,Home,0,0,0.4160752990125317
68,Male,130/70,180,20.7,Yes,No,8,1,Home,0,0,0.4492290780791106
45,Other,120/90,260,30.8,No,No,7,7,Nursing_Facility,0,1,0.5484554915097517
73,Male,145/70,164,28.1,Yes,Yes,8,3,Home,0,0,0.4706129421138646
73,Male,142/88,216,32.5,No,No,10,6,Home,0,0,0.39582601087097785
44,Other,159/97,258,29.8,Yes,No,7,9,Nursing_Facility,0,1,0.5944018928300466
54,Female,120/97,263,32.9,Yes,Yes,0,7,Home,0,0,0.47923459970902477
62,Female,110/87,214,34.4,No,No,9,9,Home,0,0,0.39385020836775486
65,Male,126/83,288,19.2,Yes,No,2,3,Home,0,0,0.4607384827411649
53,Other,138/77,173,30.8,Yes,Yes,2,3,Home,0,0,0.4742423830635409
45,Other,115/92,186,32.1,No,Yes,8,1,Home,0,0,0.43468727613654584
84,Female,117/90,162,22.4,Yes,Yes,9,6,Nursing_Facility,1,1,0.6130948221656063
19,Female,118/71,226,19.7,Yes,No,2,5,Home,0,0,0.43955504318683436
57,Female,119/73,300,25.1,Yes,No,9,10,Home,0,0,0.4563083295852615
60,Male,157/76,200,24.5,No,Yes,2,3,Home,0,0,0.44732694014301005
42,Other,158/73,254,31.6,No,Yes,4,3,Home,0,0,0.4428512505720437
40,Female,121/88,282,31.6,Yes,Yes,2,2,Rehab,0,1,0.6337085518601329
57,Female,112/77,164,29.5,No,Yes,6,4,Home,0,0,0.43350830606745977
24,Other,155/75,212,38.3,Yes,Yes,10,2,Rehab,0,1,0.6183571539085708
77,Male,143/80,270,33.8,No,No,2,5,Home,0,0,0.40508198325631045
30,Male,119/78,289,29.4,Yes,Yes,5,4,Home,0,0,0.4818630742695846
35,Male,118/94,253,20.7,Yes,No,9,9,Rehab,0,1,0.6020754126753547
32,Other,145/77,258,23.5,No,No,2,9,Rehab,0,1,0.5868892847814774
70,Male,157/70,249,23.1,No,No,3,10,Home,0,0,0.4121908292415789
32,Male,124/75,284,24.0,No,Yes,9,1,Home,0,0,0.4514319844192081
73,Male,126/85,295,25.3,Yes,Yes,4,5,Rehab,0,1,0.6430175519959905
47,Other,146/89,240,27.8,No,No,3,8,Home,0,0,0.42484277140910665
61,Other,129/83,173,32.3,Yes,Yes,9,8,Home,1,0,0.4619142284561963
41,Female,133/85,289,21.9,No,No,3,3,Home,0,0,0.429855920686673
70,Female,127/81,216,23.7,No,Yes,1,4,Rehab,0,1,0.6010514763181249
65,Female,151/92,227,30.0,No,Yes,1,6,Nursing_Facility,0,1,0.5719869364405501
76,Male,139/91,224,22.1,No,Yes,3,7,Home,0,0,0.46054813586780985
19,Male,139/70,205,31.4,No,Yes,3,10,Home,0,0,0.4338478008638394
55,Female,140/86,166,32.7,Yes,No,9,7,Rehab,0,1,0.5859446148928725
76,Male,147/93,183,25.2,No,No,8,3,Home,0,0,0.4050172827239089
69,Female,140/99,183,33.4,No,No,5,6,Home,0,0,0.3902965883735883
18,Other,116/82,182,24.1,No,Yes,5,8,Nursing_Facility,0,1,0.5789362059554068
27,Male,114/93,271,23.1,No,Yes,6,10,Home,0,0,0.4500500094160381
90,Other,159/82,185,39.9,No,No,8,6,Home,0,0,0.3912870779337027
67,Female,111/91,258,21.1,Yes,No,1,10,Home,0,0,0.44651747586609236
29,Female,123/72,196,29.8,Yes,No,7,6,Home,0,0,0.4470669682310166
46,Male,159/78,174,38.1,Yes,No,5,6,Home,0,0,0.42526370258691704
63,Male,115/87,163,38.1,No,No,7,9,Rehab,0,1,0.5479920773706596
27,Male,155/84,264,23.2,No,No,9,6,Rehab,0,1,0.5785931413044936
39,Female,139/71,191,33.2,No,Yes,8,7,Nursing_Facility,0,1,0.5592357303108318
62,Male,112/92,184,26.5,Yes,No,2,5,Home,0,0,0.4297840956298308
73,Male,113/91,272,23.9,Yes,Yes,2,10,Home,0,0,0.49025672243024654
45,Female,159/94,288,37.9,Yes,No,6,4,Home,0,0,0.44526743972215127
90,Other,140/71,225,39.5,No,Yes,5,6,Home,0,0,0.43002005695504675
76,Male,119/97,265,33.0,No,Yes,10,7,Home,0,0,0.44146427113965603
40,Female,114/90,186,35.8,No,No,4,7,Home,0,0,0.387393973429102
77,Other,153/83,198,30.5,No,No,6,4,Rehab,0,1,0.5602959374708685
75,Female,111/83,169,24.9,Yes,Yes,5,10,Home,1,0,0.47851955580738387
84,Male,147/86,260,31.0,Yes,Yes,5,5,Home,0,0,0.47853332620585376
88,Female,149/79,251,26.6,No,Yes,7,9,Nursing_Facility,0,1,0.580563355119404
31,Other,158/91,295,35.6,No,No,0,2,Nursing_Facility,0,1,0.5464700004946079
21,Male,149/88,204,20.3,No,No,9,6,Home,0,0,0.41327520572956133
68,Other,111/99,211,27.3,No,No,10,3,Home,0,0,0.418838279753111
66,Female,126/97,162,25.4,Yes,No,7,5,Home,0,0,0.4533685827662799
40,Female,113/93,205,19.7,Yes,Yes,9,7,Home,1,0,0.4753734378757597
24,Other,131/100,288,24.1,Yes,Yes,0,2,Rehab,0,1,0.6551990460568734
64,Other,118/88,184,26.9,Yes,No,7,5,Home,0,0,0.4412916056417268
79,Other,131/91,269,37.3,Yes,No,1,7,Home,0,0,0.44071780971554214
20,Female,124/80,245,25.9,Yes,Yes,9,1,Home,0,0,0.4786186750340506
61,Male,140/87,255,30.6,Yes,No,3,9,Home,0,0,0.4361609973982131
47,Other,159/100,255,22.7,No,Yes,5,6,Rehab,1,1,0.6240442410624377
57,Female,128/84,205,18.7,No,No,7,8,Nursing_Facility,0,1,0.5494920009582642
58,Other,160/82,296,26.6,Yes,No,9,1,Home,0,0,0.4592252643122024
83,Female,144/92,267,26.6,No,Yes,9,3,Home,0,0,0.45250743795352144
77,Other,151/79,226,24.9,Yes,No,4,9,Home,0,0,0.44794514212542247
79,Male,145/88,235,32.8,No,No,1,9,Home,0,0,0.39453394885782056
85,Male,122/73,270,26.1,Yes,Yes,0,4,Home,0,0,0.4865979359487591
22,Other,112/94,298,22.2,No,Yes,1,1,Rehab,0,1,0.6122410113518261
84,Female,122/85,227,24.9,Yes,No,9,9,Home,0,0,0.43961417949270226
75,Other,115/86,159,34.9,No,Yes,6,7,Nursing_Facility,0,1,0.5715516063835249
89,Other,126/91,241,29.9,No,No,1,6,Home,0,0,0.42289842037747966
55,Other,153/76,153,26.7,No,Yes,0,10,Nursing_Facility,0,1,0.58184705365014
89,Male,132/98,300,23.7,No,No,5,3,Rehab,0,1,0.5853988451038528
38,Male,154/76,270,18.6,No,No,8,4,Home,0,0,0.4419998888268769
86,Female,152/87,211,32.3,No,Yes,2,1,Home,0,0,0.42669921956269374
84,Other,110/89,218,37.2,No,Yes,3,2,Home,0,0,0.44327448819468573
88,Female,130/76,225,27.5,No,Yes,1,5,Rehab,0,1,0.6028495215377186
90,Female,116/98,198,22.9,Yes,No,10,10,Rehab,0,1,0.6022225819317567
41,Male,145/88,218,39.4,Yes,Yes,4,2,Home,1,0,0.453359181595975
71,Male,155/91,175,36.5,Yes,No,10,6,Home,0,0,0.41853009231453375
75,Female,114/96,219,38.5,No,Yes,5,2,Nursing_Facility,0,1,0.562126345665717
54,Other,147/90,180,36.7,Yes,Yes,6,3,Home,0,0,0.45537388289533426
40,Male,128/87,252,26.5,No,Yes,6,6,Home,0,0,0.4426117655148301
42,Female,124/88,160,21.9,Yes,Yes,2,6,Home,0,0,0.4682228828190929
71,Male,117/71,161,34.6,Yes,No,2,6,Home,0,0,0.4201406311609653
31,Other,155/88,299,29.7,No,No,8,2,Nursing_Facility,0,1,0.5691978977025463
60,Female,131/100,164,32.8,No,Yes,8,1,Home,0,0,0.43607800585567996
77,Other,126/92,225,33.8,No,No,7,6,Rehab,0,1,0.5678375646784432
81,Male,125/76,203,37.9,Yes,Yes,2,10,Home,0,0,0.4440432472530128
86,Other,119/72,161,29.9,Yes,Yes,2,1,Home,0,0,0.4799721505930523
83,Female,142/84,236,34.4,Yes,No,6,6,Home,0,0,0.433923014869871
75,Female,147/87,209,22.7,Yes,No,0,9,Home,0,0,0.44855074866824274
56,Other,136/93,250,27.3,No,No,6,5,Home,1,0,0.4255732234978383
41,Male,153/100,294,19.4,No,No,7,1,Home,0,0,0.4335466148820617
42,Male,121/81,230,23.7,No,Yes,5,3,Home,0,0,0.44399240771780324
79,Male,150/78,168,18.2,Yes,No,6,7,Home,0,0,0.4449272175778676
44,Male,149/88,152,19.6,Yes,No,0,2,Home,1,0,0.4406081634735109
65,Female,130/89,240,28.2,Yes,Yes,2,4,Nursing_Facility,0,1,0.6184428471828879
38,Male,134/85,213,19.6,No,Yes,1,9,Rehab,0,1,0.6130307304692777
26,Other,158/86,196,34.9,No,Yes,5,6,Home,0,0,0.4313430545146346
32,Male,134/76,282,21.5,Yes,Yes,0,4,Rehab,0,1,0.6407245892007192
88,Female,129/72,233,26.6,Yes,Yes,4,2,Home,1,0,0.4859506873196628
68,Other,132/86,268,35.7,No,No,6,1,Home,1,0,0.40768045132571656
46,Male,156/79,184,29.0,Yes,Yes,9,1,Rehab,0,1,0.6283829553463736
19,Female,141/84,270,22.9,Yes,No,10,4,Rehab,1,1,0.6138733678010212
72,Other,125/84,219,26.1,No,Yes,1,9,Nursing_Facility,0,1,0.5864415480511729
68,Female,118/77,150,30.2,No,Yes,8,7,Rehab,0,1,0.578011973514587
62,Other,152/72,293,21.1,No,Yes,5,6,Home,0,0,0.4572563254722536
72,Other,140/77,233,18.9,No,Yes,4,1,Home,0,0,0.4794904556625408
70,Male,159/75,164,29.9,Yes,Yes,8,8,Home,0,0,0.45979163059649164
34,Other,144/94,277,25.0,No,No,4,3,Rehab,0,1,0.5943532806680655
64,Female,151/83,166,25.2,Yes,Yes,2,7,Home,0,0,0.48123388026811736
64,Male,152/84,256,24.0,No,Yes,0,1,Home,0,0,0.44089680355515043
24,Other,114/81,185,20.0,Yes,Yes,9,8,Home,0,0,0.4902177856433698
56,Other,157/91,218,20.3,Yes,No,7,5,Home,1,0,0.4607880075417303
29,Male,133/83,175,36.0,No,Yes,3,6,Rehab,0,1,0.5823119840441965
39,Male,136/87,189,23.7,Yes,No,8,2,Home,0,0,0.44625811771336843
76,Female,127/96,265,33.7,Yes,Yes,3,5,Home,1,0,0.480921969468729
88,Male,135/77,173,36.7,No,No,7,7,Home,1,0,0.3954919993326941
64,Other,160/94,219,29.5,Yes,No,10,4,Rehab,0,1,0.6069334184817764
49,Female,149/85,209,33.8,No,Yes,0,4,Home,0,0,0.4413700333128915
83,Female,152/74,291,29.1,Yes,Yes,10,9,Home,0,0,0.4892275363156567
56,Male,112/85,190,32.1,Yes,Yes,2,10,Rehab,1,1,0.6143665846646049
66,Female,143/93,266,33.0,Yes,Yes,6,5,Nursing_Facility,0,1,0.6267683561241005
26,Female,134/76,241,26.4,No,No,8,4,Home,0,0,0.4081290176454031
59,Male,119/70,173,30.3,No,Yes,5,2,Rehab,0,1,0.5803152529531341
50,Other,128/78,262,21.6,Yes,Yes,9,6,Home,0,0,0.499364658682986
63,Female,156/83,166,21.7,No,Yes,5,1,Rehab,0,1,0.6093729188905702
42,Female,141/82,153,36.2,No,Yes,2,1,Home,0,0,0.41119625970511225
74,Male,119/71,183,36.3,No,Yes,5,7,Home,0,0,0.4203587376917726
77,Female,126/88,185,32.0,No,Yes,0,3,Home,0,0,0.4267945465536622
84,Female,111/83,284,23.3,No,Yes,0,3,Home,1,0,0.46231156906235765
80,Male,153/98,235,33.1,No,Yes,3,4,Home,0,0,0.43557290210179606
46,Other,141/83,271,28.2,Yes,Yes,9,5,Home,0,0,0.4829304325629809
76,Male,126/81,297,27.7,Yes,Yes,7,8,Home,0,0,0.48354383511548577
44,Male,125/95,286,20.7,Yes,Yes,2,7,Nursing_Facility,1,1,0.6399653160983322
79,Other,115/72,298,30.6,No,No,2,6,Home,0,0,0.431629996892239
79,Male,124/96,221,36.8,No,No,3,4,Rehab,0,1,0.5455990550878348
75,Male,132/80,242,19.7,Yes,Yes,10,6,Home,0,1,0.5013794848382344
71,Male,147/96,179,32.3,Yes,Yes,2,4,Home,0,0,0.45423590418618887
39,Other,123/83,211,36.9,No,Yes,4,4,Home,0,0,0.42950295940624766
67,Female,145/88,197,27.7,No,No,3,6,Home,0,0,0.40110050114620655
85,Other,140/73,226,24.5,Yes,No,4,1,Nursing_Facility,0,1,0.5970760808916113
39,Other,114/75,158,22.7,Yes,No,4,9,Home,0,0,0.4387778038842072
28,Other,121/89,250,34.1,Yes,Yes,8,4,Home,0,0,0.4736063219815235
37,Male,114/91,154,20.1,No,Yes,3,9,Rehab,0,1,0.5975241871645897
50,Female,128/95,294,24.5,No,Yes,5,7,Home,0,0,0.45944732721741366
81,Female,146/74,275,33.1,No,No,7,2,Home,0,0,0.40493327844544597
53,Female,139/74,248,30.9,No,Yes,3,10,Rehab,0,1,0.5965948738897956
50,Other,118/80,197,29.5,Yes,No,4,5,Home,0,0,0.44033470624480925
37,Other,158/73,295,28.2,No,No,6,3,Home,1,0,0.4201995761881808
67,Other,140/93,154,38.6,Yes,Yes,6,8,Home,0,0,0.4620611765610263
19,Male,133/97,270,23.6,Yes,No,2,2,Home,0,0,0.4520867270432622
23,Other,123/83,199,33.3,No,No,3,7,Home,0,0,0.3973578669687076
22,Female,157/100,179,20.2,No,No,8,8,Home,0,0,0.4021196460077611
76,Other,115/95,271,32.0,No,No,7,3,Home,0,0,0.42227588347588085
23,Female,156/73,250,29.3,No,Yes,8,5,Home,0,0,0.434599577986836
81,Male,133/100,231,32.1,Yes,Yes,3,8,Rehab,0,1,0.6156165570786831
70,Male,112/84,224,33.6,Yes,No,9,2,Home,0,0,0.4442098603145074
50,Female,160/94,291,22.2,No,Yes,8,5,Nursing_Facility,0,1,0.6007593379688299
21,Male,152/90,171,25.4,No,No,2,7,Rehab,0,1,0.5476410423842691
68,Other,134/77,245,39.5,No,Yes,2,1,Home,0,0,0.4370017736358457
44,Other,122/96,257,24.8,Yes,Yes,5,6,Home,0,0,0.48789007573391713
69,Male,152/93,171,32.6,No,Yes,1,2,Home,0,0,0.4228007715667628
30,Female,140/78,193,34.8,No,No,2,8,Nursing_Facility,1,1,0.5218473083799284
47,Other,113/98,179,38.1,No,No,8,2,Home,0,0,0.3918587345454258
28,Other,128/81,261,23.3,Yes,Yes,1,1,Rehab,1,1,0.6484279266638434
72,Other,124/80,202,38.3,Yes,Yes,7,2,Nursing_Facility,0,1,0.6009353992947208
73,Female,143/78,227,22.0,Yes,No,2,4,Rehab,0,1,0.6078172950512161
75,Female,130/91,279,30.4,Yes,No,4,8,Rehab,0,1,0.6007239704723919
58,Other,150/77,292,33.3,Yes,Yes,3,7,Home,0,0,0.474196690666454
45,Other,143/96,270,26.9,No,No,10,1,Home,0,0,0.4269236657468137
58,Male,118/86,194,24.7,No,No,2,5,Home,0,0,0.401987460752656
70,Male,130/75,193,31.9,Yes,No,9,9,Home,0,0,0.4216367059066568
40,Male,134/95,296,32.7,Yes,Yes,0,7,Home,0,0,0.48068395013540155
22,Other,119/70,239,38.8,Yes,Yes,8,2,Home,0,0,0.45792936575893256
60,Other,157/85,218,31.4,No,No,9,8,Home,0,0,0.40646531003614833
35,Other,130/77,253,28.1,No,No,8,9,Home,0,0,0.41097415139508
42,Female,118/81,194,30.4,Yes,Yes,3,2,Home,0,0,0.4628261397661236
75,Other,114/73,294,31.7,Yes,No,8,1,Rehab,0,1,0.6078894763705588
23,Female,142/97,198,26.7,No,No,6,1,Home,1,0,0.4041775879165384
70,Male,143/91,174,32.1,Yes,No,5,7,Rehab,1,1,0.5831362262069447
48,Other,124/87,293,38.5,Yes,Yes,8,2,Rehab,0,1,0.6243090701599958
21,Male,157/89,211,32.8,No,No,1,10,Home,0,0,0.38884990357439264
33,Male,139/94,250,32.4,Yes,Yes,3,8,Nursing_Facility,0,1,0.610064580137694
48,Male,129/73,275,32.1,Yes,No,1,6,Rehab,1,1,0.6058127515248469
75,Other,159/95,246,25.7,No,Yes,9,3,Home,0,0,0.45576128315052955
61,Male,150/90,193,27.7,Yes,Yes,2,2,Nursing_Facility,0,1,0.6254316378709885
65,Other,118/84,173,32.4,No,No,5,9,Rehab,0,1,0.5549130612051666
39,Other,111/83,259,22.8,Yes,Yes,2,8,Home,0,0,0.4968032619373236
68,Female,156/96,250,19.6,No,No,1,6,Nursing_Facility,0,1,0.5564321731006713
75,Male,157/70,167,31.1,Yes,No,8,6,Home,0,0,0.42853490426952445
59,Other,134/73,156,31.8,No,Yes,10,3,Home,1,0,0.43454403398226543
43,Other,112/100,291,21.4,Yes,Yes,2,7,Nursing_Facility,0,1,0.6357358783492031
80,Female,156/85,243,19.4,No,Yes,0,7,Rehab,1,1,0.6073090566459189
69,Male,130/85,292,27.9,Yes,Yes,5,9,Home,0,0,0.4703134400698828
84,Female,138/92,241,33.1,Yes,Yes,7,6,Nursing_Facility,0,1,0.6132653633572652
43,Other,142/94,228,38.9,No,Yes,10,8,Home,0,0,0.4297128056423098
89,Male,115/82,192,31.2,Yes,No,7,8,Rehab,0,1,0.5837312630212409
55,Male,148/91,171,27.8,No,Yes,9,4,Rehab,0,1,0.5848531815661823
50,Other,126/83,296,23.9,No,Yes,0,6,Rehab,0,1,0.6167111436005427
45,Other,135/78,182,31.8,Yes,No,6,7,Home,1,0,0.4440310393671192
38,Male,137/83,173,31.5,Yes,No,1,3,Home,0,0,0.4354063039323757
54,Other,141/90,273,19.3,Yes,No,7,5,Home,0,0,0.4713787644720222
62,Male,127/93,171,20.4,Yes,No,8,7,Home,1,0,0.4507897414980105
35,Female,113/87,191,18.4,No,No,9,5,Rehab,0,1,0.573666371207477
70,Female,137/75,291,25.0,Yes,Yes,2,1,Home,0,0,0.4882287364552617
19,Female,121/94,234,22.9,No,No,1,7,Home,0,0,0.4202628837778631
33,Female,118/98,300,29.4,Yes,Yes,8,1,Nursing_Facility,0,1,0.6205812100583414
34,Other,147/94,230,19.6,No,Yes,7,4,Home,1,0,0.471001262598057
72,Male,127/97,203,19.7,No,No,10,2,Nursing_Facility,1,1,0.555923824563373
64,Male,119/84,191,39.2,No,Yes,8,10,Home,0,0,0.4327926597839148
80,Other,155/84,168,38.8,No,Yes,5,6,Home,0,0,0.42473210073521744
56,Female,156/82,226,21.4,Yes,Yes,5,1,Home,0,0,0.48745757762442093
55,Male,117/89,254,25.9,Yes,No,6,2,Rehab,0,1,0.6038330244012446
73,Male,132/98,165,18.3,No,No,8,3,Home,0,0,0.41786407087363525
79,Male,138/75,207,39.2,No,Yes,9,2,Rehab,0,1,0.5705281515416102
25,Male,153/83,207,27.1,Yes,No,3,7,Home,0,0,0.4288297840714624
25,Other,141/73,269,33.0,No,No,6,8,Home,0,0,0.4023375399739191
40,Female,135/100,214,33.3,Yes,Yes,1,5,Home,0,0,0.4629544574700699
51,Other,154/81,201,25.7,Yes,No,6,3,Home,0,0,0.45447481351843316
74,Male,147/92,276,37.0,No,Yes,8,5,Home,0,0,0.4312741770395769
46,Female,132/76,226,21.0,No,No,2,8,Home,0,0,0.42040018960635045
50,Other,115/72,224,39.7,No,Yes,10,8,Nursing_Facility,0,1,0.5848672073107676
84,Male,140/84,211,19.1,No,Yes,5,8,Home,0,0,0.4438363065491748
47,Male,139/82,151,20.8,No,Yes,7,2,Home,1,0,0.44121341488235
87,Other,117/81,277,26.7,Yes,No,10,7,Home,0,0,0.45376895439413695
30,Other,115/99,292,24.7,No,No,3,5,Home,1,0,0.4181268070265081
70,Female,138/94,191,29.4,Yes,No,10,1,Rehab,0,1,0.6134528594378371
25,Female,149/70,282,32.1,Yes,Yes,0,7,Home,1,0,0.4758909084756108
61,Male,122/73,266,39.2,No,No,7,9,Home,0,0,0.3976573704224841
83,Female,147/72,235,28.3,Yes,Yes,2,5,Rehab,0,1,0.6422448352763198
69,Male,125/78,222,21.9,Yes,Yes,7,5,Home,1,0,0.4918696164581608
54,Female,140/91,198,30.9,Yes,No,4,7,Home,0,0,0.4367440766707568
45,Male,128/91,256,21.0,Yes,No,0,9,Home,0,0,0.4574232074897881
56,Other,157/81,198,30.3,Yes,No,10,8,Home,0,0,0.44300859115715396
47,Female,121/99,174,19.9,No,No,7,3,Rehab,0,1,0.5722447816857611
50,Other,115/81,251,28.7,No,No,8,3,Home,0,0,0.41835743220367144
90,Other,127/86,239,31.5,Yes,No,1,9,Nursing_Facility,0,1,0.5798036095379222
86,Male,138/83,165,18.8,Yes,No,5,10,Rehab,0,1,0.6124831891426186
55,Male,155/75,169,19.1,Yes,Yes,3,9,Home,0,0,0.4710066423615307
79,Other,130/79,198,21.4,No,Yes,1,7,Home,0,0,0.44812546539201087
31,Female,135/81,246,19.6,No,Yes,4,9,Home,0,0,0.4491514195222465
31,Other,136/95,276,28.8,Yes,Yes,3,2,Home,0,0,0.48401960496879554
49,Male,111/76,237,33.3,No,Yes,10,1,Home,0,0,0.4285919182112299
24,Other,158/71,167,20.9,No,Yes,7,1,Nursing_Facility,0,1,0.5903435053211272
34,Other,128/87,230,26.8,No,Yes,7,6,Rehab,1,1,0.6059421533725174
64,Other,130/85,285,20.6,No,Yes,3,5,Home,0,0,0.45404071315390393
46,Male,140/72,278,22.6,No,Yes,10,8,Home,0,0,0.4711854152417195
69,Female,143/91,248,34.9,No,Yes,5,4,Rehab,0,1,0.5908803524789794
30,Other,116/88,161,27.2,No,No,6,4,Nursing_Facility,0,1,0.5465940055197193
49,Male,112/73,297,35.5,Yes,No,2,2,Home,0,0,0.4449940860057204
51,Other,151/71,160,37.6,No,No,9,7,Home,0,0,0.4008248451494781
46,Female,130/97,170,31.8,No,No,5,8,Nursing_Facility,1,1,0.5341775719627594
45,Male,111/74,172,38.2,No,Yes,7,6,Home,0,0,0.4131972374219853
60,Other,141/99,232,25.9,Yes,No,4,7,Rehab,0,1,0.6019710808122053
37,Female,145/84,253,34.1,No,Yes,9,7,Rehab,1,1,0.6032223666090782
61,Male,125/70,266,33.9,No,No,3,5,Home,0,0,0.4135278674241681
35,Other,131/94,188,34.7,No,No,6,1,Home,0,0,0.39128063298905436
39,Other,112/84,156,33.2,Yes,Yes,0,4,Home,0,0,0.4707863823210388
44,Other,140/79,252,25.2,Yes,Yes,9,6,Rehab,0,1,0.6467060091661609
21,Male,135/95,154,27.4,Yes,No,1,5,Nursing_Facility,1,1,0.5944076006484661
60,Female,110/86,286,29.3,Yes,Yes,1,10,Home,0,0,0.485880211456081
67,Female,121/90,231,31.8,Yes,Yes,3,7,Home,0,0,0.47548065016573704
81,Male,111/80,293,22.4,No,No,2,4,Rehab,0,1,0.588801793273615
88,Male,157/74,251,28.6,No,No,7,9,Home,0,0,0.4159597821574326
58,Female,146/88,183,25.7,No,No,3,2,Home,0,0,0.4032053399732649
32,Other,135/90,238,35.1,No,Yes,10,3,Home,1,0,0.441493084731499
43,Other,131/88,226,18.3,Yes,No,2,5,Home,0,0,0.4650062032816219
84,Female,140/80,173,30.7,No,No,2,2,Home,0,0,0.40072142306310893
22,Male,139/85,161,31.5,No,No,2,9,Home,0,0,0.38522349559461116
87,Male,140/77,175,20.3,Yes,Yes,3,1,Home,0,0,0.49755918142617683
65,Other,143/86,271,33.6,Yes,Yes,10,2,Home,0,0,0.4768395513249247
44,Female,116/93,255,35.5,No,Yes,2,1,Nursing_Facility,0,1,0.5676518246348795
27,Male,129/76,258,24.6,Yes,No,8,7,Home,0,0,0.44408492560397833
66,Male,132/82,155,34.0,Yes,No,8,1,Home,0,0,0.41810864122413954
41,Female,139/93,217,34.1,Yes,Yes,0,9,Home,0,0,0.476591991158001
50,Male,135/95,237,38.5,Yes,No,1,2,Home,0,0,0.45001284664667185
52,Male,132/83,152,36.4,No,Yes,8,7,Rehab,0,1,0.5751471702698177
70,Female,157/93,276,30.2,No,No,3,7,Home,0,0,0.4113328472051888
74,Male,112/73,199,22.5,No,No,6,6,Home,0,0,0.41911812691520794
72,Other,135/72,174,25.8,No,No,4,2,Home,0,0,0.4032908157240846
54,Female,122/78,252,36.2,Yes,No,5,8,Home,0,0,0.4301596288347545
75,Female,121/97,224,23.4,No,Yes,8,6,Rehab,0,1,0.6163177832953475
61,Female,156/88,195,31.8,No,Yes,2,3,Home,0,0,0.44101858853003945
27,Male,137/98,269,18.4,Yes,No,1,3,Home,0,0,0.46998297021538016
24,Other,159/100,268,21.1,Yes,Yes,10,9,Rehab,1,1,0.660000428090718
50,Male,117/90,239,24.4,Yes,No,4,3,Home,0,0,0.4412332705430978
73,Male,139/97,293,35.4,No,No,2,7,Home,0,0,0.40667267273088115
44,Other,155/94,188,39.0,No,No,6,6,Rehab,0,1,0.5482378253366527
84,Other,147/80,277,19.1,No,No,2,5,Home,0,0,0.4267327062371896
50,Other,131/74,156,24.0,No,Yes,10,2,Home,0,0,0.4477748970507498
46,Female,149/93,203,27.7,No,Yes,2,9,Home,0,0,0.4390675968286209
67,Other,119/75,225,33.6,Yes,No,2,10,Home,0,0,0.43895044686221596
40,Male,155/70,288,19.4,No,Yes,7,7,Home,0,0,0.4649499795049582
77,Male,158/78,247,35.2,Yes,No,3,10,Home,0,0,0.4256369366079762
49,Other,147/77,210,25.1,Yes,No,3,6,Home,0,0,0.4667339066390636
72,Female,129/99,263,38.4,Yes,No,10,2,Home,1,0,0.43034181258622245
75,Other,123/98,168,31.1,No,No,10,3,Rehab,0,1,0.5616790870587433
49,Female,146/79,171,33.6,Yes,No,5,6,Home,0,0,0.42782707040909856
65,Male,141/91,225,28.5,No,No,7,2,Home,0,0,0.3983843144784945
43,Female,147/97,242,31.0,Yes,Yes,8,3,Home,0,1,0.5019414996821236
60,Male,123/96,239,37.2,No,Yes,3,9,Home,0,0,0.4212698982253594
83,Other,116/72,164,24.0,No,Yes,4,7,Home,0,0,0.45388434933724126
88,Other,116/99,274,31.5,Yes,No,7,3,Home,0,0,0.45465475638445696
86,Other,134/71,164,39.7,Yes,No,2,4,Nursing_Facility,0,1,0.5627850108560404
27,Female,131/71,259,37.9,Yes,No,0,9,Nursing_Facility,0,1,0.5686194971081885
32,Male,125/87,278,37.7,No,No,7,5,Home,0,0,0.39079235965948883
77,Male,125/71,202,22.8,No,No,5,6,Nursing_Facility,0,1,0.550852297037516
48,Male,114/75,287,31.8,Yes,No,9,1,Rehab,0,1,0.5999657904427255
40,Female,134/91,219,31.5,Yes,Yes,7,9,Home,0,0,0.47815788535934806
71,Other,142/74,206,39.2,No,No,6,2,Rehab,0,1,0.5475555045094497
57,Other,112/77,220,20.8,No,Yes,6,8,Home,0,0,0.4575156062812598
74,Other,139/95,185,29.4,No,No,2,2,Home,0,0,0.4191228891331219
54,Male,132/89,177,36.2,No,No,6,8,Home,0,0,0.3863073153612546
74,Other,147/98,295,25.9,Yes,No,2,7,Nursing_Facility,0,1,0.5986774212857489
27,Female,117/75,173,24.0,Yes,No,9,2,Rehab,0,1,0.6122891380969049
45,Female,126/95,222,33.3,No,Yes,3,10,Home,0,0,0.44394461352983716
30,Female,157/90,197,20.4,Yes,No,5,3,Nursing_Facility,0,1,0.5939469002567589
42,Other,150/93,184,29.2,Yes,No,7,4,Home,0,0,0.43434333175673423
52,Male,136/72,208,31.1,Yes,No,2,3,Home,0,0,0.42937259115779686
63,Female,114/81,200,39.5,No,No,0,6,Rehab,0,1,0.5458435805283502
33,Other,139/75,214,25.0,No,No,3,5,Home,0,0,0.4166086201466045
53,Male,125/90,256,32.5,Yes,No,8,6,Home,0,0,0.4503500205894219
42,Male,123/74,244,31.7,Yes,Yes,0,8,Home,0,0,0.4793504353824294
38,Male,137/79,231,25.6,No,Yes,10,5,Home,0,0,0.4491014814883549
87,Female,149/74,182,32.2,No,Yes,7,3,Rehab,1,1,0.5854844281724463
56,Female,155/86,262,38.8,Yes,Yes,1,10,Home,0,0,0.4653891618742709
85,Male,156/71,172,33.2,Yes,No,3,9,Home,0,0,0.4270557911732962
38,Other,156/82,286,24.1,Yes,Yes,6,1,Home,0,0,0.49626670694679326
61,Female,160/91,293,20.9,No,No,2,2,Home,0,0,0.4285252286557971
47,Male,138/91,246,39.6,Yes,No,1,4,Home,0,0,0.4181053058111161
64,Male,146/79,251,19.7,Yes,No,9,2,Nursing_Facility,0,1,0.6026239702056585
85,Other,119/91,257,21.4,Yes,Yes,1,2,Home,0,1,0.5018425544583154
51,Other,150/88,252,37.0,Yes,Yes,3,1,Home,0,0,0.4724690837605426
37,Male,117/90,204,20.6,Yes,Yes,2,2,Home,0,0,0.4756843242649331
52,Female,158/91,270,26.9,Yes,Yes,10,4,Home,0,0,0.48370004656409077
74,Female,131/70,171,35.4,Yes,Yes,7,6,Home,0,0,0.44871970684831114
54,Male,141/79,190,37.9,Yes,No,2,9,Nursing_Facility,1,1,0.5484982973530975
55,Female,129/90,208,35.4,No,No,8,9,Home,0,0,0.39395458924580984
31,Other,151/72,233,37.7,Yes,No,8,9,Home,0,0,0.433438395641603
83,Male,122/71,172,25.1,No,No,5,8,Home,0,0,0.418367613546424
78,Female,130/88,237,31.8,No,Yes,10,4,Rehab,0,1,0.5887023410751356
26,Other,135/89,191,28.2,Yes,Yes,5,6,Rehab,0,1,0.6229487853115101
36,Other,140/74,256,30.1,Yes,No,7,6,Rehab,0,1,0.607818254750225
78,Male,135/84,152,21.7,No,No,5,1,Nursing_Facility,0,1,0.5425605065575911
83,Male,124/100,200,27.3,Yes,Yes,10,6,Nursing_Facility,1,1,0.6125644268521523
25,Male,123/88,280,18.4,Yes,Yes,0,5,Home,0,0,0.492043496400923
29,Other,136/71,286,29.3,No,Yes,5,10,Home,0,0,0.4502169273674389
39,Male,116/88,191,31.9,Yes,Yes,10,1,Home,0,0,0.46723026607193346
39,Male,141/78,253,33.7,No,No,4,5,Home,0,0,0.40789451860475534
51,Female,124/77,271,24.5,Yes,No,0,7,Home,0,0,0.46072388188234437
86,Female,122/98,158,29.8,Yes,No,0,7,Home,0,0,0.42401626987823826
61,Other,128/75,177,38.4,No,Yes,1,4,Home,0,0,0.42126810357087735
36,Other,155/96,245,39.9,No,No,8,2,Home,0,0,0.39828732502459846
76,Other,115/77,279,30.5,Yes,Yes,3,10,Home,0,0,0.48020568360240584
44,Male,152/77,187,26.5,No,Yes,6,8,Home,0,0,0.4327458053617696
61,Male,136/82,248,35.1,No,Yes,9,5,Home,0,0,0.42812945504385774
83,Female,110/70,285,28.9,Yes,No,1,9,Nursing_Facility,0,1,0.5828412205192136
72,Male,154/82,214,20.8,Yes,Yes,9,10,Home,0,0,0.4743858046074042
57,Other,158/81,218,24.0,Yes,No,0,8,Rehab,0,1,0.6030018007169122
86,Female,111/98,196,36.0,Yes,Yes,5,7,Home,0,0,0.4576313420390818
57,Male,147/83,222,32.5,No,No,0,9,Home,0,0,0.3972128952525508
60,Other,148/88,201,29.7,Yes,No,3,4,Home,0,0,0.4327442986482257
32,Male,152/90,214,33.5,No,Yes,7,4,Home,1,0,0.41961921594217555
25,Female,126/72,210,20.1,Yes,Yes,2,6,Nursing_Facility,0,1,0.6381722129595861
77,Female,155/76,175,28.9,Yes,No,8,3,Nursing_Facility,0,1,0.5742895574523348
34,Male,147/78,261,19.7,No,Yes,4,10,Home,0,0,0.4482230550791813
75,Male,144/80,196,21.6,Yes,Yes,7,7,Home,0,0,0.49402348699118176
72,Other,155/81,157,35.2,Yes,Yes,9,3,Nursing_Facility,0,1,0.603328736651472
67,Female,149/95,198,23.4,Yes,Yes,9,3,Home,0,0,0.49455610067137895
58,Male,114/77,179,26.2,Yes,Yes,1,5,Home,0,0,0.4774674709123364
22,Female,111/88,295,25.0,Yes,Yes,9,8,Nursing_Facility,0,1,0.6243570719554605
82,Other,130/73,182,36.1,No,Yes,0,8,Rehab,0,1,0.5822995388058356
44,Female,139/78,285,19.0,Yes,No,4,8,Rehab,0,1,0.6188711613378387
77,Female,126/87,220,31.3,No,No,5,10,Home,1,0,0.3882895128986334
51,Female,112/70,281,30.2,Yes,Yes,0,6,Home,0,0,0.4719696131639356
22,Female,134/89,291,35.7,No,Yes,9,9,Rehab,1,1,0.6035537626843046
35,Male,127/81,182,30.2,Yes,Yes,7,5,Rehab,0,1,0.6196490036292237
33,Female,145/100,299,29.2,Yes,Yes,3,5,Rehab,0,1,0.6414084330600957
23,Male,117/85,164,38.0,No,Yes,0,1,Nursing_Facility,0,1,0.5520141347274176
35,Male,137/89,263,36.4,No,No,8,1,Home,0,0,0.400355276376388
44,Female,113/85,197,26.3,Yes,No,0,3,Home,0,0,0.4414595915548296
63,Female,146/78,185,34.1,No,Yes,7,2,Home,0,0,0.42808459905482077
89,Other,138/98,151,26.0,No,No,4,2,Nursing_Facility,0,1,0.5558450257946971
22,Male,146/90,207,24.6,No,Yes,6,9,Nursing_Facility,1,1,0.5786816016621369
68,Male,127/77,237,27.9,Yes,No,10,7,Home,0,0,0.45496505752286154
27,Other,134/72,197,23.7,No,Yes,6,10,Rehab,0,1,0.6054310709885093
46,Male,139/75,217,26.7,Yes,Yes,4,8,Rehab,1,1,0.6327380458923436
58,Female,158/95,282,31.8,No,No,7,10,Rehab,0,1,0.5660478168860453
62,Other,122/86,212,37.9,Yes,Yes,4,7,Home,0,0,0.45229012342996444
89,Other,120/80,222,20.5,No,Yes,3,6,Home,0,0,0.46146538838687917
52,Other,146/89,185,31.9,Yes,Yes,10,8,Home,1,0,0.484021475922638
73,Other,115/89,150,22.4,No,No,3,4,Home,0,0,0.405478534371024
52,Male,141/93,214,38.5,Yes,Yes,4,8,Home,0,0,0.4507357119101047
57,Male,139/99,293,24.3,Yes,Yes,9,9,Home,0,0,0.49532100033371407
90,Other,127/93,230,20.0,No,Yes,0,3,Home,0,0,0.4650904614070256
57,Male,119/80,247,23.7,Yes,No,6,6,Nursing_Facility,0,1,0.5932321140072455
44,Male,126/72,156,32.6,No,No,4,9,Home,0,0,0.40366151290302826
84,Female,134/89,169,28.4,No,No,8,10,Home,0,0,0.4082723927521833
53,Other,157/100,170,31.6,Yes,No,8,9,Home,0,0,0.42411336001954714
19,Male,129/98,198,38.6,Yes,Yes,7,2,Home,0,0,0.4747009699420447
54,Female,120/84,218,37.7,No,No,2,8,Home,1,0,0.3844517152356382
82,Male,150/92,188,30.9,Yes,Yes,3,4,Nursing_Facility,0,1,0.602897602074016
55,Male,112/73,204,32.3,Yes,Yes,3,2,Rehab,0,1,0.6306579454211523
60,Male,113/76,300,38.2,Yes,Yes,7,7,Rehab,0,1,0.6290600896272354
69,Other,137/99,290,23.6,No,No,10,1,Rehab,0,1,0.6011719526578174
83,Male,156/88,169,25.5,Yes,No,8,4,Rehab,0,1,0.6084589901591427
56,Other,155/87,170,19.7,No,No,4,1,Home,0,0,0.4185869698345498
50,Male,157/75,211,26.3,No,No,1,5,Nursing_Facility,0,1,0.553957051559939
70,Male,130/87,191,37.3,No,Yes,0,3,Rehab,0,1,0.5859436343875484
40,Female,145/75,185,37.3,No,No,6,6,Rehab,0,1,0.5317350029375334
43,Female,145/100,205,21.9,No,No,4,5,Home,0,0,0.4160193850839359
44,Female,120/79,250,27.2,No,Yes,5,9,Home,0,0,0.44862649773762964
61,Male,135/86,160,23.1,No,No,1,2,Home,0,0,0.41363779351949204
54,Male,132/81,290,31.2,Yes,Yes,7,7,Rehab,0,1,0.638967358446956
75,Other,125/73,245,36.7,Yes,No,10,10,Home,0,0,0.4253535025811768
22,Male,116/73,292,21.6,No,Yes,5,5,Home,0,0,0.45817166670704484
68,Other,132/84,283,34.1,No,Yes,1,8,Nursing_Facility,0,1,0.5782501117880535
55,Other,152/91,245,19.3,No,Yes,7,1,Home,0,0,0.4581451874740743
35,Other,129/91,174,37.6,No,Yes,5,3,Home,0,0,0.4212071789687344
27,Other,130/84,165,36.6,Yes,Yes,8,8,Home,1,0,0.4536240216831664
86,Female,119/88,202,36.9,No,Yes,1,2,Rehab,0,1,0.5942772751865558
53,Male,155/76,273,26.4,No,No,6,3,Home,0,0,0.41123932624774295
33,Male,154/98,266,21.8,Yes,Yes,7,5,Home,0,0,0.4932694554714144
46,Male,143/72,161,19.5,Yes,Yes,3,4,Home,1,0,0.47601861854143174
77,Other,144/80,273,33.2,Yes,Yes,6,5,Home,0,0,0.4940429884293588
20,Other,129/87,196,37.2,No,Yes,1,9,Nursing_Facility,0,1,0.5632907118571848
83,Male,130/96,196,35.3,No,No,2,8,Home,1,0,0.40474525339667716
57,Male,156/93,231,37.8,Yes,No,5,4,Home,0,0,0.43623812423617353
52,Other,126/85,230,27.5,Yes,Yes,4,2,Home,0,0,0.4824904617232276
47,Male,127/71,155,31.8,Yes,Yes,1,2,Home,0,0,0.4526013895085274
43,Other,117/72,239,28.3,No,Yes,5,9,Rehab,0,1,0.6134188145466337
53,Female,119/70,228,24.3,No,Yes,1,7,Home,0,0,0.4340888561973976
48,Female,119/77,273,31.7,Yes,No,10,9,Home,0,0,0.4357235210039919
57,Female,151/90,263,38.1,Yes,Yes,5,5,Rehab,0,1,0.6309426920500812
56,Other,145/87,196,23.9,Yes,Yes,6,1,Nursing_Facility,0,1,0.6181550302986826
27,Male,122/99,227,27.8,No,No,10,6,Home,0,0,0.4008060869181958
31,Female,116/96,225,20.1,Yes,No,1,3,Home,0,0,0.4474719576010419
69,Other,116/78,168,24.7,Yes,No,9,3,Rehab,0,1,0.6150326297371189
80,Other,149/76,248,18.1,Yes,No,6,3,Nursing_Facility,1,1,0.6244318195767622
87,Female,112/79,162,32.1,Yes,No,8,6,Home,0,0,0.44009912995911016
21,Female,111/96,154,35.0,No,No,6,2,Home,0,0,0.3950274874177007
65,Male,132/93,198,30.1,No,No,1,2,Rehab,0,1,0.5581292347893391
55,Female,130/95,211,32.3,Yes,No,1,2,Home,0,0,0.435825915156285
18,Male,112/97,297,34.6,No,No,0,10,Home,1,0,0.398043277442231
23,Other,154/76,223,22.8,Yes,No,3,10,Home,1,0,0.4654801564914265
52,Female,125/74,160,24.5,No,Yes,1,5,Rehab,1,1,0.5841900268283341
72,Other,150/100,156,21.4,No,Yes,8,6,Home,0,0,0.45421816302784274
47,Male,118/98,255,39.4,No,Yes,9,2,Home,0,0,0.4239308247780551
63,Male,133/93,258,20.6,Yes,Yes,1,3,Home,0,0,0.49459086264326835
26,Other,125/72,177,30.7,No,Yes,2,2,Rehab,0,1,0.5949393797464786
90,Female,113/77,251,26.3,Yes,Yes,3,5,Rehab,0,1,0.6501178031467293
23,Other,114/80,235,19.0,No,Yes,6,2,Home,0,0,0.4663863494439856
44,Other,124/82,234,23.4,No,No,2,6,Nursing_Facility,0,1,0.5576886423471918
42,Male,148/70,202,27.2,Yes,Yes,5,3,Home,1,0,0.4754093034857123
39,Other,136/85,268,35.7,No,No,4,10,Rehab,0,1,0.5687918440909624
60,Other,144/88,162,37.4,Yes,No,8,4,Home,1,0,0.4255298859321113
78,Female,153/96,220,29.3,No,No,6,8,Rehab,0,1,0.5699285890400274
81,Male,123/80,280,35.6,Yes,No,10,1,Home,1,0,0.43457770492405356
76,Other,150/71,261,35.6,Yes,No,6,9,Rehab,0,1,0.6023893240805557
42,Male,126/87,175,34.6,Yes,No,5,3,Rehab,0,1,0.5708155071254463
42,Female,157/75,152,37.7,No,No,3,6,Home,0,0,0.39062051981961987
37,Other,118/81,166,21.2,No,No,4,5,Home,1,0,0.40929942331662145
43,Male,123/85,265,35.4,No,Yes,4,5,Rehab,1,1,0.5966966275903978
31,Male,120/85,294,36.4,No,No,2,10,Home,0,0,0.40537175223200017
52,Other,159/100,284,33.6,No,No,10,5,Home,1,0,0.4221457972437371
62,Female,137/73,265,27.2,Yes,No,5,1,Home,0,0,0.4459848123268762
78,Male,121/76,160,31.4,Yes,Yes,8,9,Home,0,0,0.46523660051656657
56,Other,132/73,256,26.2,No,Yes,10,6,Rehab,0,1,0.6254490265116811
65,Other,148/71,204,24.1,Yes,Yes,6,6,Rehab,0,1,0.6451077845297007
78,Male,142/95,184,33.4,Yes,No,6,8,Home,0,0,0.4312346345047541
57,Male,144/95,269,24.3,No,No,1,4,Rehab,1,1,0.5725465263424334
65,Other,136/97,175,27.5,No,No,6,3,Home,0,0,0.4170483982391548
81,Male,113/71,160,24.6,No,Yes,6,10,Home,0,0,0.43683988954475667
39,Female,121/90,174,29.3,Yes,Yes,9,5,Home,0,0,0.4747210310112254
50,Female,114/95,225,27.5,Yes,No,5,8,Home,0,0,0.4466740942329044
20,Other,122/94,160,33.2,No,No,1,9,Home,0,0,0.39619689396218166
74,Male,111/84,159,35.4,No,Yes,2,5,Home,0,0,0.41117894575544
82,Female,143/72,270,29.3,Yes,No,5,1,Home,0,0,0.44672098322183856
41,Other,113/74,239,25.0,No,Yes,8,10,Rehab,0,1,0.6253148022864407
63,Male,137/74,201,20.2,No,No,6,7,Home,0,0,0.41055627300878655
26,Male,160/76,298,22.3,No,No,5,6,Rehab,0,1,0.5831195241203396
52,Male,118/89,204,19.0,Yes,Yes,10,2,Rehab,0,1,0.6424283840525129
73,Other,160/89,255,38.2,Yes,Yes,10,8,Rehab,0,1,0.6208105154009299
66,Other,153/100,182,38.4,Yes,Yes,1,2,Home,1,0,0.46383257112477283
48,Female,124/95,247,35.6,Yes,No,0,7,Home,0,0,0.43234051528096495
73,Other,145/97,253,39.9,Yes,No,10,7,Home,1,0,0.4419655060442963
76,Female,142/100,256,34.9,No,Yes,10,6,Rehab,0,1,0.5842263709766363
24,Male,138/77,261,30.8,No,Yes,8,2,Home,0,0,0.44549421136982525
63,Other,124/75,172,38.9,Yes,Yes,10,9,Rehab,0,1,0.6129487625154582
18,Other,127/92,276,26.4,Yes,No,3,1,Home,0,0,0.4619588038635521
84,Male,149/73,187,33.8,Yes,No,2,2,Home,1,0,0.4259289410360541
30,Male,132/71,244,30.4,No,No,9,7,Rehab,0,1,0.5664083057508897
27,Male,158/100,279,31.5,Yes,No,2,4,Rehab,1,1,0.6011872136039021
43,Other,119/74,300,27.5,No,Yes,6,3,Home,0,0,0.4680073254342318
61,Other,148/94,259,30.9,No,No,7,2,Home,0,0,0.41611168627378214
90,Female,117/95,217,24.1,Yes,Yes,4,4,Home,0,0,0.48153711564082335
49,Male,110/98,279,39.3,Yes,Yes,7,2,Home,0,0,0.46072646204869927
89,Male,160/96,221,29.9,No,Yes,10,8,Nursing_Facility,1,1,0.5721140895567728
65,Other,132/77,242,23.4,No,Yes,10,8,Home,0,0,0.46308848718202134
37,Female,130/79,232,19.2,Yes,No,3,6,Home,0,0,0.45049295134276185
41,Female,118/76,177,30.5,Yes,Yes,7,6,Home,0,0,0.45732877958129325
42,Other,158/99,258,20.0,Yes,No,3,8,Home,0,0,0.46004824430840635
28,Male,136/94,177,30.3,No,No,6,9,Home,0,0,0.39375039644017634
26,Male,123/89,228,28.0,Yes,Yes,5,10,Home,0,0,0.4660318763550848
56,Female,139/84,187,26.1,Yes,No,10,8,Home,0,0,0.44624133004363037
53,Male,132/93,262,20.0,Yes,Yes,7,1,Home,0,0,0.4939368517819159
39,Male,124/83,272,20.1,Yes,No,3,6,Rehab,1,1,0.6168032476171047
28,Male,144/81,163,35.9,Yes,No,6,9,Home,0,0,0.41743680601057714
54,Male,158/94,242,30.5,Yes,No,1,9,Nursing_Facility,0,1,0.5829538187327785
41,Male,140/79,263,31.6,No,Yes,7,2,Home,0,0,0.4404630619563929
70,Male,147/79,289,19.8,Yes,No,2,1,Home,0,0,0.4649807487510033
47,Female,128/73,250,26.8,No,Yes,5,7,Home,0,0,0.4429071215520813
78,Male,137/73,227,33.3,No,No,2,4,Home,0,0,0.39383927627843207
89,Other,117/71,258,32.4,No,No,4,7,Home,0,0,0.41016382380024696
42,Female,142/78,212,39.6,Yes,Yes,8,6,Rehab,0,1,0.609726363330564
75,Male,140/100,221,40.0,Yes,No,1,8,Home,0,0,0.4225390458217303
67,Other,120/85,172,24.3,Yes,No,9,8,Home,0,0,0.4560166426802008
45,Other,126/70,268,23.1,No,No,4,8,Rehab,0,1,0.589015154750015
24,Other,151/86,275,33.5,Yes,No,0,7,Home,0,0,0.4360434378367096
81,Other,159/92,288,33.1,Yes,No,9,9,Home,0,0,0.45229992140945785
28,Other,159/87,238,21.5,Yes,No,4,6,Rehab,1,1,0.6164547956000203
80,Female,126/81,212,25.7,No,No,2,10,Home,0,0,0.4058858485852068
59,Male,152/85,189,32.8,No,Yes,5,6,Home,1,0,0.4276774721104257
39,Female,123/75,282,25.4,Yes,No,5,4,Home,0,0,0.4473201635284452
18,Other,151/79,206,30.7,Yes,No,2,3,Rehab,0,1,0.5951093072990596
24,Female,124/82,262,24.8,No,Yes,10,10,Rehab,0,1,0.6064613657908662
89,Female,111/73,201,21.7,Yes,Yes,6,7,Home,1,0,0.490048929621186
80,Other,134/89,153,20.2,No,No,0,6,Nursing_Facility,0,1,0.5629748661090708
71,Male,146/76,251,18.5,Yes,No,0,2,Rehab,0,1,0.6234666021909391
36,Other,114/77,204,19.3,No,No,10,6,Home,0,0,0.4328076255515073
45,Male,158/73,278,38.2,No,No,2,3,Home,0,0,0.3943075943832634
32,Male,114/97,205,32.2,Yes,Yes,1,8,Home,0,0,0.4594941968606874
68,Male,136/100,155,32.7,Yes,No,10,5,Home,0,0,0.4190676000332806
49,Other,125/83,188,32.8,Yes,Yes,5,1,Home,0,0,0.4730596849407168
29,Male,110/84,249,22.9,No,Yes,4,2,Home,1,0,0.4523916657034405
60,Other,159/98,259,34.1,No,No,9,9,Home,0,0,0.41370190962885345
51,Other,143/98,253,32.4,No,No,5,5,Nursing_Facility,0,1,0.5526755506154708
82,Male,135/97,159,34.5,No,Yes,6,9,Home,0,0,0.4259210361677209
36,Other,121/80,196,23.0,No,Yes,10,2,Home,0,0,0.4617530129145785
83,Female,146/98,267,35.3,No,Yes,2,10,Home,0,0,0.4271887207956477
55,Other,122/83,284,39.3,No,No,7,3,Home,0,0,0.4004193938030324
37,Male,113/82,288,32.7,Yes,Yes,5,7,Rehab,0,1,0.6325994429245668
57,Other,153/99,264,34.3,Yes,No,9,1,Home,0,0,0.448448235839424
90,Other,145/93,151,22.5,No,No,5,5,Home,0,0,0.4114345782395456
37,Male,116/88,216,21.1,No,Yes,10,5,Home,0,0,0.45020664790224824
33,Male,112/87,274,35.3,Yes,No,6,4,Home,0,0,0.45043538602802474
37,Female,149/86,213,37.0,Yes,No,9,4,Home,0,0,0.44255138260081395
34,Male,134/94,241,33.8,No,Yes,9,2,Home,0,0,0.4309671157409747
60,Other,117/86,161,24.3,No,No,7,5,Home,1,0,0.4143726660542327
36,Male,154/71,219,20.7,Yes,Yes,0,2,Home,0,0,0.4864569881778486
83,Male,114/79,163,34.1,No,No,2,3,Home,0,0,0.39185798069031147
82,Female,154/81,274,36.4,Yes,No,1,9,Home,0,0,0.43784037143840265
61,Female,127/85,168,35.9,No,Yes,0,10,Home,0,0,0.42203357084647347
90,Female,145/86,210,18.6,No,Yes,9,8,Home,0,0,0.4469794401912577
26,Male,141/91,220,21.8,Yes,Yes,6,9,Home,0,0,0.4703800352130955
37,Other,126/82,241,31.3,No,Yes,5,7,Rehab,1,1,0.6000078809888556
77,Male,156/97,270,37.2,No,Yes,5,8,Home,0,0,0.43443175029949915
84,Other,129/99,181,21.4,No,No,1,10,Home,0,0,0.4092354307249657
39,Other,144/98,259,18.8,Yes,No,1,5,Home,0,0,0.45893430772873417
24,Female,154/89,151,38.4,Yes,No,1,10,Home,0,0,0.4048196485811479
38,Female,140/84,151,22.9,No,No,2,4,Home,0,0,0.3972635877964887
51,Male,120/97,163,21.9,No,No,3,7,Home,0,0,0.41422710626238424
74,Male,138/77,171,33.2,No,No,0,7,Home,0,0,0.392942129615989
38,Other,122/88,241,35.6,Yes,Yes,7,5,Home,0,0,0.49606643879722345
43,Other,124/71,277,28.3,No,Yes,7,1,Rehab,0,1,0.6095253254066545
46,Other,135/84,157,38.2,Yes,No,0,3,Home,0,0,0.4140141777930791
49,Other,117/89,194,38.2,Yes,No,0,6,Home,0,0,0.4205463514103354
39,Other,153/77,250,37.7,Yes,No,3,1,Home,0,0,0.43072723298117016
78,Male,128/95,293,36.6,Yes,No,4,2,Home,0,0,0.44270508310365925
35,Other,156/79,161,19.6,No,No,10,3,Rehab,0,1,0.5792514691820485
41,Male,153/76,159,24.3,Yes,Yes,3,7,Home,0,0,0.4749740605846937
61,Other,116/80,299,30.4,No,Yes,5,2,Home,0,0,0.452158489957692
26,Other,151/95,266,38.1,No,No,4,10,Home,1,0,0.3972688790091195
37,Female,115/78,187,29.4,No,No,3,3,Rehab,0,1,0.5610582037890501
66,Male,157/87,257,24.2,No,No,5,7,Home,0,0,0.4177464575848674
85,Female,149/92,220,35.4,Yes,Yes,4,10,Home,0,0,0.46145656568813753
39,Other,148/95,237,24.4,Yes,No,0,8,Home,1,0,0.44924697397654884
33,Other,111/97,211,39.0,Yes,Yes,7,3,Rehab,0,1,0.6181430384021682
46,Other,157/83,220,26.2,No,Yes,8,8,Home,0,0,0.44449403489971745
33,Other,129/78,212,27.4,No,Yes,0,1,Home,0,0,0.447586445857572
47,Female,152/78,203,25.3,No,Yes,6,10,Home,0,0,0.43462649337430165
78,Female,121/84,276,25.1,Yes,No,9,6,Home,0,0,0.44569903695993696
87,Other,138/100,251,26.3,No,Yes,9,6,Home,0,0,0.4558167015034166
87,Female,156/98,230,24.6,No,Yes,3,4,Home,0,0,0.45859026149708826
69,Other,142/91,215,32.4,Yes,No,9,2,Home,0,0,0.45715674721178634
88,Other,157/84,172,19.0,Yes,No,6,2,Home,0,0,0.4554247825448292
69,Female,148/76,267,22.4,No,Yes,0,3,Home,1,0,0.4485634632837126
55,Female,110/86,161,33.4,No,No,2,4,Home,0,0,0.3986020616724995
67,Female,138/95,289,26.5,No,No,6,3,Rehab,0,1,0.5881863741914134
41,Other,152/78,201,21.0,No,Yes,6,8,Rehab,0,1,0.6061514892843274
39,Other,122/88,289,34.2,Yes,No,0,1,Rehab,0,1,0.6265554756600987
41,Male,122/70,265,34.1,No,No,9,3,Home,0,0,0.39227838825727507
52,Other,122/100,214,39.6,Yes,Yes,4,4,Home,0,0,0.4613577578269606
33,Male,114/91,184,30.6,No,No,6,2,Rehab,0,1,0.5565352772109904
46,Other,110/72,293,38.0,No,Yes,8,1,Home,0,0,0.44936909654344515
42,Other,143/90,297,36.6,No,No,3,1,Home,0,0,0.3998001339464731
33,Other,122/87,220,26.1,Yes,Yes,8,10,Rehab,0,1,0.6289761106481806
48,Other,132/89,219,33.0,Yes,Yes,7,1,Home,0,0,0.4753717892799334
38,Male,149/92,216,34.0,Yes,Yes,2,3,Rehab,1,1,0.6199222777411004
57,Male,120/85,164,23.1,Yes,Yes,9,4,Home,0,0,0.48524919716604653
35,Female,112/80,153,23.8,Yes,Yes,0,1,Home,0,0,0.47455681442325465
61,Male,159/95,287,25.2,Yes,Yes,10,9,Rehab,1,1,0.6428623498562795
57,Female,143/71,198,39.2,No,No,10,5,Rehab,0,1,0.5499081510073951
24,Female,145/85,185,22.6,Yes,Yes,7,8,Home,0,0,0.4757131672635801
90,Female,144/89,238,26.9,Yes,Yes,4,9,Home,0,0,0.48243269025191804
84,Male,153/81,153,21.6,No,No,8,4,Rehab,0,1,0.5612059395008746
86,Other,132/75,183,22.1,No,Yes,0,8,Home,1,0,0.4563772628160822
86,Male,134/72,234,25.3,No,No,8,7,Home,0,0,0.4127410355885783
88,Other,137/84,261,38.4,No,No,7,2,Home,0,0,0.41545103912421916
67,Male,110/94,172,23.5,No,Yes,9,8,Home,0,0,0.4564760903385589
68,Female,160/97,162,29.8,No,No,6,6,Home,1,0,0.4135326547248559
44,Male,156/75,230,31.0,No,Yes,4,9,Rehab,0,1,0.5801957370927958
28,Other,122/96,288,31.6,Yes,No,5,6,Home,1,0,0.4463757122678153
61,Male,124/89,194,19.1,No,Yes,5,8,Nursing_Facility,0,1,0.586272584569587
88,Female,112/72,267,39.7,No,No,3,6,Home,0,0,0.3993664501669108
22,Female,151/97,283,24.1,No,No,9,6,Home,0,0,0.4115116499421102
58,Female,154/80,253,22.2,Yes,No,7,8,Home,0,0,0.4382564972765323
22,Male,139/87,169,27.1,No,Yes,0,7,Rehab,0,1,0.5930261957697063
22,Other,116/98,270,25.4,No,No,10,5,Home,0,0,0.4189199367599769
81,Female,129/85,194,39.3,No,No,9,2,Rehab,0,1,0.5484814270617567
85,Male,140/86,257,38.1,Yes,Yes,0,6,Home,0,0,0.4593572226446518
38,Female,160/79,295,19.4,No,Yes,4,7,Nursing_Facility,0,1,0.6050731818479411
34,Other,126/73,277,39.4,No,Yes,3,2,Rehab,0,1,0.5921284778774594
27,Other,119/85,290,23.2,No,No,3,6,Home,0,0,0.4162062038064109
21,Male,141/78,189,21.9,No,No,5,4,Rehab,0,1,0.5772426746374288
67,Other,156/91,241,19.9,No,Yes,5,9,Home,1,0,0.4526050299546985
78,Male,128/88,178,25.9,No,Yes,1,3,Rehab,1,1,0.6118223777489987
42,Female,153/89,229,27.0,Yes,No,5,1,Rehab,0,1,0.601547432843967
58,Other,126/75,267,32.3,Yes,Yes,7,10,Home,0,0,0.46782710617218565
48,Female,138/76,165,25.1,No,No,7,10,Nursing_Facility,1,1,0.5531638788841811
62,Other,140/77,212,33.8,Yes,Yes,2,5,Rehab,0,1,0.6420152614764629
80,Female,132/97,190,32.4,Yes,No,4,9,Home,0,0,0.43523926416281983
79,Male,116/84,221,35.2,No,Yes,6,7,Home,0,0,0.4281902199131293
53,Female,159/74,255,24.0,No,Yes,9,2,Home,0,0,0.4509064236301617
34,Male,159/74,300,19.9,Yes,Yes,3,2,Home,1,0,0.492163186843927
54,Other,150/90,261,24.1,Yes,No,2,4,Home,0,0,0.4722113819510493
42,Male,157/71,213,28.2,Yes,No,2,8,Home,0,0,0.423415152337815
53,Female,117/82,191,22.3,No,Yes,2,5,Nursing_Facility,0,1,0.5831299342421045
46,Male,136/93,239,27.4,No,Yes,9,9,Nursing_Facility,0,1,0.590501127709859
47,Female,111/91,214,18.1,Yes,Yes,7,9,Rehab,0,1,0.6393538951114577
63,Other,144/79,269,21.9,No,No,7,2,Home,1,0,0.4268831447237732
42,Other,140/78,252,24.9,Yes,Yes,7,10,Nursing_Facility,0,1,0.6195876443452111
41,Other,143/96,261,29.0,No,No,4,6,Home,0,0,0.41703803298850434
63,Male,123/85,266,35.8,Yes,Yes,5,2,Home,0,0,0.47459269013422895
28,Male,119/91,157,31.9,No,No,9,9,Nursing_Facility,0,1,0.535571853700758
54,Other,135/70,298,25.9,No,Yes,7,3,Home,0,0,0.4688383668912868
33,Male,113/80,295,18.9,Yes,Yes,4,7,Rehab,0,1,0.6607405564913952
83,Male,136/77,224,23.5,No,Yes,1,4,Rehab,0,1,0.5963762730804875
36,Male,115/70,281,23.2,No,Yes,8,7,Rehab,0,1,0.6130617045324842
50,Male,127/99,254,28.7,Yes,No,8,2,Home,1,0,0.4708554549917112
51,Male,123/71,195,38.3,Yes,Yes,7,6,Rehab,1,1,0.6031895359824485
47,Male,121/84,186,18.3,Yes,No,2,6,Home,0,0,0.43787548005186083
86,Other,117/91,265,30.1,Yes,No,0,9,Home,0,0,0.454784521749289
80,Female,148/97,233,24.0,Yes,Yes,9,3,Home,0,0,0.476829849805857
45,Male,157/89,200,32.6,Yes,No,2,4,Rehab,0,1,0.5854826409616507
71,Male,132/99,247,32.8,Yes,No,6,8,Home,0,0,0.4402247471521428
69,Female,135/95,182,21.6,No,No,9,2,Rehab,0,1,0.6001765250783647
41,Male,150/87,294,29.2,Yes,No,4,5,Nursing_Facility,1,1,0.5839196977434182
58,Male,144/100,173,29.3,No,Yes,8,8,Home,0,0,0.42989457950094706
67,Other,124/93,255,36.6,Yes,Yes,2,1,Rehab,0,1,0.631700956935445
38,Female,137/73,296,39.0,No,No,0,6,Home,0,0,0.39204010514825915
89,Female,128/89,289,22.7,No,No,1,10,Rehab,0,1,0.5852354055703605
83,Other,122/89,158,22.9,No,No,10,6,Home,0,0,0.4124221034428832
52,Male,135/84,186,18.1,Yes,No,1,3,Home,0,0,0.4416595612616828
65,Other,119/70,157,39.8,No,Yes,6,7,Home,0,0,0.41010971628265824
48,Other,115/83,241,39.6,No,No,0,5,Home,0,0,0.39811506862207463
40,Male,140/93,184,27.0,Yes,Yes,5,2,Nursing_Facility,0,1,0.6174801089114951
59,Male,124/74,237,33.6,Yes,Yes,6,7,Home,0,0,0.46521062392339774
23,Male,115/83,203,33.9,No,Yes,8,9,Nursing_Facility,1,1,0.5700279390109741
84,Male,113/83,231,26.0,No,No,2,4,Rehab,0,1,0.5766301806284638
88,Other,132/81,277,19.0,No,Yes,3,7,Rehab,0,1,0.628986022681212
32,Female,133/70,229,31.6,Yes,Yes,6,8,Home,0,0,0.4628468841007171
35,Male,123/85,283,36.8,No,No,9,6,Home,0,0,0.4056073996163919
80,Female,142/76,248,34.1,No,Yes,4,10,Rehab,0,1,0.5919699212560594
63,Other,151/80,178,36.3,No,No,0,5,Rehab,0,1,0.5503687133357114
78,Male,160/79,194,20.0,Yes,Yes,0,5,Rehab,0,1,0.6414491517770586
75,Female,125/75,203,39.7,No,No,10,6,Home,0,0,0.38763034345466324
55,Other,159/74,247,30.1,Yes,No,2,7,Home,0,0,0.44075644592729313
59,Male,112/92,229,39.3,Yes,No,5,5,Home,0,0,0.41740997406771274
24,Female,112/82,163,23.0,No,No,3,1,Home,0,0,0.40622052485700105
64,Female,133/88,195,22.7,Yes,Yes,9,6,Home,0,0,0.4809886277944843
52,Female,124/89,197,25.1,Yes,Yes,1,9,Nursing_Facility,0,1,0.6103714684533074
64,Male,110/89,240,38.5,Yes,No,1,5,Home,0,0,0.43393061150968054
35,Male,127/74,299,22.6,Yes,No,3,5,Home,1,0,0.4552143695099388
80,Female,127/84,201,22.5,Yes,No,2,6,Home,1,0,0.4432209530598603
47,Male,155/81,193,23.7,No,Yes,2,10,Home,0,0,0.4349552897481314
36,Male,158/73,213,28.7,No,No,4,2,Home,0,0,0.4014255896525244
24,Female,118/79,167,23.3,No,Yes,2,10,Home,0,0,0.42377110972113935
27,Female,154/96,300,18.0,Yes,No,1,7,Rehab,0,1,0.6129958834258591
76,Other,137/88,181,25.7,No,No,5,2,Home,0,0,0.4387715545743116
30,Other,155/93,160,19.7,No,Yes,0,9,Rehab,0,1,0.609588759193537
27,Other,111/84,295,21.0,Yes,Yes,10,3,Rehab,0,1,0.6514237610496973
51,Other,153/84,177,35.3,Yes,No,5,3,Home,0,0,0.43274494504427513
41,Female,110/86,193,33.7,Yes,No,5,8,Home,0,0,0.4350978723116556
65,Female,152/78,160,25.5,No,Yes,7,6,Home,0,0,0.43214505613450205
46,Other,128/90,238,29.0,No,Yes,10,8,Home,0,0,0.46148691006000253
61,Female,130/96,221,39.7,No,No,6,2,Rehab,0,1,0.5663103490915865
73,Other,144/85,240,39.7,Yes,No,8,7,Home,0,0,0.4283205552870414
61,Male,126/98,195,25.5,Yes,No,0,7,Home,0,0,0.435722919910956
59,Male,111/85,260,38.0,No,Yes,3,6,Home,0,0,0.4224816897851258
64,Male,139/91,198,18.3,Yes,Yes,2,9,Home,0,0,0.4959674729011302
84,Other,146/73,195,34.8,Yes,Yes,1,8,Home,0,0,0.4802848918335577
43,Female,146/95,282,24.0,Yes,No,6,2,Nursing_Facility,0,1,0.5969937188827269
24,Other,132/92,245,30.9,Yes,No,7,8,Home,0,0,0.4405834272349808
75,Other,120/96,156,25.3,Yes,Yes,10,7,Home,0,0,0.47878878947086284
26,Male,157/85,254,19.4,Yes,Yes,5,9,Home,0,0,0.48653637215886697
47,Other,150/99,250,30.7,Yes,No,6,2,Home,1,0,0.44313207504139374
48,Female,136/91,249,39.7,No,Yes,0,8,Home,0,0,0.42780165560202993
63,Other,138/92,241,24.1,Yes,Yes,7,5,Home,0,0,0.49227048036516896
59,Male,131/72,182,29.3,No,Yes,6,9,Home,0,0,0.4332044107411984
66,Male,147/73,240,26.2,Yes,Yes,8,9,Home,0,0,0.4873927517788565
20,Female,144/86,288,24.9,Yes,No,1,1,Home,0,0,0.4491914826307334
35,Female,145/86,153,20.6,No,No,8,3,Rehab,0,1,0.5618476448810888
71,Other,135/71,215,28.5,No,Yes,2,5,Rehab,0,1,0.6065386671807511
52,Male,126/79,179,22.3,Yes,No,8,3,Rehab,0,1,0.6107157797833215
45,Female,123/86,220,35.8,No,Yes,6,6,Home,0,0,0.43373562534489973
82,Female,122/91,264,31.5,No,No,3,2,Home,0,0,0.40497688350686895
50,Other,116/76,234,26.3,Yes,No,3,3,Home,0,0,0.44461222464238986
73,Female,127/89,251,39.4,Yes,No,4,10,Rehab,0,1,0.5890355968210383
31,Male,141/75,191,19.0,No,Yes,6,5,Nursing_Facility,0,1,0.585494736361533
38,Female,153/79,290,20.5,Yes,No,2,7,Home,0,0,0.4715273286294633
40,Female,139/86,220,28.8,No,Yes,9,5,Home,0,0,0.43326957799892407
61,Other,145/74,240,31.9,No,No,8,7,Home,0,0,0.42602840621662286
81,Female,142/72,221,26.9,Yes,Yes,8,4,Home,0,0,0.47353879337793187
28,Female,151/75,197,24.9,No,Yes,7,5,Rehab,0,1,0.6023427518172503
89,Male,127/79,193,32.6,No,Yes,9,8,Home,1,0,0.43591140713553417
36,Female,119/96,273,21.9,Yes,No,1,2,Home,0,0,0.4488559925894962
32,Other,154/86,183,24.4,Yes,Yes,1,2,Rehab,0,1,0.6400132812969269
48,Male,140/85,187,28.7,No,Yes,5,1,Home,1,0,0.43450744822174364
70,Female,112/97,193,30.9,No,Yes,8,6,Home,0,0,0.43404344369426484
85,Male,110/87,174,20.3,No,Yes,4,7,Home,0,0,0.4412810420008779
39,Other,137/89,238,33.3,No,No,2,4,Home,0,0,0.40488519341618034
55,Other,121/100,280,33.2,Yes,No,7,3,Home,0,0,0.43609902721061705
53,Female,135/76,196,24.8,Yes,Yes,1,9,Home,1,0,0.465671728701153
89,Female,141/81,232,29.7,No,No,10,3,Home,0,0,0.4147372703615144
36,Female,133/98,160,24.1,Yes,No,5,2,Home,0,0,0.44151921211312584
35,Female,130/74,208,28.4,Yes,No,1,2,Nursing_Facility,0,1,0.5837210332807199
